seed,sessions,impostor,legit,session_share,mean_chunk_ratio
42,1,user35,user20,0.0,0.09531013615733737
42,1,user35,user16,0.0,0.12405446293494705
42,1,user35,user7,0.0,0.1649016641452345
42,1,user35,user23,0.0,0.07715582450832073
42,1,user35,user29,0.0,0.1437216338880484
42,1,user35,user9,0.0,0.16338880484114976
42,1,user35,user21,0.0,0.06354009077155824
42,1,user35,user12,0.0,0.08925869894099848
42,1,user35,user15,0.0,0.060514372163388806
42,1,user20,user35,0.0,0.16775244299674266
42,1,user20,user16,0.0,0.2703583061889251
42,1,user20,user7,1.0,0.34039087947882735
42,1,user20,user23,0.0,0.1758957654723127
42,1,user20,user29,0.0,0.2703583061889251
42,1,user20,user9,0.0,0.28175895765472314
42,1,user20,user21,0.0,0.13029315960912052
42,1,user20,user12,0.0,0.24267100977198697
42,1,user20,user15,0.0,0.13192182410423453
42,1,user16,user35,0.0,0.06941266209000763
42,1,user16,user20,0.0,0.08466819221967964
42,1,user16,user7,0.0,0.12280701754385964
42,1,user16,user23,0.0,0.060259344012204424
42,1,user16,user29,0.0,0.09839816933638444
42,1,user16,user9,0.0,0.11594202898550725
42,1,user16,user21,0.0,0.04500381388253242
42,1,user16,user12,0.0,0.08848207475209764
42,1,user16,user15,0.0,0.04424103737604882
42,1,user7,user35,0.0,0.10865445356917246
42,1,user7,user20,0.0,0.1901452937460518
42,1,user7,user16,0.0,0.18951358180669614
42,1,user7,user23,0.0,0.12823752368919772
42,1,user7,user29,0.0,0.18003790271636133
42,1,user7,user9,0.0,0.19709412507896398
42,1,user7,user21,0.0,0.06948831332912192
42,1,user7,user12,0.0,0.17182564750473783
42,1,user7,user15,0.0,0.07327858496525584
42,1,user23,user35,0.0,0.07540983606557378
42,1,user23,user20,0.0,0.09672131147540984
42,1,user23,user16,0.0,0.10655737704918032
42,1,user23,user7,0.0,0.15081967213114755
42,1,user23,user29,0.0,0.12459016393442623
42,1,user23,user9,0.0,0.1540983606557377
42,1,user23,user21,0.0,0.04590163934426229
42,1,user23,user12,0.0,0.10163934426229508
42,1,user23,user15,0.0,0.06557377049180328
42,1,user29,user35,0.0,0.14987714987714987
42,1,user29,user20,0.0,0.16584766584766586
42,1,user29,user16,0.0,0.16339066339066338
42,1,user29,user7,0.0,0.23955773955773957
42,1,user29,user23,0.0,0.13636363636363635
42,1,user29,user9,0.0,0.2457002457002457
42,1,user29,user21,0.0,0.09828009828009827
42,1,user29,user12,0.0,0.15847665847665848
42,1,user29,user15,0.0,0.10442260442260443
42,1,user9,user35,0.0,0.19337748344370861
42,1,user9,user20,0.0,0.19602649006622516
42,1,user9,user16,0.0,0.22649006622516557
42,1,user9,user7,1.0,0.32847682119205296
42,1,user9,user23,0.0,0.18543046357615894
42,1,user9,user29,1.0,0.3033112582781457
42,1,user9,user21,0.0,0.08874172185430464
42,1,user9,user12,0.0,0.19602649006622516
42,1,user9,user15,0.0,0.14172185430463577
42,1,user21,user35,0.0,0.055401662049861494
42,1,user21,user20,0.0,0.04847645429362881
42,1,user21,user16,0.0,0.05955678670360111
42,1,user21,user7,0.0,0.07617728531855955
42,1,user21,user23,0.0,0.036011080332409975
42,1,user21,user29,0.0,0.07340720221606649
42,1,user21,user9,0.0,0.07479224376731301
42,1,user21,user12,0.0,0.07479224376731301
42,1,user21,user15,0.0,0.04155124653739612
42,1,user12,user35,0.0,0.07407407407407407
42,1,user12,user20,0.0,0.09958847736625515
42,1,user12,user16,0.0,0.11934156378600823
42,1,user12,user7,0.0,0.14156378600823044
42,1,user12,user23,0.0,0.07736625514403292
42,1,user12,user29,0.0,0.11440329218106995
42,1,user12,user9,0.0,0.13333333333333333
42,1,user12,user21,0.0,0.07242798353909465
42,1,user12,user15,0.0,0.08477366255144032
42,1,user15,user35,0.0,0.061461794019933555
42,1,user15,user20,0.0,0.07142857142857142
42,1,user15,user16,0.0,0.08305647840531562
42,1,user15,user7,0.0,0.11295681063122924
42,1,user15,user23,0.0,0.06312292358803986
42,1,user15,user29,0.0,0.09634551495016612
42,1,user15,user9,0.0,0.11627906976744186
42,1,user15,user21,0.0,0.03820598006644518
42,1,user15,user12,0.0,0.10132890365448505
42,2,user35,user20,0.0,0.13893307310425027
42,2,user35,user16,0.0,0.1567911087573629
42,2,user35,user7,0.0,0.1876186261311725
42,2,user35,user23,0.0,0.12233328457124235
42,2,user35,user29,0.0,0.19276919914746582
42,2,user35,user9,0.0,0.19640691285967443
42,2,user35,user21,0.0,0.07062201293615067
42,2,user35,user12,0.0,0.13702116706818235
42,2,user35,user15,0.0,0.1023429876101082
42,2,user20,user35,0.0,0.21148576360302745
42,2,user20,user16,0.5,0.2851723918499163
42,2,user20,user7,0.5,0.3374805614219295
42,2,user20,user23,0.0,0.21942326584020394
42,2,user20,user29,0.5,0.32791340038897043
42,2,user20,user9,0.5,0.3305582401673607
42,2,user20,user21,0.0,0.12742559648097107
42,2,user20,user12,0.5,0.2623770547223316
42,2,user20,user15,0.0,0.18278527480481876
42,2,user16,user35,0.0,0.1141292951762743
42,2,user16,user20,0.0,0.12191022333245205
42,2,user16,user7,0.0,0.16531646108168396
42,2,user16,user23,0.0,0.0996265130173433
42,2,user16,user29,0.0,0.1583323456745102
42,2,user16,user9,0.0,0.15741640607668486
42,2,user16,user21,0.0,0.06354475310048897
42,2,user16,user12,0.0,0.13145495819923966
42,2,user16,user15,0.0,0.08392152214938872
42,2,user7,user35,0.0,0.15387632373495952
42,2,user7,user20,0.0,0.21572142000885391
42,2,user7,user16,0.0,0.20586547022746604
42,2,user7,user23,0.0,0.16893718196785731
42,2,user7,user29,0.0,0.23944817226336917
42,2,user7,user9,0.0,0.2454404822896822
42,2,user7,user21,0.0,0.07563357723051517
42,2,user7,user12,0.0,0.18543953720882805
42,2,user7,user15,0.0,0.12941315453066787
42,2,user23,user35,0.0,0.13638286620835538
42,2,user23,user20,0.0,0.157517390066306
42,2,user23,user16,0.0,0.15538990359191313
42,2,user23,user7,0.0,0.2003640727331896
42,2,user23,user29,0.0,0.2036651344425009
42,2,user23,user9,0.0,0.2100008135703535
42,2,user23,user21,0.0,0.06519952812919497
42,2,user23,user12,0.0,0.14429077004433957
42,2,user23,user15,0.0,0.1202314607655697
42,2,user29,user35,0.0,0.2180880131843354
42,2,user29,user20,0.0,0.2478990692650938
42,2,user29,user16,0.0,0.24772264702212163
42,2,user29,user7,0.5,0.2988302344694639
42,2,user29,user23,0.0,0.22311281987288994
42,2,user29,user9,0.5,0.3094424626823926
42,2,user29,user21,0.0,0.1295563195738327
42,2,user29,user12,0.0,0.22229632912645172
42,2,user29,user15,0.0,0.18574787970584816
42,2,user9,user35,0.5,0.30307318036740927
42,2,user9,user20,1.0,0.32765134581596267
42,2,user9,user16,1.0,0.3445018557601339
42,2,user9,user7,1.0,0.41612484015511453
42,2,user9,user23,0.5,0.300473036896878
42,2,user9,user29,1.0,0.4258382109848524
42,2,user9,user21,0.0,0.12190628671234158
42,2,user9,user12,0.0,0.2632143636874006
42,2,user9,user15,0.0,0.23223512532878665
42,2,user21,user35,0.0,0.0667915650052283
42,2,user21,user20,0.0,0.06817660655647484
42,2,user21,user16,0.0,0.08187567646896957
42,2,user21,user7,0.0,0.07744996422740365
42,2,user21,user23,0.0,0.05890324888554604
42,2,user21,user29,0.0,0.09322659646676817
42,2,user21,user9,0.0,0.07814248500302691
42,2,user21,user12,0.0,0.06847929775641615
42,2,user21,user15,0.0,0.05545669681348719
42,2,user12,user35,0.0,0.11733501270878721
42,2,user12,user20,0.0,0.12989363955458727
42,2,user12,user16,0.0,0.15811092955700798
42,2,user12,user7,0.0,0.16481216715081093
42,2,user12,user23,0.0,0.11842547204066813
42,2,user12,user29,0.0,0.17323476458484627
42,2,user12,user9,0.0,0.15871459694989107
42,2,user12,user21,0.0,0.07825965262648268
42,2,user12,user15,0.0,0.11066100823045268
42,2,user15,user35,0.0,0.1273739277036743
42,2,user15,user20,0.0,0.13442753012346903
42,2,user15,user16,0.0,0.15342143105072642
42,2,user15,user7,0.0,0.19491248078544154
42,2,user15,user23,0.0,0.13069618683988693
42,2,user15,user29,0.0,0.1909406456091635
42,2,user15,user9,0.0,0.17566569147617395
42,2,user15,user21,0.0,0.0840531561461794
42,2,user15,user12,0.0,0.15135121733525064
42,3,user35,user20,0.0,0.15019545487830835
42,3,user35,user16,0.0,0.15149185502121207
42,3,user35,user7,0.0,0.18491547699571273
42,3,user35,user23,0.0,0.13889021588575168
42,3,user35,user29,0.0,0.17386432927588982
42,3,user35,user9,0.0,0.18100868917836563
42,3,user35,user21,0.0,0.0921752973666561
42,3,user35,user12,0.0,0.14753503718654523
42,3,user35,user15,0.0,0.14822398502223058
42,3,user20,user35,0.3333333333333333,0.2847601796911962
42,3,user20,user16,0.6666666666666666,0.3336648968420537
42,3,user20,user7,1.0,0.3956907092019167
42,3,user20,user23,0.6666666666666666,0.2882014089855291
42,3,user20,user29,1.0,0.3684831735049337
42,3,user20,user9,1.0,0.3955228553053065
42,3,user20,user21,0.0,0.2250455589003153
42,3,user20,user12,0.6666666666666666,0.33259230468767415
42,3,user20,user15,0.6666666666666666,0.30859945717014975
42,3,user16,user35,0.0,0.11906897040835807
42,3,user16,user20,0.0,0.14238670700910153
42,3,user16,user7,0.0,0.17785762557726773
42,3,user16,user23,0.0,0.1164552805009119
42,3,user16,user29,0.0,0.16585827872920392
42,3,user16,user9,0.0,0.16234629490076755
42,3,user16,user21,0.0,0.09230323594090828
42,3,user16,user12,0.0,0.14419935434414102
42,3,user16,user15,0.0,0.13074661349146152
42,3,user7,user35,0.0,0.2012404651893888
42,3,user7,user20,0.3333333333333333,0.27054909545609346
42,3,user7,user16,0.0,0.2528285923346485
42,3,user7,user23,0.0,0.22655289847345936
42,3,user7,user29,0.3333333333333333,0.28785153863987056
42,3,user7,user9,0.6666666666666666,0.3145507332550808
42,3,user7,user21,0.0,0.14883472711095674
42,3,user7,user12,0.0,0.23394465517543597
42,3,user7,user15,0.0,0.23508495823818643
42,3,user23,user35,0.0,0.1647931919427081
42,3,user23,user20,0.0,0.18313706622040626
42,3,user23,user16,0.0,0.17916656452138222
42,3,user23,user7,0.0,0.23877784312082714
42,3,user23,user29,0.0,0.22299727220456642
42,3,user23,user9,0.0,0.22870770096422455
42,3,user23,user21,0.0,0.10514149523993994
42,3,user23,user12,0.0,0.17702362380219502
42,3,user23,user15,0.0,0.20195907022737494
42,3,user29,user35,0.0,0.22628404239612643
42,3,user29,user20,0.0,0.26347879412678016
42,3,user29,user16,0.0,0.25460350591699105
42,3,user29,user7,0.6666666666666666,0.3090057599689824
42,3,user29,user23,0.3333333333333333,0.23946934980209936
42,3,user29,user9,0.6666666666666666,0.30328878665130854
42,3,user29,user21,0.0,0.17080950793735383
42,3,user29,user12,0.0,0.2507320020454871
42,3,user29,user15,0.3333333333333333,0.26061556184148127
42,3,user9,user35,1.0,0.34306458816011637
42,3,user9,user20,1.0,0.4266568568584001
42,3,user9,user16,1.0,0.37671819442144217
42,3,user9,user7,1.0,0.488605694105855
42,3,user9,user23,1.0,0.3496569237013259
42,3,user9,user29,1.0,0.4537058722697238
42,3,user9,user21,0.0,0.2255396958643271
42,3,user9,user12,1.0,0.33813785309945493
42,3,user9,user15,1.0,0.35886460393033004
42,3,user21,user35,0.0,0.09178252732850545
42,3,user21,user20,0.0,0.10703285236639583
42,3,user21,user16,0.0,0.10989955841540182
42,3,user21,user7,0.0,0.11091311531217492
42,3,user21,user23,0.0,0.08241941512272127
42,3,user21,user29,0.0,0.11877277295936667
42,3,user21,user9,0.0,0.11691407937873648
42,3,user21,user12,0.0,0.10839055942841203
42,3,user21,user15,0.0,0.10353353677827097
42,3,user12,user35,0.0,0.13628999718615176
42,3,user12,user20,0.0,0.15468455566587322
42,3,user12,user16,0.0,0.16982281814236308
42,3,user12,user7,0.0,0.18537399624457018
42,3,user12,user23,0.0,0.13712030408362663
42,3,user12,user29,0.0,0.18262089283027053
42,3,user12,user9,0.0,0.17350570152348765
42,3,user12,user21,0.0,0.11592396870432438
42,3,user12,user15,0.0,0.16373102343883592
42,3,user15,user35,0.0,0.15209627253778749
42,3,user15,user20,0.0,0.15951102601293665
42,3,user15,user16,0.0,0.1726845111357477
42,3,user15,user7,0.0,0.2155400426616696
42,3,user15,user23,0.0,0.1553713235394413
42,3,user15,user29,0.0,0.19608479551730107
42,3,user15,user9,0.0,0.19536249340659217
42,3,user15,user21,0.0,0.10818915623929111
42,3,user15,user12,0.0,0.17249378124792006
42,4,user35,user20,0.0,0.17771120619363454
42,4,user35,user16,0.0,0.18654339394596012
42,4,user35,user7,0.0,0.22058415644339582
42,4,user35,user23,0.0,0.16416453543692494
42,4,user35,user29,0.0,0.19608113591879844
42,4,user35,user9,0.0,0.20929574799961087
42,4,user35,user21,0.0,0.1160646259975638
42,4,user35,user12,0.0,0.18499595645554198
42,4,user35,user15,0.0,0.17552138561723812
42,4,user20,user35,0.75,0.33005939458046796
42,4,user20,user16,1.0,0.3783311199141174
42,4,user20,user7,1.0,0.41843351015220737
42,4,user20,user23,0.5,0.3097793550334884
42,4,user20,user29,1.0,0.37941272534126536
42,4,user20,user9,1.0,0.4115214331703285
42,4,user20,user21,0.0,0.24482135382415235
42,4,user20,user12,0.75,0.3644655142325508
42,4,user20,user15,0.75,0.33604798301080546
42,4,user16,user35,0.0,0.13774881650081933
42,4,user16,user20,0.0,0.16344868582286345
42,4,user16,user7,0.0,0.1979781918101485
42,4,user16,user23,0.0,0.13469866649165915
42,4,user16,user29,0.0,0.17384610930947836
42,4,user16,user9,0.0,0.18463921007319883
42,4,user16,user21,0.0,0.10458914387958065
42,4,user16,user12,0.0,0.1689723044103136
42,4,user16,user15,0.0,0.14753011924068515
42,4,user7,user35,0.0,0.2365881325877025
42,4,user7,user20,0.5,0.29005548145953886
42,4,user7,user16,0.5,0.2915570937806249
42,4,user7,user23,0.0,0.23853351075238005
42,4,user7,user29,0.5,0.2869299798189212
42,4,user7,user9,0.75,0.332122356980073
42,4,user7,user21,0.0,0.15803782729847002
42,4,user7,user12,0.25,0.2673108954207565
42,4,user7,user15,0.25,0.25440043356484454
42,4,user23,user35,0.0,0.18363863035033678
42,4,user23,user20,0.0,0.19826360029084256
42,4,user23,user16,0.0,0.2159233546645764
42,4,user23,user7,0.0,0.24865338257786163
42,4,user23,user29,0.0,0.2240760380260279
42,4,user23,user9,0.0,0.24306774940157821
42,4,user23,user21,0.0,0.11766237311750828
42,4,user23,user12,0.0,0.1996330592849887
42,4,user23,user15,0.0,0.20885468276825336
42,4,user29,user35,0.0,0.24444082814669965
42,4,user29,user20,0.5,0.27085628925660266
42,4,user29,user16,0.5,0.2779390422836823
42,4,user29,user7,0.5,0.3080226745541521
42,4,user29,user23,0.25,0.24720211079552956
42,4,user29,user9,0.5,0.30835323512067914
42,4,user29,user21,0.0,0.17411609394741479
42,4,user29,user12,0.5,0.2501319886908421
42,4,user29,user15,0.5,0.25479036833769986
42,4,user9,user35,1.0,0.38111034696433005
42,4,user9,user20,1.0,0.4701655814045347
42,4,user9,user16,1.0,0.4380573526952331
42,4,user9,user7,1.0,0.5260776782275978
42,4,user9,user23,1.0,0.38645351523278404
42,4,user9,user29,1.0,0.45682120046980457
42,4,user9,user21,0.0,0.24803803310443182
42,4,user9,user12,1.0,0.3849624724800459
42,4,user9,user15,1.0,0.40281698723148124
42,4,user21,user35,0.0,0.10293172150664248
42,4,user21,user20,0.0,0.11209733363797798
42,4,user21,user16,0.0,0.12091085252124241
42,4,user21,user7,0.0,0.12134396420488633
42,4,user21,user23,0.0,0.09417071977106865
42,4,user21,user29,0.0,0.11821289116100546
42,4,user21,user9,0.0,0.12516674369294267
42,4,user21,user12,0.0,0.12264674731135312
42,4,user21,user15,0.0,0.11333013331689663
42,4,user12,user35,0.0,0.17209183487120583
42,4,user12,user20,0.0,0.1873186887220342
42,4,user12,user16,0.0,0.21205747291189242
42,4,user12,user7,0.0,0.22114237427194802
42,4,user12,user23,0.0,0.16662687575774712
42,4,user12,user29,0.0,0.2017850647378187
42,4,user12,user9,0.0,0.20533168849489253
42,4,user12,user21,0.0,0.14059659832322058
42,4,user12,user15,0.0,0.195246315939784
42,4,user15,user35,0.0,0.18967206604736597
42,4,user15,user20,0.0,0.19409860853277283
42,4,user15,user16,0.0,0.22056662458959755
42,4,user15,user7,0.0,0.24676488464840257
42,4,user15,user23,0.0,0.18375704131943346
42,4,user15,user29,0.0,0.21054207538659203
42,4,user15,user9,0.0,0.23518572013278483
42,4,user15,user21,0.0,0.12668859618133757
42,4,user15,user12,0.0,0.2121286222958106
42,5,user35,user20,0.0,0.1770971296643432
42,5,user35,user16,0.0,0.19025010625436675
42,5,user35,user7,0.0,0.21158132414062342
42,5,user35,user23,0.0,0.1693123766866399
42,5,user35,user29,0.0,0.19046596431956217
42,5,user35,user9,0.0,0.20722300348848424
42,5,user35,user21,0.0,0.11140032502244099
42,5,user35,user12,0.0,0.1847594251516117
42,5,user35,user15,0.0,0.17697471057343273
42,5,user20,user35,0.8,0.34214274758692037
42,5,user20,user16,1.0,0.39537576691384135
42,5,user20,user7,1.0,0.42688505252990916
42,5,user20,user23,1.0,0.33361057257807886
42,5,user20,user29,1.0,0.3993872841545683
42,5,user20,user9,1.0,0.42211708122624236
42,5,user20,user21,0.0,0.26333470444084783
42,5,user20,user12,1.0,0.3863003140778307
42,5,user20,user15,1.0,0.37223918961851254
42,5,user16,user35,0.0,0.14784841785206687
42,5,user16,user20,0.0,0.17453913888091882
42,5,user16,user7,0.0,0.20759651819285035
42,5,user16,user23,0.0,0.1546975268079202
42,5,user16,user29,0.0,0.18266622432747698
42,5,user16,user9,0.0,0.19321437780740286
42,5,user16,user21,0.0,0.11232324271779856
42,5,user16,user12,0.0,0.18433053137963068
42,5,user16,user15,0.0,0.17169707721240415
42,5,user7,user35,0.2,0.23214381637644674
42,5,user7,user20,0.4,0.288785831169466
42,5,user7,user16,0.4,0.3012507489888806
42,5,user7,user23,0.2,0.2622080797785044
42,5,user7,user29,0.4,0.2902616815941935
42,5,user7,user9,0.6,0.33101714188166487
42,5,user7,user21,0.0,0.16094187242399408
42,5,user7,user12,0.4,0.27894353391190085
42,5,user7,user15,0.4,0.2704228190344081
42,5,user23,user35,0.0,0.19647402370196074
42,5,user23,user20,0.0,0.21087142447433935
42,5,user23,user16,0.0,0.226337823594105
42,5,user23,user7,0.0,0.25700139414150697
42,5,user23,user29,0.0,0.23054943260115485
42,5,user23,user9,0.0,0.25461483202439983
42,5,user23,user21,0.0,0.12156283545079112
42,5,user23,user12,0.0,0.2150786399402261
42,5,user23,user15,0.0,0.227289615869457
42,5,user29,user35,0.6,0.2735682669358425
42,5,user29,user20,0.6,0.3063466704022652
42,5,user29,user16,0.6,0.3127413351089195
42,5,user29,user7,0.6,0.3442762642998894
42,5,user29,user23,0.4,0.2854226715281388
42,5,user29,user9,0.6,0.3448978834002683
42,5,user29,user21,0.0,0.20250104427115162
42,5,user29,user12,0.6,0.30312239141076525
42,5,user29,user15,0.6,0.31324485203077135
42,5,user9,user35,1.0,0.4042170938456297
42,5,user9,user20,1.0,0.48591712716700847
42,5,user9,user16,1.0,0.47139260457541426
42,5,user9,user7,1.0,0.5406328925156274
42,5,user9,user23,1.0,0.43154399361057927
42,5,user9,user29,1.0,0.477244350212671
42,5,user9,user21,0.0,0.26456288862506944
42,5,user9,user12,1.0,0.4227134427162159
42,5,user9,user15,1.0,0.4556455831616069
42,5,user21,user35,0.0,0.10169419238451531
42,5,user21,user20,0.0,0.11360603542271967
42,5,user21,user16,0.0,0.12425251506299499
42,5,user21,user7,0.0,0.12104734983633562
42,5,user21,user23,0.0,0.09925354111321016
42,5,user21,user29,0.0,0.12111312912490761
42,5,user21,user9,0.0,0.12430284757991861
42,5,user21,user12,0.0,0.1278816236229853
42,5,user21,user15,0.0,0.11983501730211192
42,5,user12,user35,0.0,0.1766116015130988
42,5,user12,user20,0.0,0.19095865000972412
42,5,user12,user16,0.0,0.22118547738036337
42,5,user12,user7,0.0,0.22624915898739323
42,5,user12,user23,0.0,0.18321377576751838
42,5,user12,user29,0.0,0.2135198885716457
42,5,user12,user9,0.0,0.21280168649017908
42,5,user12,user21,0.0,0.14606675407379704
42,5,user12,user15,0.0,0.21298050197373222
42,5,user15,user35,0.0,0.21339864243849221
42,5,user15,user20,0.2,0.2244923909679422
42,5,user15,user16,0.2,0.25316499491917843
42,5,user15,user7,0.2,0.27102813238923573
42,5,user15,user23,0.0,0.2213564587388699
42,5,user15,user29,0.2,0.24274993613935908
42,5,user15,user9,0.2,0.2650537213550475
42,5,user15,user21,0.0,0.14758232132983887
42,5,user15,user12,0.0,0.24321192266083988
43,1,user7,user15,0.0,0.09667896678966789
43,1,user7,user23,0.0,0.10922509225092251
43,1,user7,user29,0.0,0.14464944649446496
43,1,user7,user9,0.0,0.1904059040590406
43,1,user7,user35,0.0,0.06494464944649446
43,1,user7,user20,0.0,0.13284132841328414
43,1,user7,user16,0.0,0.15129151291512916
43,1,user7,user21,0.0,0.042804428044280446
43,1,user7,user12,0.0,0.11586715867158671
43,1,user15,user7,0.0,0.1435483870967742
43,1,user15,user23,0.0,0.13064516129032258
43,1,user15,user29,0.0,0.12903225806451613
43,1,user15,user9,0.0,0.18064516129032257
43,1,user15,user35,0.0,0.054838709677419356
43,1,user15,user20,0.0,0.1032258064516129
43,1,user15,user16,0.0,0.1403225806451613
43,1,user15,user21,0.0,0.04032258064516129
43,1,user15,user12,0.0,0.13709677419354838
43,1,user23,user7,0.0,0.122
43,1,user23,user15,0.0,0.099
43,1,user23,user29,0.0,0.135
43,1,user23,user9,0.0,0.13
43,1,user23,user35,0.0,0.052
43,1,user23,user20,0.0,0.094
43,1,user23,user16,0.0,0.107
43,1,user23,user21,0.0,0.023
43,1,user23,user12,0.0,0.086
43,1,user29,user7,0.0,0.20270270270270271
43,1,user29,user15,0.0,0.14127764127764128
43,1,user29,user23,0.0,0.18304668304668303
43,1,user29,user9,0.0,0.2371007371007371
43,1,user29,user35,0.0,0.09213759213759214
43,1,user29,user20,0.0,0.16584766584766586
43,1,user29,user16,0.0,0.16339066339066338
43,1,user29,user21,0.0,0.0687960687960688
43,1,user29,user12,0.0,0.16461916461916462
43,1,user9,user7,1.0,0.30246189917936694
43,1,user9,user15,0.0,0.17936694021101993
43,1,user9,user23,0.0,0.19929660023446658
43,1,user9,user29,0.0,0.25205158264947247
43,1,user9,user35,0.0,0.11957796014067995
43,1,user9,user20,0.0,0.18405627198124266
43,1,user9,user16,0.0,0.22743259085580306
43,1,user9,user21,0.0,0.0492379835873388
43,1,user9,user12,0.0,0.1817116060961313
43,1,user35,user7,0.0,0.06713780918727916
43,1,user35,user15,0.0,0.03415783274440518
43,1,user35,user23,0.0,0.053003533568904596
43,1,user35,user29,0.0,0.07538280329799764
43,1,user35,user9,0.0,0.071849234393404
43,1,user35,user20,0.0,0.038869257950530034
43,1,user35,user16,0.0,0.061248527679623084
43,1,user35,user21,0.0,0.016489988221436984
43,1,user35,user12,0.0,0.06007067137809187
43,1,user20,user7,1.0,0.31596091205211724
43,1,user20,user15,0.0,0.18566775244299674
43,1,user20,user23,0.0,0.20846905537459284
43,1,user20,user29,0.0,0.2703583061889251
43,1,user20,user9,0.0,0.2785016286644951
43,1,user20,user35,0.0,0.10097719869706841
43,1,user20,user16,0.0,0.2703583061889251
43,1,user20,user21,0.0,0.08957654723127036
43,1,user20,user12,0.0,0.24592833876221498
43,1,user16,user7,0.0,0.11289092295957284
43,1,user16,user15,0.0,0.06559877955758962
43,1,user16,user23,0.0,0.08695652173913043
43,1,user16,user29,0.0,0.09839816933638444
43,1,user16,user9,0.0,0.12204424103737604
43,1,user16,user35,0.0,0.04271548436308162
43,1,user16,user20,0.0,0.08466819221967964
43,1,user16,user21,0.0,0.02822273073989321
43,1,user16,user12,0.0,0.07246376811594203
43,1,user21,user7,0.0,0.0583804143126177
43,1,user21,user15,0.0,0.032015065913371
43,1,user21,user23,0.0,0.03389830508474576
43,1,user21,user29,0.0,0.062146892655367235
43,1,user21,user9,0.0,0.04143126177024482
43,1,user21,user35,0.0,0.02448210922787194
43,1,user21,user20,0.0,0.03954802259887006
43,1,user21,user16,0.0,0.05273069679849341
43,1,user21,user12,0.0,0.035781544256120526
43,1,user12,user7,0.0,0.10767872903795234
43,1,user12,user15,0.0,0.09796999117387467
43,1,user12,user23,0.0,0.08296557811120918
43,1,user12,user29,0.0,0.11032656663724624
43,1,user12,user9,0.0,0.10767872903795234
43,1,user12,user35,0.0,0.05119152691968226
43,1,user12,user20,0.0,0.09267431597528684
43,1,user12,user16,0.0,0.09443954104148279
43,1,user12,user21,0.0,0.03353927625772286
43,2,user7,user15,0.0,0.18821369494483123
43,2,user7,user23,0.0,0.20040172322905495
43,2,user7,user29,0.0,0.2235344373148165
43,2,user7,user9,0.5,0.2907349172013888
43,2,user7,user35,0.0,0.1726991801937724
43,2,user7,user20,0.0,0.21749768236598624
43,2,user7,user16,0.0,0.2566411575445804
43,2,user7,user21,0.0,0.08542526311962628
43,2,user7,user12,0.0,0.222558304400778
43,2,user15,user7,0.0,0.2163938372652865
43,2,user15,user23,0.0,0.16408281174771305
43,2,user15,user29,0.0,0.16097737120847377
43,2,user15,user9,0.0,0.2263721714010592
43,2,user15,user35,0.0,0.11980019258545979
43,2,user15,user20,0.0,0.13726528647087144
43,2,user15,user16,0.0,0.19155031295137215
43,2,user15,user21,0.0,0.06539480019258546
43,2,user15,user12,0.0,0.19155031295137215
43,2,user23,user7,0.0,0.17271806853582555
43,2,user23,user15,0.0,0.12830529595015577
43,2,user23,user29,0.0,0.1450841121495327
43,2,user23,user9,0.0,0.1796791277258567
43,2,user23,user35,0.0,0.11779595015576325
43,2,user23,user20,0.0,0.13009345794392524
43,2,user23,user16,0.0,0.15337227414330218
43,2,user23,user21,0.0,0.0529797507788162
43,2,user23,user12,0.0,0.13603582554517135
43,2,user29,user7,0.0,0.2518045018045018
43,2,user29,user15,0.0,0.17492417492417495
43,2,user29,user23,0.0,0.18783468783468782
43,2,user29,user9,0.5,0.2613647613647614
43,2,user29,user35,0.0,0.16087516087516088
43,2,user29,user20,0.0,0.1887054387054387
43,2,user29,user16,0.0,0.20154845154845155
43,2,user29,user21,0.0,0.09586584586584587
43,2,user29,user12,0.0,0.19173169173169174
43,2,user9,user7,1.0,0.40747187565507015
43,2,user9,user15,0.0,0.25562137527852613
43,2,user9,user23,0.5,0.2896330054424198
43,2,user9,user29,1.0,0.3337841509902719
43,2,user9,user35,0.0,0.24688244839017726
43,2,user9,user20,0.5,0.2943984223969939
43,2,user9,user16,0.5,0.30235398243829725
43,2,user9,user21,0.0,0.11271554233985233
43,2,user9,user12,0.0,0.2703966522518886
43,2,user35,user7,0.0,0.1490700993782843
43,2,user35,user15,0.0,0.08844792039758442
43,2,user35,user23,0.0,0.11963438342519186
43,2,user35,user29,0.0,0.12813330268412246
43,2,user35,user9,0.0,0.15763940490636844
43,2,user35,user20,0.0,0.1069425808417485
43,2,user35,user16,0.0,0.12073116187238167
43,2,user35,user21,0.0,0.05641325827840532
43,2,user35,user12,0.0,0.11384221714965903
43,2,user20,user7,1.0,0.35850264261904463
43,2,user20,user15,0.0,0.22428991495456216
43,2,user20,user23,0.0,0.2598733824256328
43,2,user20,user29,0.5,0.286362945030989
43,2,user20,user9,1.0,0.3573492693190028
43,2,user20,user35,0.0,0.19357026071306355
43,2,user20,user16,0.5,0.31237721644127303
43,2,user20,user21,0.0,0.13405429726612506
43,2,user20,user12,0.5,0.2948231283032738
43,2,user16,user7,0.0,0.16224219620958752
43,2,user16,user15,0.0,0.10456455729625067
43,2,user16,user23,0.0,0.12546756732969547
43,2,user16,user29,0.0,0.12344510942909112
43,2,user16,user9,0.0,0.15768112274834242
43,2,user16,user35,0.0,0.08851966349821042
43,2,user16,user20,0.0,0.12163443202487825
43,2,user16,user21,0.0,0.0487131813647832
43,2,user16,user12,0.0,0.1256408422812885
43,2,user21,user7,0.0,0.07639629673527978
43,2,user21,user15,0.0,0.056153121831087935
43,2,user21,user23,0.0,0.061532864498966194
43,2,user21,user29,0.0,0.07733791632096718
43,2,user21,user9,0.0,0.08063193868278615
43,2,user21,user35,0.0,0.05426988265971317
43,2,user21,user20,0.0,0.0605237512017173
43,2,user21,user16,0.0,0.07242733725784573
43,2,user21,user12,0.0,0.06355109109346398
43,2,user12,user7,0.0,0.14395405226041688
43,2,user12,user15,0.0,0.1288069475771741
43,2,user12,user23,0.0,0.10939492007453172
43,2,user12,user29,0.0,0.12116049278940326
43,2,user12,user9,0.0,0.14410063547064628
43,2,user12,user35,0.0,0.08543414314719601
43,2,user12,user20,0.0,0.11483795680127934
43,2,user12,user16,0.0,0.1382139575235584
43,2,user12,user21,0.0,0.05131787386372068
43,3,user7,user15,0.3333333333333333,0.2597293443192625
43,3,user7,user23,0.0,0.252248457041703
43,3,user7,user29,0.3333333333333333,0.27263243971388956
43,3,user7,user9,0.6666666666666666,0.3144536617250946
43,3,user7,user35,0.0,0.21972853086655522
43,3,user7,user20,0.0,0.2584823648011802
43,3,user7,user16,0.3333333333333333,0.28304654283422365
43,3,user7,user21,0.0,0.13509601783015454
43,3,user7,user12,0.3333333333333333,0.27062108258666645
43,3,user15,user7,0.0,0.24144445602352452
43,3,user15,user23,0.0,0.17625107454016006
43,3,user15,user29,0.0,0.184846767983923
43,3,user15,user9,0.0,0.22552281608849326
43,3,user15,user35,0.0,0.17280502115351284
43,3,user15,user20,0.0,0.15267807624613433
43,3,user15,user16,0.0,0.19842299803280902
43,3,user15,user21,0.0,0.10426390000587508
43,3,user15,user12,0.0,0.20396974707164606
43,3,user23,user7,0.0,0.21630631734845004
43,3,user23,user15,0.0,0.17834261103450624
43,3,user23,user29,0.0,0.18859406227124934
43,3,user23,user9,0.0,0.21454180072519277
43,3,user23,user35,0.0,0.14269635531041994
43,3,user23,user20,0.0,0.15458834244080144
43,3,user23,user16,0.0,0.17864862196346798
43,3,user23,user21,0.0,0.09104856748889228
43,3,user23,user12,0.0,0.1808616516010418
43,3,user29,user7,0.6666666666666666,0.32836606076042696
43,3,user29,user15,0.6666666666666666,0.2725574979096106
43,3,user29,user23,0.0,0.25559185418340347
43,3,user29,user9,0.6666666666666666,0.31579594255650595
43,3,user29,user35,0.0,0.2253741267825775
43,3,user29,user20,0.0,0.23970506364872565
43,3,user29,user16,0.3333333333333333,0.26469289849571537
43,3,user29,user21,0.0,0.15846325705480635
43,3,user29,user12,0.3333333333333333,0.2635883762644326
43,3,user9,user7,1.0,0.4813681830537437
43,3,user9,user15,1.0,0.376132538199722
43,3,user9,user23,1.0,0.3652803239012616
43,3,user9,user29,1.0,0.39743727591975647
43,3,user9,user35,1.0,0.3277201917629956
43,3,user9,user20,1.0,0.35790739500501084
43,3,user9,user16,1.0,0.3579528987094682
43,3,user9,user21,0.0,0.1795122169962655
43,3,user9,user12,1.0,0.344983861674671
43,3,user35,user7,0.0,0.17951133361793192
43,3,user35,user15,0.0,0.14915164616180063
43,3,user35,user23,0.0,0.141115193215916
43,3,user35,user29,0.0,0.15544536054375352
43,3,user35,user9,0.0,0.18111243884953632
43,3,user35,user20,0.0,0.12942077354310957
43,3,user35,user16,0.0,0.14607220789978023
43,3,user35,user21,0.0,0.07953037861292872
43,3,user35,user12,0.0,0.14184592082353062
43,3,user20,user7,0.6666666666666666,0.3658583046099127
43,3,user20,user15,0.3333333333333333,0.29456843106526787
43,3,user20,user23,0.3333333333333333,0.27842730501709473
43,3,user20,user29,0.6666666666666666,0.3035453704825757
43,3,user20,user9,1.0,0.3575150867860344
43,3,user20,user35,0.0,0.2417181075459495
43,3,user20,user16,0.6666666666666666,0.30263058045096475
43,3,user20,user21,0.0,0.18245965646633977
43,3,user20,user12,0.6666666666666666,0.3138844472639199
43,3,user16,user7,0.0,0.1788387717533222
43,3,user16,user15,0.0,0.14077928305686857
43,3,user16,user23,0.0,0.1333956845883368
43,3,user16,user29,0.0,0.1471406584445179
43,3,user16,user9,0.0,0.16347869675889154
43,3,user16,user35,0.0,0.11583064167202135
43,3,user16,user20,0.0,0.12688706984103815
43,3,user16,user21,0.0,0.07341385479292216
43,3,user16,user12,0.0,0.14726107957919923
43,3,user21,user7,0.0,0.10430862720876337
43,3,user21,user15,0.0,0.09148287941893275
43,3,user21,user23,0.0,0.07910205842033628
43,3,user21,user29,0.0,0.09660352454615095
43,3,user21,user9,0.0,0.10493093494642863
43,3,user21,user35,0.0,0.07715426374753104
43,3,user21,user20,0.0,0.07846887337708502
43,3,user21,user16,0.0,0.08377233810352736
43,3,user21,user12,0.0,0.09900495879884584
43,3,user12,user7,0.0,0.2058140390626003
43,3,user12,user15,0.0,0.1859787549208546
43,3,user12,user23,0.0,0.154409385214087
43,3,user12,user29,0.0,0.1710372135471766
43,3,user12,user9,0.0,0.18943454299022153
43,3,user12,user35,0.0,0.14368249458042706
43,3,user12,user20,0.0,0.1539774196588665
43,3,user12,user16,0.0,0.17540853471288156
43,3,user12,user21,0.0,0.11426768186460623
43,4,user7,user15,0.25,0.2547331467046567
43,4,user7,user23,0.25,0.26521407207461534
43,4,user7,user29,0.25,0.27577211601531487
43,4,user7,user9,0.5,0.31840311559158185
43,4,user7,user35,0.25,0.23476919273590902
43,4,user7,user20,0.5,0.2677576707183527
43,4,user7,user16,0.5,0.28922423175290224
43,4,user7,user21,0.0,0.1348803715952626
43,4,user7,user12,0.5,0.27806407222409385
43,4,user15,user7,0.0,0.23965164731824246
43,4,user15,user23,0.0,0.19754210130820593
43,4,user15,user29,0.0,0.19432365268148066
43,4,user15,user9,0.0,0.23433405740590782
43,4,user15,user35,0.0,0.18967206604736597
43,4,user15,user20,0.0,0.17995657779345672
43,4,user15,user16,0.0,0.21038959888775377
43,4,user15,user21,0.0,0.11118709431631738
43,4,user15,user12,0.0,0.22023640630844277
43,4,user23,user7,0.0,0.23971807395329167
43,4,user23,user15,0.0,0.20400207454103925
43,4,user23,user29,0.0,0.2137102377944488
43,4,user23,user9,0.0,0.248083386177389
43,4,user23,user35,0.0,0.18576985336598262
43,4,user23,user20,0.0,0.19277900764819494
43,4,user23,user16,0.0,0.2116226721528174
43,4,user23,user21,0.0,0.09908373131116746
43,4,user23,user12,0.0,0.20935049903417033
43,4,user29,user7,0.75,0.3619861004192347
43,4,user29,user15,0.75,0.31353483102976004
43,4,user29,user23,0.75,0.30616811622011175
43,4,user29,user9,0.75,0.3646603874227221
43,4,user29,user35,0.25,0.2789790048239324
43,4,user29,user20,0.75,0.2958466507876558
43,4,user29,user16,0.5,0.30565162244946836
43,4,user29,user21,0.0,0.1940584266777736
43,4,user29,user12,0.75,0.31427803335925497
43,4,user9,user7,1.0,0.5076843142542103
43,4,user9,user15,1.0,0.39972912263215166
43,4,user9,user23,1.0,0.41763994909879
43,4,user9,user29,1.0,0.43707999793014607
43,4,user9,user35,1.0,0.37547536312974583
43,4,user9,user20,1.0,0.4164313184639933
43,4,user9,user16,1.0,0.40957263076032147
43,4,user9,user21,0.0,0.20141271585159654
43,4,user9,user12,1.0,0.3886268695388474
43,4,user35,user7,0.0,0.2056147089923318
43,4,user35,user15,0.0,0.17552138561723812
43,4,user35,user23,0.0,0.17692072743227003
43,4,user35,user29,0.0,0.18104838161802028
43,4,user35,user9,0.0,0.21357372538667707
43,4,user35,user20,0.0,0.1654807934580975
43,4,user35,user16,0.0,0.18069460998139653
43,4,user35,user21,0.0,0.09925877762897381
43,4,user35,user12,0.0,0.17760843762214343
43,4,user20,user7,1.0,0.37108577789530317
43,4,user20,user15,0.5,0.305588469956265
43,4,user20,user23,0.5,0.30063595879668253
43,4,user20,user29,0.75,0.32431017362735515
43,4,user20,user9,1.0,0.37449191815004335
43,4,user20,user35,0.5,0.2850758987935494
43,4,user20,user16,0.5,0.3208097207990142
43,4,user20,user21,0.0,0.1886428139037764
43,4,user20,user12,0.5,0.33390602705320244
43,4,user16,user7,0.0,0.19203024740982755
43,4,user16,user15,0.0,0.14740062379280722
43,4,user16,user23,0.0,0.15443464766785495
43,4,user16,user29,0.0,0.16176254949818464
43,4,user16,user9,0.0,0.18184703272067926
43,4,user16,user35,0.0,0.13893748443678328
43,4,user16,user20,0.0,0.15029303196625085
43,4,user16,user21,0.0,0.08329048231183772
43,4,user16,user12,0.0,0.1667247372917093
43,4,user21,user7,0.0,0.09982578304593624
43,4,user21,user15,0.0,0.09742178265727314
43,4,user21,user23,0.0,0.08762222637456263
43,4,user21,user29,0.0,0.10085002609245113
43,4,user21,user9,0.0,0.11259351735986214
43,4,user21,user35,0.0,0.08654154079894616
43,4,user21,user20,0.0,0.08928800784738197
43,4,user21,user16,0.0,0.0930655373725914
43,4,user21,user12,0.0,0.10836923254281716
43,4,user12,user7,0.0,0.21124690344854916
43,4,user12,user15,0.0,0.1943946884940909
43,4,user12,user23,0.0,0.16906826516804002
43,4,user12,user29,0.0,0.1823715969371046
43,4,user12,user9,0.0,0.20131247889475573
43,4,user12,user35,0.0,0.1639724143910456
43,4,user12,user20,0.0,0.1707981233128894
43,4,user12,user16,0.0,0.19378758804354365
43,4,user12,user21,0.0,0.12312706634566005
43,5,user7,user15,0.4,0.2881958376122574
43,5,user7,user23,0.6,0.30006670697870347
43,5,user7,user29,0.6,0.33249884414370323
43,5,user7,user9,0.8,0.3543045251272525
43,5,user7,user35,0.4,0.25744306776312686
43,5,user7,user20,0.6,0.30290781504908687
43,5,user7,user16,0.6,0.3303674453621731
43,5,user7,user21,0.0,0.15766761230359536
43,5,user7,user12,0.6,0.303465182113149
43,5,user15,user7,0.0,0.26505581204649237
43,5,user15,user23,0.0,0.21936848385165802
43,5,user15,user29,0.0,0.2447475704596136
43,5,user15,user9,0.2,0.2564309620984412
43,5,user15,user35,0.0,0.20894612669142662
43,5,user15,user20,0.0,0.20453022273604976
43,5,user15,user16,0.2,0.25231852033277274
43,5,user15,user21,0.0,0.12460002664094043
43,5,user15,user12,0.0,0.24632868119258794
43,5,user23,user7,0.0,0.26276135700124315
43,5,user23,user15,0.0,0.22824481902966215
43,5,user23,user29,0.0,0.2432650367445699
43,5,user23,user9,0.2,0.2684190651194771
43,5,user23,user35,0.0,0.19894203060484966
43,5,user23,user20,0.0,0.21165275677129283
43,5,user23,user16,0.0,0.2371725892078252
43,5,user23,user21,0.0,0.10223035920698798
43,5,user23,user12,0.0,0.222467322618947
43,5,user29,user7,0.8,0.3838960841161053
43,5,user29,user15,0.8,0.33489464669190416
43,5,user29,user23,0.6,0.3183036532273397
43,5,user29,user9,0.8,0.38143193775572143
43,5,user29,user35,0.8,0.29606817868705154
43,5,user29,user20,0.8,0.32568900932010963
43,5,user29,user16,0.8,0.34611373838041076
43,5,user29,user21,0.0,0.20710968810370148
43,5,user29,user12,0.8,0.3357275864466517
43,5,user9,user7,1.0,0.5352350402239784
43,5,user9,user15,1.0,0.4447934290237566
43,5,user9,user23,1.0,0.44484996067540444
43,5,user9,user29,1.0,0.49036055076175505
43,5,user9,user35,1.0,0.39485159092085037
43,5,user9,user20,1.0,0.4562034836736907
43,5,user9,user16,1.0,0.4629472210802021
43,5,user9,user21,0.0,0.2231416416044944
43,5,user9,user12,1.0,0.4196757246058686
43,5,user35,user7,0.0,0.20881488326378927
43,5,user35,user15,0.0,0.18344770260419802
43,5,user35,user23,0.0,0.17786005643466887
43,5,user35,user29,0.0,0.19685312895308207
43,5,user35,user9,0.0,0.20858473631412258
43,5,user35,user20,0.0,0.17294830636791086
43,5,user35,user16,0.0,0.18979085728174236
43,5,user35,user21,0.0,0.09928131178296422
43,5,user35,user12,0.0,0.17664751524575661
43,5,user20,user7,1.0,0.4083244852345776
43,5,user20,user15,1.0,0.34914214416352296
43,5,user20,user23,0.8,0.3364185442506476
43,5,user20,user29,1.0,0.3880295524331749
43,5,user20,user9,1.0,0.40585584961797616
43,5,user20,user35,0.6,0.3251993369561349
43,5,user20,user16,0.8,0.37363428553384564
43,5,user20,user21,0.0,0.21207666994926305
43,5,user20,user12,0.8,0.36754850048356075
43,5,user16,user7,0.0,0.2071758601325449
43,5,user16,user15,0.0,0.1648259553224589
43,5,user16,user23,0.0,0.16600236118883283
43,5,user16,user29,0.0,0.19206362129923255
43,5,user16,user9,0.0,0.19839289482569714
43,5,user16,user35,0.0,0.14769863237857622
43,5,user16,user20,0.0,0.16729003223453992
43,5,user16,user21,0.0,0.09394478425832567
43,5,user16,user12,0.0,0.18225225859644642
43,5,user21,user7,0.0,0.10777643748143562
43,5,user21,user15,0.0,0.10329463868255803
43,5,user21,user23,0.0,0.09090146441334818
43,5,user21,user29,0.0,0.11827966691010305
43,5,user21,user9,0.0,0.11160113359040444
43,5,user21,user35,0.0,0.08746092051971671
43,5,user21,user20,0.0,0.09487380341997151
43,5,user21,user16,0.0,0.10380627243492695
43,5,user21,user12,0.0,0.11492983972489298
43,5,user12,user7,0.0,0.22268253771578683
43,5,user12,user15,0.0,0.20757954417742094
43,5,user12,user23,0.0,0.1802824317310037
43,5,user12,user29,0.0,0.2211684581114785
43,5,user12,user9,0.0,0.21402022628553746
43,5,user12,user35,0.0,0.17227202617679144
43,5,user12,user20,0.0,0.18374501433870719
43,5,user12,user16,0.0,0.2161252277685588
43,5,user12,user21,0.0,0.13216141801401815
44,1,user21,user23,0.0,0.029085872576177285
44,1,user21,user12,0.0,0.06786703601108034
44,1,user21,user16,0.0,0.055401662049861494
44,1,user21,user9,0.0,0.05955678670360111
44,1,user21,user20,0.0,0.05263157894736842
44,1,user21,user35,0.0,0.04986149584487535
44,1,user21,user15,0.0,0.07617728531855955
44,1,user21,user7,0.0,0.07340720221606649
44,1,user21,user29,0.0,0.09418282548476455
44,1,user23,user21,0.0,0.04205607476635514
44,1,user23,user12,0.0,0.07476635514018691
44,1,user23,user16,0.0,0.08255451713395638
44,1,user23,user9,0.0,0.11059190031152648
44,1,user23,user20,0.0,0.08411214953271028
44,1,user23,user35,0.0,0.07476635514018691
44,1,user23,user15,0.0,0.10747663551401869
44,1,user23,user7,0.0,0.1261682242990654
44,1,user23,user29,0.0,0.13239875389408098
44,1,user12,user21,0.0,0.05119152691968226
44,1,user12,user23,0.0,0.05648720211827008
44,1,user12,user16,0.0,0.0970873786407767
44,1,user12,user9,0.0,0.11297440423654016
44,1,user12,user20,0.0,0.07766990291262135
44,1,user12,user35,0.0,0.09355692850838482
44,1,user12,user15,0.0,0.10767872903795234
44,1,user12,user7,0.0,0.11915269196822595
44,1,user12,user29,0.0,0.13415710503089143
44,1,user16,user21,0.0,0.040865384615384616
44,1,user16,user23,0.0,0.058493589743589744
44,1,user16,user12,0.0,0.10016025641025642
44,1,user16,user9,0.0,0.09615384615384616
44,1,user16,user20,0.0,0.07692307692307693
44,1,user16,user35,0.0,0.08012820512820513
44,1,user16,user15,0.0,0.10176282051282051
44,1,user16,user7,0.0,0.13141025641025642
44,1,user16,user29,0.0,0.11618589743589744
44,1,user9,user21,0.0,0.09649122807017543
44,1,user9,user23,0.0,0.14619883040935672
44,1,user9,user12,0.0,0.21198830409356725
44,1,user9,user16,0.0,0.2046783625730994
44,1,user9,user20,0.0,0.20321637426900585
44,1,user9,user35,0.0,0.17105263157894737
44,1,user9,user15,0.0,0.28362573099415206
44,1,user9,user7,0.0,0.2894736842105263
44,1,user9,user29,1.0,0.3172514619883041
44,1,user20,user21,0.0,0.08754863813229571
44,1,user20,user23,0.0,0.14007782101167315
44,1,user20,user12,0.0,0.20622568093385213
44,1,user20,user16,0.0,0.21011673151750973
44,1,user20,user9,0.0,0.23929961089494164
44,1,user20,user35,0.0,0.15953307392996108
44,1,user20,user15,0.0,0.1867704280155642
44,1,user20,user7,0.0,0.2607003891050584
44,1,user20,user29,0.0,0.28599221789883267
44,1,user35,user21,0.0,0.05631868131868132
44,1,user35,user23,0.0,0.07005494505494506
44,1,user35,user12,0.0,0.11675824175824176
44,1,user35,user16,0.0,0.10851648351648352
44,1,user35,user9,0.0,0.13324175824175824
44,1,user35,user20,0.0,0.07417582417582418
44,1,user35,user15,0.0,0.14148351648351648
44,1,user35,user7,0.0,0.15796703296703296
44,1,user35,user29,0.0,0.1662087912087912
44,1,user15,user21,0.0,0.04683038263849229
44,1,user15,user23,0.0,0.059394631639063396
44,1,user15,user12,0.0,0.07424328954882924
44,1,user15,user16,0.0,0.08509423186750428
44,1,user15,user9,0.0,0.1016561964591662
44,1,user15,user20,0.0,0.058823529411764705
44,1,user15,user35,0.0,0.0799543118218161
44,1,user15,user7,0.0,0.11878926327812679
44,1,user15,user29,0.0,0.13363792118789264
44,1,user7,user21,0.0,0.09359605911330049
44,1,user7,user23,0.0,0.14187192118226602
44,1,user7,user12,0.0,0.20295566502463055
44,1,user7,user16,0.0,0.21379310344827587
44,1,user7,user9,0.0,0.22857142857142856
44,1,user7,user20,0.0,0.15862068965517243
44,1,user7,user35,0.0,0.1684729064039409
44,1,user7,user15,0.0,0.2246305418719212
44,1,user7,user29,0.0,0.2561576354679803
44,1,user29,user21,0.0,0.09632224168126094
44,1,user29,user23,0.0,0.1190893169877408
44,1,user29,user12,0.0,0.17425569176882663
44,1,user29,user16,0.0,0.16549912434325745
44,1,user29,user9,0.0,0.21541155866900175
44,1,user29,user20,0.0,0.14185639229422067
44,1,user29,user35,0.0,0.13922942206654992
44,1,user29,user15,0.0,0.20928196147110334
44,1,user29,user7,0.0,0.21015761821366025
44,2,user21,user23,0.0,0.05760271584371307
44,2,user21,user12,0.0,0.0823857582860353
44,2,user21,user16,0.0,0.07389390388005346
44,2,user21,user9,0.0,0.08700579199194158
44,2,user21,user20,0.0,0.06663938554520271
44,2,user21,user35,0.0,0.06365379772581989
44,2,user21,user15,0.0,0.08344148925866378
44,2,user21,user7,0.0,0.07494963485268194
44,2,user21,user29,0.0,0.10745210468202157
44,2,user23,user21,0.0,0.06955467034370053
44,2,user23,user12,0.0,0.1257060415709106
44,2,user23,user16,0.0,0.14779888667585925
44,2,user23,user9,0.0,0.16874265869975996
44,2,user23,user20,0.0,0.1285353148460242
44,2,user23,user35,0.0,0.11451662325723916
44,2,user23,user15,0.0,0.15685613605025278
44,2,user23,user7,0.0,0.15993054491598999
44,2,user23,user29,0.0,0.18001378887697256
44,2,user12,user21,0.0,0.07455066998315013
44,2,user12,user23,0.0,0.09862526411511408
44,2,user12,user16,0.0,0.1447852309502795
44,2,user12,user9,0.0,0.1411477974805424
44,2,user12,user20,0.0,0.11429497980689507
44,2,user12,user35,0.0,0.11467276471689535
44,2,user12,user15,0.0,0.14556086014603226
44,2,user12,user7,0.0,0.14632311642461687
44,2,user12,user29,0.0,0.1727881195003878
44,2,user16,user21,0.0,0.052190170940170935
44,2,user16,user23,0.0,0.0998397435897436
44,2,user16,user12,0.0,0.13253205128205128
44,2,user16,user9,0.0,0.13856837606837608
44,2,user16,user20,0.0,0.10844017094017094
44,2,user16,user35,0.0,0.0952991452991453
44,2,user16,user15,0.0,0.13178418803418804
44,2,user16,user7,0.0,0.13995726495726496
44,2,user16,user29,0.0,0.14914529914529914
44,2,user9,user21,0.0,0.15399646342205192
44,2,user9,user23,0.0,0.27775931284377364
44,2,user9,user12,1.0,0.3028879156782496
44,2,user9,user16,1.0,0.3094429672497241
44,2,user9,user20,1.0,0.30804071843799696
44,2,user9,user35,0.0,0.23372044524386748
44,2,user9,user15,1.0,0.3492631405159754
44,2,user9,user7,1.0,0.3559615668691293
44,2,user9,user29,1.0,0.38455397408826675
44,2,user20,user21,0.0,0.11627730168508224
44,2,user20,user23,0.0,0.19612376503980725
44,2,user20,user12,0.0,0.2541600711149926
44,2,user20,user16,0.0,0.24130946718339402
44,2,user20,user9,0.5,0.30656449084940307
44,2,user20,user35,0.0,0.19320547710206404
44,2,user20,user15,0.0,0.2555422128303299
44,2,user20,user7,0.0,0.2631781071871369
44,2,user20,user29,0.5,0.3005817081634085
44,2,user35,user21,0.0,0.06564850049832383
44,2,user35,user23,0.0,0.09253533568904593
44,2,user35,user12,0.0,0.13168854114083797
44,2,user35,user16,0.0,0.11441709056550045
44,2,user35,user9,0.0,0.14228601198565863
44,2,user35,user20,0.0,0.09950458846218563
44,2,user35,user15,0.0,0.13414213877994796
44,2,user35,user7,0.0,0.13846040590740238
44,2,user35,user29,0.0,0.1455243078476294
44,2,user15,user21,0.0,0.08255282695602513
44,2,user15,user23,0.0,0.11946563584135292
44,2,user15,user12,0.0,0.1599657338663621
44,2,user15,user16,0.0,0.1589147352898557
44,2,user15,user9,0.0,0.16601515551880802
44,2,user15,user20,0.0,0.12097735196092638
44,2,user15,user35,0.0,0.12491028580683106
44,2,user15,user7,0.0,0.1616406829359769
44,2,user15,user29,0.0,0.18125250389969058
44,2,user7,user21,0.0,0.09230979748221127
44,2,user7,user23,0.0,0.16491574374919937
44,2,user7,user12,0.0,0.20333764222245515
44,2,user7,user16,0.0,0.2027466256739918
44,2,user7,user9,0.0,0.22333496372381184
44,2,user7,user20,0.0,0.17043286867204696
44,2,user7,user35,0.0,0.15654310635968743
44,2,user7,user15,0.0,0.19259919179214852
44,2,user7,user29,0.5,0.23062513829204953
44,2,user29,user21,0.0,0.144890357909277
44,2,user29,user23,0.0,0.20968758650364927
44,2,user29,user12,0.0,0.2595897431680959
44,2,user29,user16,0.0,0.23972028317012406
44,2,user29,user9,0.5,0.2972888899851728
44,2,user29,user20,0.0,0.2284861141944095
44,2,user29,user35,0.0,0.19914270601229483
44,2,user29,user15,0.0,0.27419635540426834
44,2,user29,user7,0.5,0.2808658724090016
44,3,user21,user23,0.0,0.07909337603219944
44,3,user21,user12,0.0,0.09479919600113036
44,3,user21,user16,0.0,0.09110575186447294
44,3,user21,user9,0.0,0.10269012791431685
44,3,user21,user20,0.0,0.09194476361949012
44,3,user21,user35,0.0,0.07767485742977549
44,3,user21,user15,0.0,0.09644593737743651
44,3,user21,user7,0.0,0.09239776174843549
44,3,user21,user29,0.0,0.10117837396113372
44,3,user23,user21,0.0,0.09355696077426401
44,3,user23,user12,0.0,0.15718057084897427
44,3,user23,user16,0.0,0.16266724325457668
44,3,user23,user9,0.0,0.2073361626311024
44,3,user23,user20,0.0,0.1636927442877933
44,3,user23,user35,0.0,0.14902596690840986
44,3,user23,user15,0.0,0.1854900207304663
44,3,user23,user7,0.0,0.18782183384593076
44,3,user23,user29,0.0,0.1830770591126302
44,3,user12,user21,0.0,0.10010776479999454
44,3,user12,user23,0.0,0.12432331112988822
44,3,user12,user16,0.0,0.1832493260985301
44,3,user12,user9,0.0,0.1697108434106244
44,3,user12,user20,0.0,0.14831232134360506
44,3,user12,user35,0.0,0.13863598666318422
44,3,user12,user15,0.0,0.18566921324431704
44,3,user12,user7,0.0,0.17587859790631852
44,3,user12,user29,0.0,0.18627342695696134
44,3,user16,user21,0.0,0.07914524239225434
44,3,user16,user23,0.0,0.11413441674895858
44,3,user16,user12,0.0,0.15975066968592866
44,3,user16,user9,0.0,0.15884262096911497
44,3,user16,user20,0.0,0.1424075776665418
44,3,user16,user35,0.0,0.11842125798799107
44,3,user16,user15,0.0,0.16153427600140746
44,3,user16,user7,0.0,0.16984533376465646
44,3,user16,user29,0.0,0.1615164697336012
44,3,user9,user21,0.0,0.19717384442564026
44,3,user9,user23,1.0,0.33046730696225274
44,3,user9,user12,1.0,0.3481870184041444
44,3,user9,user16,1.0,0.35473020921132287
44,3,user9,user20,1.0,0.3814367383819404
44,3,user9,user35,0.6666666666666666,0.31155864366290736
44,3,user9,user15,1.0,0.40692664308226917
44,3,user9,user7,1.0,0.43782035406065517
44,3,user9,user29,1.0,0.39655669948908967
44,3,user20,user21,0.0,0.16625200317942482
44,3,user20,user23,0.0,0.2461196935970088
44,3,user20,user12,0.6666666666666666,0.2993405610416545
44,3,user20,user16,0.6666666666666666,0.29044893498248975
44,3,user20,user9,1.0,0.352178052053159
44,3,user20,user35,0.0,0.2540756957749178
44,3,user20,user15,0.6666666666666666,0.3106498306008871
44,3,user20,user7,0.6666666666666666,0.32437144548981717
44,3,user20,user29,0.6666666666666666,0.3220372455944768
44,3,user35,user21,0.0,0.09244672583160152
44,3,user35,user23,0.0,0.13394720215216518
44,3,user35,user12,0.0,0.16518254018187195
44,3,user35,user16,0.0,0.15360546834635777
44,3,user35,user9,0.0,0.1863047694645873
44,3,user35,user20,0.0,0.1520335866618937
44,3,user35,user15,0.0,0.1739271782425693
44,3,user35,user7,0.0,0.1800963322268979
44,3,user35,user29,0.0,0.17205690636032286
44,3,user15,user21,0.0,0.11307359515517162
44,3,user15,user23,0.0,0.1640819026475836
44,3,user15,user12,0.0,0.21433307549114036
44,3,user15,user16,0.0,0.2158721804368097
44,3,user15,user9,0.0,0.2243023935075655
44,3,user15,user20,0.0,0.18446423140735624
44,3,user15,user35,0.0,0.1834310870268426
44,3,user15,user7,0.0,0.22691228061211602
44,3,user15,user29,0.0,0.21243544117045587
44,3,user7,user21,0.0,0.11207138703815504
44,3,user7,user23,0.0,0.18952490160753896
44,3,user7,user12,0.3333333333333333,0.2228439579228619
44,3,user7,user16,0.3333333333333333,0.2392165634265084
44,3,user7,user9,0.3333333333333333,0.2625850209171134
44,3,user7,user20,0.0,0.22253742245349648
44,3,user7,user35,0.0,0.18931046558133544
44,3,user7,user15,0.3333333333333333,0.231656914619665
44,3,user7,user29,0.3333333333333333,0.24296112143247695
44,3,user29,user21,0.0,0.14372438514015787
44,3,user29,user23,0.0,0.2210395853887368
44,3,user29,user12,0.3333333333333333,0.2567928300507016
44,3,user29,user16,0.3333333333333333,0.24725626283243718
44,3,user29,user9,0.6666666666666666,0.28877660977523495
44,3,user29,user20,0.3333333333333333,0.2477818334098981
44,3,user29,user35,0.0,0.2220769440023762
44,3,user29,user15,0.6666666666666666,0.269769520259927
44,3,user29,user7,0.6666666666666666,0.29197532363917533
44,4,user21,user23,0.0,0.085993985485563
44,4,user21,user12,0.0,0.09887175261962391
44,4,user21,user16,0.0,0.10538364430064566
44,4,user21,user9,0.0,0.10423651830084259
44,4,user21,user20,0.0,0.08854645728131688
44,4,user21,user35,0.0,0.08654154079894616
44,4,user21,user15,0.0,0.10416143797878055
44,4,user21,user7,0.0,0.09933363766072544
44,4,user21,user29,0.0,0.10585037510389461
44,4,user23,user21,0.0,0.09965387519605956
44,4,user23,user12,0.0,0.18607079791361425
44,4,user23,user16,0.0,0.20192091898510492
44,4,user23,user9,0.0,0.23644608110254547
44,4,user23,user20,0.0,0.19313482647479657
44,4,user23,user35,0.0,0.18005762315015525
44,4,user23,user15,0.0,0.22102917710463948
44,4,user23,user7,0.0,0.2284396498333684
44,4,user23,user29,0.0,0.202060240150291
44,4,user12,user21,0.0,0.10982793110514408
44,4,user12,user23,0.0,0.15323544318209253
44,4,user12,user16,0.0,0.19512983605461515
44,4,user12,user9,0.0,0.1799181831701624
44,4,user12,user20,0.0,0.16108107215343376
44,4,user12,user35,0.0,0.1600537669570192
44,4,user12,user15,0.0,0.192110642220775
44,4,user12,user7,0.0,0.19724355656832823
44,4,user12,user29,0.0,0.18703080693410712
44,4,user16,user21,0.0,0.09002853540170519
44,4,user16,user23,0.0,0.14368773792447803
44,4,user16,user12,0.0,0.17159391086225226
44,4,user16,user9,0.0,0.18570660370312447
44,4,user16,user20,0.0,0.15978720291631687
44,4,user16,user35,0.0,0.14576362631677128
44,4,user16,user15,0.0,0.17340238210548445
44,4,user16,user7,0.0,0.19859968168749637
44,4,user16,user29,0.0,0.16878500758646653
44,4,user9,user21,0.0,0.20837644309872438
44,4,user9,user23,1.0,0.3875917881676634
44,4,user9,user12,1.0,0.3819169729399463
44,4,user9,user16,1.0,0.4208569272931504
44,4,user9,user20,1.0,0.42229796155096744
44,4,user9,user35,1.0,0.3598841179951539
44,4,user9,user15,1.0,0.44476214932688224
44,4,user9,user7,1.0,0.4933437476013185
44,4,user9,user29,1.0,0.4167352360104469
44,4,user20,user21,0.0,0.19526825013776972
44,4,user20,user23,0.5,0.3079908602513004
44,4,user20,user12,0.75,0.34782011973773297
44,4,user20,user16,0.75,0.3529396020979222
44,4,user20,user9,1.0,0.3979571656320202
44,4,user20,user35,0.75,0.321012206905654
44,4,user20,user15,0.75,0.3622086271355853
44,4,user20,user7,1.0,0.3922577701341198
44,4,user20,user29,1.0,0.35760749629401134
44,4,user35,user21,0.0,0.0992587776289738
44,4,user35,user23,0.0,0.1632809354080723
44,4,user35,user12,0.0,0.18418144381490723
44,4,user35,user16,0.0,0.18655773603407358
44,4,user35,user9,0.0,0.20070811487864762
44,4,user35,user20,0.0,0.16777895214957883
44,4,user35,user15,0.0,0.19333772450126227
44,4,user35,user7,0.0,0.2045059400790185
44,4,user35,user29,0.0,0.18191102780943874
44,4,user15,user21,0.0,0.13081401230125167
44,4,user15,user23,0.0,0.2062392006451286
44,4,user15,user12,0.0,0.23542782114063804
44,4,user15,user16,0.0,0.24688988883881757
44,4,user15,user9,0.25,0.24763482599423886
44,4,user15,user20,0.0,0.21072878758270774
44,4,user15,user35,0.0,0.2167026107463465
44,4,user15,user7,0.25,0.2695691710755164
44,4,user15,user29,0.0,0.23244343724489
44,4,user7,user21,0.0,0.13106229772086833
44,4,user7,user23,0.25,0.2314201557327341
44,4,user7,user12,0.25,0.26097495233177115
44,4,user7,user16,0.5,0.2867215476908638
44,4,user7,user9,0.75,0.3043919938781866
44,4,user7,user20,0.5,0.26070085564017276
44,4,user7,user35,0.25,0.22733147678755478
44,4,user7,user15,0.25,0.25946975597998734
44,4,user7,user29,0.5,0.26846315076016747
44,4,user29,user21,0.0,0.1534164093728075
44,4,user29,user23,0.25,0.23389835862259734
44,4,user29,user12,0.5,0.2572823762598969
44,4,user29,user16,0.5,0.2627848036006112
44,4,user29,user9,0.5,0.2995697795545678
44,4,user29,user20,0.25,0.2525433183011615
44,4,user29,user35,0.0,0.24096073623050335
44,4,user29,user15,0.5,0.2707430134607139
44,4,user29,user7,0.5,0.3049466099978776
44,5,user21,user23,0.0,0.0926910015393678
44,5,user21,user12,0.0,0.10378738284308624
44,5,user21,user16,0.0,0.10596928161454866
44,5,user21,user9,0.0,0.11529526590153669
44,5,user21,user20,0.0,0.0976838525705598
44,5,user21,user35,0.0,0.09018200895509085
44,5,user21,user15,0.0,0.1071380677676526
44,5,user21,user7,0.0,0.10187368429287125
44,5,user21,user29,0.0,0.1086000531117324
44,5,user23,user21,0.0,0.11164647674600763
44,5,user23,user12,0.0,0.2082209081224574
44,5,user23,user16,0.0,0.21901709562482186
44,5,user23,user9,0.0,0.2551498668311655
44,5,user23,user20,0.0,0.21258764085253556
44,5,user23,user35,0.0,0.19208129402854776
44,5,user23,user15,0.0,0.23071515718190988
44,5,user23,user7,0.0,0.24220986031933878
44,5,user23,user29,0.0,0.21365220798839385
44,5,user12,user21,0.0,0.11719173249624315
44,5,user12,user23,0.0,0.16854453722534823
44,5,user12,user16,0.0,0.19758462945028948
44,5,user12,user9,0.0,0.18140836829041196
44,5,user12,user20,0.0,0.1699114639798165
44,5,user12,user35,0.0,0.1629669371902677
44,5,user12,user15,0.0,0.19207310876692338
44,5,user12,user7,0.0,0.1978350880311213
44,5,user12,user29,0.0,0.19279571750721528
44,5,user16,user21,0.0,0.10061045532931416
44,5,user16,user23,0.0,0.16471702239118483
44,5,user16,user12,0.0,0.17755312198312562
44,5,user16,user9,0.0,0.1928499257202833
44,5,user16,user20,0.0,0.17094867407351771
44,5,user16,user35,0.0,0.1489679195666429
44,5,user16,user15,0.0,0.1742021768404325
44,5,user16,user7,0.0,0.1996992648538038
44,5,user16,user29,0.0,0.17746851622859952
44,5,user9,user21,0.0,0.23242170579527843
44,5,user9,user23,1.0,0.43457423249918936
44,5,user9,user12,1.0,0.4038346903089196
44,5,user9,user16,1.0,0.45248142398170577
44,5,user9,user20,1.0,0.4686048094240881
44,5,user9,user35,1.0,0.3889966171452287
44,5,user9,user15,1.0,0.46172350308718835
44,5,user9,user7,1.0,0.5212579705486802
44,5,user9,user29,1.0,0.44964337507309304
44,5,user20,user21,0.0,0.21601255231588418
44,5,user20,user23,0.8,0.3306675362539474
44,5,user20,user12,0.6,0.35442056378340775
44,5,user20,user16,0.8,0.3609136577090273
44,5,user20,user9,1.0,0.40757081941112194
44,5,user20,user35,0.6,0.32649451300701127
44,5,user20,user15,1.0,0.36316392082994553
44,5,user20,user7,1.0,0.39705653656612067
44,5,user20,user29,1.0,0.3697171417630124
44,5,user35,user21,0.0,0.10407582215477465
44,5,user35,user23,0.0,0.17192070025450118
44,5,user35,user12,0.0,0.18056135340154345
44,5,user35,user16,0.0,0.1865838712461249
44,5,user35,user9,0.0,0.20642880584349813
44,5,user35,user20,0.0,0.1770456622244388
44,5,user35,user15,0.0,0.1852287372764285
44,5,user35,user7,0.0,0.19781787701954823
44,5,user35,user29,0.0,0.18053183172342113
44,5,user15,user21,0.0,0.13588987177555842
44,5,user15,user23,0.0,0.22204121864810444
44,5,user15,user12,0.0,0.2361755041957912
44,5,user15,user16,0.2,0.2503787717163698
44,5,user15,user9,0.2,0.2528205394386053
44,5,user15,user20,0.2,0.22583554299540748
44,5,user15,user35,0.0,0.21403388990284053
44,5,user15,user7,0.2,0.2665244474036045
44,5,user15,user29,0.0,0.2361918080617817
44,5,user7,user21,0.0,0.14415225703244022
44,5,user7,user23,0.4,0.25784237439380975
44,5,user7,user12,0.4,0.26288254194545446
44,5,user7,user16,0.4,0.2893027397681461
44,5,user7,user9,0.6,0.3121015188422501
44,5,user7,user20,0.4,0.2712854130914103
44,5,user7,user35,0.2,0.22614983599708186
44,5,user7,user15,0.2,0.2567797842426269
44,5,user7,user29,0.4,0.27536549124213183
44,5,user29,user21,0.0,0.19062536183606388
44,5,user29,user23,0.4,0.2742369568202769
44,5,user29,user12,0.6,0.2941412027499709
44,5,user29,user16,0.6,0.29745607291099535
44,5,user29,user9,0.6,0.34070713030401356
44,5,user29,user20,0.6,0.30087132326526583
44,5,user29,user35,0.6,0.27127658175168057
44,5,user29,user15,0.6,0.3131061097384441
44,5,user29,user7,0.6,0.34144522775596464
45,1,user15,user20,0.0,0.09137635636778983
45,1,user15,user23,0.0,0.0845231296402056
45,1,user15,user9,0.0,0.11878926327812679
45,1,user15,user7,0.0,0.09994288977727013
45,1,user15,user12,0.0,0.07824100513992005
45,1,user15,user16,0.0,0.09251856082238721
45,1,user15,user35,0.0,0.03198172472872644
45,1,user15,user29,0.0,0.04511707595659623
45,1,user15,user21,0.0,0.04683038263849229
45,1,user20,user15,0.0,0.10674157303370786
45,1,user20,user23,0.0,0.0976123595505618
45,1,user20,user9,0.0,0.13132022471910113
45,1,user20,user7,0.0,0.1327247191011236
45,1,user20,user12,0.0,0.1172752808988764
45,1,user20,user16,0.0,0.1446629213483146
45,1,user20,user35,0.0,0.037219101123595506
45,1,user20,user29,0.0,0.05547752808988764
45,1,user20,user21,0.0,0.047752808988764044
45,1,user23,user15,0.0,0.124
45,1,user23,user20,0.0,0.104
45,1,user23,user9,0.0,0.118
45,1,user23,user7,0.0,0.114
45,1,user23,user12,0.0,0.094
45,1,user23,user16,0.0,0.112
45,1,user23,user35,0.0,0.044
45,1,user23,user29,0.0,0.054
45,1,user23,user21,0.0,0.043
45,1,user9,user15,0.0,0.2867756315007429
45,1,user9,user20,0.0,0.21842496285289748
45,1,user9,user23,0.0,0.21099554234769688
45,1,user9,user7,0.0,0.27340267459138184
45,1,user9,user12,0.0,0.1901931649331352
45,1,user9,user16,0.0,0.2674591381872214
45,1,user9,user35,0.0,0.1188707280832095
45,1,user9,user29,0.0,0.1337295690936107
45,1,user9,user21,0.0,0.0950965824665676
45,1,user7,user15,0.0,0.12677165354330708
45,1,user7,user20,0.0,0.1220472440944882
45,1,user7,user23,0.0,0.08503937007874016
45,1,user7,user9,0.0,0.14803149606299212
45,1,user7,user12,0.0,0.10078740157480315
45,1,user7,user16,0.0,0.14724409448818898
45,1,user7,user35,0.0,0.03228346456692913
45,1,user7,user29,0.0,0.05826771653543307
45,1,user7,user21,0.0,0.04566929133858268
45,1,user12,user15,0.0,0.10477941176470588
45,1,user12,user20,0.0,0.09926470588235294
45,1,user12,user23,0.0,0.08731617647058823
45,1,user12,user9,0.0,0.10294117647058823
45,1,user12,user7,0.0,0.11580882352941177
45,1,user12,user16,0.0,0.12591911764705882
45,1,user12,user35,0.0,0.042279411764705885
45,1,user12,user29,0.0,0.0661764705882353
45,1,user12,user21,0.0,0.05606617647058824
45,1,user16,user15,0.0,0.08805723720418272
45,1,user16,user20,0.0,0.10071546505228399
45,1,user16,user23,0.0,0.07925151348376444
45,1,user16,user9,0.0,0.10071546505228399
45,1,user16,user7,0.0,0.10731975784259769
45,1,user16,user12,0.0,0.08860759493670886
45,1,user16,user35,0.0,0.033571821684094665
45,1,user16,user29,0.0,0.05723720418271877
45,1,user16,user21,0.0,0.0445789763346175
45,1,user35,user15,0.0,0.05660377358490566
45,1,user35,user20,0.0,0.04874213836477988
45,1,user35,user23,0.0,0.0440251572327044
45,1,user35,user9,0.0,0.08333333333333333
45,1,user35,user7,0.0,0.055031446540880505
45,1,user35,user12,0.0,0.04874213836477988
45,1,user35,user16,0.0,0.055031446540880505
45,1,user35,user29,0.0,0.04245283018867924
45,1,user35,user21,0.0,0.029874213836477988
45,1,user29,user15,0.0,0.10975609756097561
45,1,user29,user20,0.0,0.10975609756097561
45,1,user29,user23,0.0,0.08536585365853659
45,1,user29,user9,0.0,0.12195121951219512
45,1,user29,user7,0.0,0.11788617886178862
45,1,user29,user12,0.0,0.11178861788617886
45,1,user29,user16,0.0,0.12195121951219512
45,1,user29,user35,0.0,0.05894308943089431
45,1,user29,user21,0.0,0.044715447154471545
45,1,user21,user15,0.0,0.07617728531855955
45,1,user21,user20,0.0,0.05955678670360111
45,1,user21,user23,0.0,0.04293628808864266
45,1,user21,user9,0.0,0.06371191135734072
45,1,user21,user7,0.0,0.062326869806094184
45,1,user21,user12,0.0,0.060941828254847646
45,1,user21,user16,0.0,0.07202216066481995
45,1,user21,user35,0.0,0.024930747922437674
45,1,user21,user29,0.0,0.03462603878116344
45,2,user15,user20,0.0,0.13957653196041495
45,2,user15,user23,0.0,0.1327689081718762
45,2,user15,user9,0.0,0.17953919721779454
45,2,user15,user7,0.0,0.18192674548445664
45,2,user15,user12,0.0,0.14910285806831064
45,2,user15,user16,0.0,0.1768516071839546
45,2,user15,user35,0.0,0.09068506695534322
45,2,user15,user29,0.0,0.12227554403880087
45,2,user15,user21,0.0,0.08083952027412908
45,2,user20,user15,0.0,0.2176188559089412
45,2,user20,user23,0.0,0.20701766826483184
45,2,user20,user9,0.5,0.26251120850565457
45,2,user20,user7,0.5,0.2816514474984445
45,2,user20,user12,0.5,0.2380217673754712
45,2,user20,user16,0.5,0.26263816198806866
45,2,user20,user35,0.0,0.14263395307982285
45,2,user20,user29,0.0,0.21061125242469714
45,2,user20,user21,0.0,0.11804729531896205
45,2,user23,user15,0.0,0.14642990654205607
45,2,user23,user20,0.0,0.15321806853582554
45,2,user23,user9,0.0,0.17127570093457944
45,2,user23,user7,0.0,0.1607663551401869
45,2,user23,user12,0.0,0.13692056074766354
45,2,user23,user16,0.0,0.14365109034267912
45,2,user23,user35,0.0,0.11068068535825545
45,2,user23,user29,0.0,0.12730529595015577
45,2,user23,user21,0.0,0.05931619937694704
45,2,user9,user15,1.0,0.32769667060928215
45,2,user9,user20,0.5,0.3240638320480639
45,2,user9,user23,0.0,0.28160726323839125
45,2,user9,user7,1.0,0.40321720908113834
45,2,user9,user12,0.0,0.2757795665677819
45,2,user9,user16,1.0,0.3384384107136947
45,2,user9,user35,0.0,0.23458417019556882
45,2,user9,user29,0.0,0.2656579609768164
45,2,user9,user21,0.0,0.12415232315279173
45,2,user7,user15,0.0,0.17310776651073598
45,2,user7,user20,0.0,0.18562919487462592
45,2,user7,user23,0.0,0.1360054624168289
45,2,user7,user9,0.0,0.22346805357817356
45,2,user7,user12,0.0,0.15913211494319668
45,2,user7,user16,0.0,0.202950576749862
45,2,user7,user35,0.0,0.10704738937153152
45,2,user7,user29,0.0,0.15091524537292617
45,2,user7,user21,0.0,0.06736351221779935
45,2,user12,user15,0.0,0.14990770999757927
45,2,user12,user20,0.0,0.1394755355846042
45,2,user12,user23,0.0,0.12239015976761075
45,2,user12,user9,0.0,0.14753464657467924
45,2,user12,user7,0.0,0.16072417392883082
45,2,user12,user16,0.0,0.1644967168966352
45,2,user12,user35,0.0,0.09190230876301138
45,2,user12,user29,0.0,0.1364988047688211
45,2,user12,user21,0.0,0.07825965262648268
45,2,user16,user15,0.0,0.12894201948397932
45,2,user16,user20,0.0,0.1280053150085404
45,2,user16,user23,0.0,0.10244613181835124
45,2,user16,user9,0.0,0.14693148155863062
45,2,user16,user7,0.0,0.15823047929361256
45,2,user16,user12,0.0,0.13126667792232283
45,2,user16,user35,0.0,0.07484580116517968
45,2,user16,user29,0.0,0.1081757724194033
45,2,user16,user21,0.0,0.06116469729228381
45,2,user35,user15,0.0,0.12629758608550035
45,2,user35,user20,0.0,0.11486193969495428
45,2,user35,user23,0.0,0.12399856325940303
45,2,user35,user9,0.0,0.16340902387272954
45,2,user35,user7,0.0,0.13482644934775784
45,2,user35,user12,0.0,0.10953719826068753
45,2,user35,user16,0.0,0.12502259774117735
45,2,user35,user29,0.0,0.10657094739245854
45,2,user35,user21,0.0,0.06736862386892359
45,2,user29,user15,0.0,0.21659700751937097
45,2,user29,user20,0.0,0.21018454902858888
45,2,user29,user23,0.0,0.18843753578380856
45,2,user29,user9,0.5,0.24334421161113018
45,2,user29,user7,0.5,0.2514027252948586
45,2,user29,user12,0.0,0.21135348677430438
45,2,user29,user16,0.0,0.2210485133020344
45,2,user29,user35,0.0,0.16136589182793237
45,2,user29,user21,0.0,0.12265735333409672
45,2,user21,user15,0.0,0.08241685164462219
45,2,user21,user20,0.0,0.07508576250665003
45,2,user21,user23,0.0,0.053363082680559885
45,2,user21,user9,0.0,0.07648685586395407
45,2,user21,user7,0.0,0.07371677276146099
45,2,user21,user12,0.0,0.06847929775641615
45,2,user21,user16,0.0,0.08491634715928895
45,2,user21,user35,0.0,0.058632661297719726
45,2,user21,user29,0.0,0.07451248371888242
45,3,user15,user20,0.0,0.17408520256958526
45,3,user15,user23,0.0,0.14404925043788422
45,3,user15,user9,0.0,0.19301772801335007
45,3,user15,user7,0.0,0.19358400002280596
45,3,user15,user12,0.0,0.17249378124792006
45,3,user15,user16,0.0,0.18566324606629636
45,3,user15,user35,0.0,0.12468118886717194
45,3,user15,user29,0.0,0.16504482922631247
45,3,user15,user21,0.0,0.10818915623929114
45,3,user20,user15,0.6666666666666666,0.2796444078499319
45,3,user20,user23,0.6666666666666666,0.2659245570456448
45,3,user20,user9,0.6666666666666666,0.3465631748857199
45,3,user20,user7,0.6666666666666666,0.3436999254429433
45,3,user20,user12,0.6666666666666666,0.3085635608555595
45,3,user20,user16,0.6666666666666666,0.32445038439512924
45,3,user20,user35,0.3333333333333333,0.2314681768932495
45,3,user20,user29,0.6666666666666666,0.2993904034580679
45,3,user20,user21,0.0,0.2144326803099086
45,3,user23,user15,0.0,0.16667066346922463
45,3,user23,user20,0.0,0.17595170966030915
45,3,user23,user9,0.0,0.20539071546501117
45,3,user23,user7,0.0,0.1795988779070202
45,3,user23,user12,0.0,0.15661529841547323
45,3,user23,user16,0.0,0.17098741941026618
45,3,user23,user35,0.0,0.13196739804418148
45,3,user23,user29,0.0,0.18362403161582883
45,3,user23,user21,0.0,0.10619719551461633
45,3,user9,user15,1.0,0.35478637620279846
45,3,user9,user20,1.0,0.417946060576656
45,3,user9,user23,1.0,0.3378930357187726
45,3,user9,user7,1.0,0.44370774676429375
45,3,user9,user12,1.0,0.3319665515541738
45,3,user9,user16,1.0,0.38767493870910924
45,3,user9,user35,0.6666666666666666,0.2986665507206392
45,3,user9,user29,1.0,0.39279000533693775
45,3,user9,user21,0.0,0.2239821066297886
45,3,user7,user15,0.0,0.18476626676695385
45,3,user7,user20,0.0,0.22387940015788088
45,3,user7,user23,0.0,0.16738706988737326
45,3,user7,user9,0.0,0.24692750447652692
45,3,user7,user12,0.0,0.1898315842459383
45,3,user7,user16,0.0,0.22639108466119398
45,3,user7,user35,0.0,0.1288272207195653
45,3,user7,user29,0.0,0.19722347741879812
45,3,user7,user21,0.0,0.10571190330850827
45,3,user12,user15,0.0,0.16373102343883592
45,3,user12,user20,0.0,0.16066107944908684
45,3,user12,user23,0.0,0.13813078166225573
45,3,user12,user9,0.0,0.16228731422886353
45,3,user12,user7,0.0,0.17783806657717335
45,3,user12,user16,0.0,0.18333121635943303
45,3,user12,user35,0.0,0.11105422633987
45,3,user12,user29,0.0,0.16414219888173923
45,3,user12,user21,0.0,0.11592396870432438
45,3,user16,user15,0.0,0.1359755727289582
45,3,user16,user20,0.0,0.158711686002276
45,3,user16,user23,0.0,0.12913414981911772
45,3,user16,user9,0.0,0.17013333059656843
45,3,user16,user7,0.0,0.17621014647051939
45,3,user16,user12,0.0,0.15380938586914902
45,3,user16,user35,0.0,0.09424751309688173
45,3,user16,user29,0.0,0.14846927086086847
45,3,user16,user21,0.0,0.09865303914085398
45,3,user35,user15,0.0,0.12523439535404227
45,3,user35,user20,0.0,0.14066032709459164
45,3,user35,user23,0.0,0.12282291896167313
45,3,user35,user9,0.0,0.1676218040243418
45,3,user35,user7,0.0,0.13972919256980554
45,3,user35,user12,0.0,0.12652577129840817
45,3,user35,user16,0.0,0.1392664032703878
45,3,user35,user29,0.0,0.14054680745175693
45,3,user35,user21,0.0,0.08457988643183038
45,3,user29,user15,0.6666666666666666,0.2620210620038858
45,3,user29,user20,0.6666666666666666,0.2716143034762066
45,3,user29,user23,0.0,0.24156113266384652
45,3,user29,user9,0.6666666666666666,0.3078980185644562
45,3,user29,user7,0.6666666666666666,0.2900417124910426
45,3,user29,user12,0.3333333333333333,0.2568677793686382
45,3,user29,user16,0.6666666666666666,0.2746941219974542
45,3,user29,user35,0.0,0.2086879359294337
45,3,user29,user21,0.0,0.18414972700441612
45,3,user21,user15,0.0,0.10353353677827097
45,3,user21,user20,0.0,0.11170093505105093
45,3,user21,user23,0.0,0.08579138181047545
45,3,user21,user9,0.0,0.12401879620467993
45,3,user21,user7,0.0,0.09891546129918605
45,3,user21,user12,0.0,0.10839055942841203
45,3,user21,user16,0.0,0.11991671437578717
45,3,user21,user35,0.0,0.08247030498379822
45,3,user21,user29,0.0,0.1112294359854372
45,4,user15,user20,0.0,0.20395856020359732
45,4,user15,user23,0.0,0.1842958089232008
45,4,user15,user9,0.0,0.2248909675884301
45,4,user15,user7,0.0,0.24188909376478518
45,4,user15,user12,0.0,0.20720119391714253
45,4,user15,user16,0.0,0.222767385388965
45,4,user15,user35,0.0,0.17131188592450583
45,4,user15,user29,0.0,0.18551627904848278
45,4,user15,user21,0.0,0.12668859618133757
45,4,user20,user15,0.5,0.3039090272412317
45,4,user20,user23,0.5,0.2880076370521571
45,4,user20,user9,0.75,0.3640557752283369
45,4,user20,user7,0.75,0.3598529940005862
45,4,user20,user12,0.5,0.31717778569358024
45,4,user20,user16,0.75,0.34057027610517365
45,4,user20,user35,0.5,0.2799095399220775
45,4,user20,user29,0.5,0.3065822560080252
45,4,user20,user21,0.0,0.21756840364283137
45,4,user23,user15,0.0,0.19253173595307083
45,4,user23,user20,0.0,0.20371293192592055
45,4,user23,user9,0.0,0.23459960776813965
45,4,user23,user7,0.0,0.2177560872265238
45,4,user23,user12,0.0,0.18513484106568803
45,4,user23,user16,0.0,0.196437067613966
45,4,user23,user35,0.0,0.16992528325547768
45,4,user23,user29,0.0,0.20188006968937444
45,4,user23,user21,0.0,0.11809506670828468
45,4,user9,user15,1.0,0.399769905843286
45,4,user9,user20,1.0,0.4707264381027284
45,4,user9,user23,1.0,0.39428302466953197
45,4,user9,user7,1.0,0.49726814766734884
45,4,user9,user12,1.0,0.35572444899793176
45,4,user9,user16,1.0,0.432501624641537
45,4,user9,user35,1.0,0.360802563080321
45,4,user9,user29,1.0,0.4210149406556036
45,4,user9,user21,0.0,0.25364681608130735
45,4,user7,user15,0.25,0.2376092764493356
45,4,user7,user20,0.25,0.27054311416408905
45,4,user7,user23,0.25,0.23321773392059042
45,4,user7,user9,0.5,0.29682347923657193
45,4,user7,user12,0.25,0.2384866018845061
45,4,user7,user16,0.25,0.28083991605087216
45,4,user7,user35,0.0,0.20249353816046528
45,4,user7,user29,0.25,0.23684206079960224
45,4,user7,user21,0.0,0.14310169561226563
45,4,user12,user15,0.0,0.17741925291985972
45,4,user12,user20,0.0,0.16791974689802916
45,4,user12,user23,0.0,0.15117016340399606
45,4,user12,user9,0.0,0.16981096766368278
45,4,user12,user7,0.0,0.19212141324867582
45,4,user12,user16,0.0,0.1942581913421989
45,4,user12,user35,0.0,0.14193509583504982
45,4,user12,user29,0.0,0.1616025872888519
45,4,user12,user21,0.0,0.12438775439416938
45,4,user16,user15,0.0,0.15792864074702323
45,4,user16,user20,0.0,0.1774867064289212
45,4,user16,user23,0.0,0.1467891287115765
45,4,user16,user9,0.0,0.18662556107389117
45,4,user16,user7,0.0,0.19982812389576363
45,4,user16,user12,0.0,0.17067350113607915
45,4,user16,user35,0.0,0.13058782859848958
45,4,user16,user29,0.0,0.15693487577216078
45,4,user16,user21,0.0,0.10572840339365529
45,4,user35,user15,0.0,0.15980436984393034
45,4,user35,user20,0.0,0.17313515224236692
45,4,user35,user23,0.0,0.15589400893551025
45,4,user35,user9,0.0,0.19946576420704135
45,4,user35,user7,0.0,0.18459099965306217
45,4,user35,user12,0.0,0.1578745019210894
45,4,user35,user16,0.0,0.17085783619201467
45,4,user35,user29,0.0,0.1601100493138486
45,4,user35,user21,0.0,0.10774351332118219
45,4,user29,user15,0.5,0.257572434562165
45,4,user29,user20,0.5,0.2791419088800618
45,4,user29,user23,0.5,0.2544154685239319
45,4,user29,user9,0.5,0.3085148231304372
45,4,user29,user7,0.5,0.29784398468405593
45,4,user29,user12,0.5,0.25179601066549845
45,4,user29,user16,0.5,0.2753052454920596
45,4,user29,user35,0.0,0.22793921220375324
45,4,user29,user21,0.0,0.18253925910907598
45,4,user21,user15,0.0,0.11333013331689663
45,4,user21,user20,0.0,0.11835589433394582
45,4,user21,user23,0.0,0.10154168690865356
45,4,user21,user9,0.0,0.12782463392575605
45,4,user21,user7,0.0,0.1124043576238104
45,4,user21,user12,0.0,0.1142438121170033
45,4,user21,user16,0.0,0.12152371490939659
45,4,user21,user35,0.0,0.09564318554765155
45,4,user21,user29,0.0,0.11171478237312638
45,5,user15,user20,0.0,0.22791486945506395
45,5,user15,user23,0.0,0.21520302362491678
45,5,user15,user9,0.0,0.25789045258288523
45,5,user15,user7,0.0,0.26598372857222313
45,5,user15,user12,0.0,0.2355595330182537
45,5,user15,user16,0.0,0.2479101273712197
45,5,user15,user35,0.0,0.20894612669142662
45,5,user15,user29,0.0,0.20910364720291694
45,5,user15,user21,0.0,0.143639625828128
45,5,user20,user15,0.8,0.3363278785652639
45,5,user20,user23,0.8,0.32219210666119
45,5,user20,user9,0.8,0.39300536474537073
45,5,user20,user7,0.8,0.37803382406114877
45,5,user20,user12,0.8,0.34277396186164266
45,5,user20,user16,0.8,0.3561057793274741
45,5,user20,user35,0.6,0.31565682532049266
45,5,user20,user29,0.8,0.3426758166153133
45,5,user20,user21,0.2,0.23915171329769022
45,5,user23,user15,0.0,0.22263094946957254
45,5,user23,user20,0.0,0.22430141845311216
45,5,user23,user9,0.0,0.2593141162800535
45,5,user23,user7,0.0,0.24571902557408914
45,5,user23,user12,0.0,0.20883240739988698
45,5,user23,user16,0.0,0.2206305350979619
45,5,user23,user35,0.0,0.19588978387764128
45,5,user23,user29,0.0,0.22014726066005053
45,5,user23,user21,0.0,0.12599347578714112
45,5,user9,user15,1.0,0.4428092612309489
45,5,user9,user20,1.0,0.5075711238336134
45,5,user9,user23,1.0,0.43885752560356683
45,5,user9,user7,1.0,0.53083983320213
45,5,user9,user12,1.0,0.4057383481626185
45,5,user9,user16,1.0,0.4536709097346023
45,5,user9,user35,1.0,0.4055975942770361
45,5,user9,user29,1.0,0.4521052302591366
45,5,user9,user21,0.0,0.27213605620723225
45,5,user7,user15,0.4,0.27341298237377376
45,5,user7,user20,0.4,0.3034371996407713
45,5,user7,user23,0.4,0.2762592500026685
45,5,user7,user9,0.6,0.34057050751353285
45,5,user7,user12,0.4,0.2737853995553112
45,5,user7,user16,0.6,0.3083915582313793
45,5,user7,user35,0.4,0.24450918860414933
45,5,user7,user29,0.4,0.2816085366389546
45,5,user7,user21,0.0,0.17033043037487192
45,5,user12,user15,0.0,0.18970675386958796
45,5,user12,user20,0.0,0.18196744298663692
45,5,user12,user23,0.0,0.1689388293814192
45,5,user12,user9,0.0,0.1923276178378133
45,5,user12,user7,0.0,0.20482132051391533
45,5,user12,user16,0.0,0.20352578522109716
45,5,user12,user35,0.0,0.1617480497468412
45,5,user12,user29,0.0,0.17440287392015913
45,5,user12,user21,0.0,0.13101027193308873
45,5,user16,user15,0.0,0.16788994649734745
45,5,user16,user20,0.0,0.18317162150938565
45,5,user16,user23,0.0,0.15718287634403078
45,5,user16,user9,0.0,0.19300182270851543
45,5,user16,user7,0.0,0.20220842678999307
45,5,user16,user12,0.0,0.1795649905232989
45,5,user16,user35,0.0,0.14518493431043686
45,5,user16,user29,0.0,0.16482012568512985
45,5,user16,user21,0.0,0.1119126064885387
45,5,user35,user15,0.0,0.18344770260419802
45,5,user35,user20,0.0,0.18645651229283877
45,5,user35,user23,0.0,0.1720230769175621
45,5,user35,user9,0.0,0.21143798763043264
45,5,user35,user7,0.0,0.20352707948182588
45,5,user35,user12,0.0,0.17817535135789372
45,5,user35,user16,0.0,0.18218229717000928
45,5,user35,user29,0.0,0.17396266422085963
45,5,user35,user21,0.0,0.11413786245818514
45,5,user29,user15,0.6,0.30420794465705053
45,5,user29,user20,0.6,0.32762701974529296
45,5,user29,user23,0.6,0.29079285907671276
45,5,user29,user9,0.6,0.348320475498124
45,5,user29,user7,0.6,0.3477394382056652
45,5,user29,user12,0.6,0.29508730449229514
45,5,user29,user16,0.6,0.3087218057583572
45,5,user29,user35,0.6,0.27256618531799165
45,5,user29,user21,0.0,0.21270119740172938
45,5,user21,user15,0.0,0.11846105173796248
45,5,user21,user20,0.0,0.1201966700934974
45,5,user21,user23,0.0,0.10187041989792814
45,5,user21,user9,0.0,0.13261995038510663
45,5,user21,user7,0.0,0.11921608467131495
45,5,user21,user12,0.0,0.11900280811423058
45,5,user21,user16,0.0,0.11998454747414813
45,5,user21,user35,0.0,0.10441528081988946
45,5,user21,user29,0.0,0.11446539550086529
46,1,user20,user35,0.0,0.08637640449438203
46,1,user20,user16,0.0,0.08497191011235955
46,1,user20,user23,0.0,0.07794943820224719
46,1,user20,user9,0.0,0.1151685393258427
46,1,user20,user7,0.0,0.12991573033707865
46,1,user20,user21,0.0,0.0449438202247191
46,1,user20,user12,0.0,0.12640449438202248
46,1,user20,user29,0.0,0.0449438202247191
46,1,user20,user15,0.0,0.0625
46,1,user35,user20,0.0,0.11675824175824176
46,1,user35,user16,0.0,0.07142857142857142
46,1,user35,user23,0.0,0.09752747252747253
46,1,user35,user9,0.0,0.13324175824175824
46,1,user35,user7,0.0,0.1510989010989011
46,1,user35,user21,0.0,0.03296703296703297
46,1,user35,user12,0.0,0.12912087912087913
46,1,user35,user29,0.0,0.042582417582417584
46,1,user35,user15,0.0,0.061813186813186816
46,1,user16,user20,0.0,0.07317073170731707
46,1,user16,user35,0.0,0.05408271474019088
46,1,user16,user23,0.0,0.044538706256627786
46,1,user16,user9,0.0,0.09013785790031813
46,1,user16,user7,0.0,0.088016967126193
46,1,user16,user21,0.0,0.02332979851537646
46,1,user16,user12,0.0,0.07635206786850478
46,1,user16,user29,0.0,0.02863202545068929
46,1,user16,user15,0.0,0.03499469777306469
46,1,user23,user20,0.0,0.12450331125827814
46,1,user23,user35,0.0,0.08609271523178808
46,1,user23,user16,0.0,0.07152317880794702
46,1,user23,user9,0.0,0.12450331125827814
46,1,user23,user7,0.0,0.14172185430463577
46,1,user23,user21,0.0,0.02384105960264901
46,1,user23,user12,0.0,0.10463576158940398
46,1,user23,user29,0.0,0.060927152317880796
46,1,user23,user15,0.0,0.05827814569536424
46,1,user9,user20,0.0,0.2412280701754386
46,1,user9,user35,0.0,0.17105263157894737
46,1,user9,user16,0.0,0.16812865497076024
46,1,user9,user23,0.0,0.17982456140350878
46,1,user9,user7,1.0,0.30409356725146197
46,1,user9,user21,0.0,0.04093567251461988
46,1,user9,user12,0.0,0.20029239766081872
46,1,user9,user29,0.0,0.09502923976608187
46,1,user9,user15,0.0,0.1154970760233918
46,1,user7,user20,0.0,0.18106995884773663
46,1,user7,user35,0.0,0.14814814814814814
46,1,user7,user16,0.0,0.12551440329218108
46,1,user7,user23,0.0,0.1440329218106996
46,1,user7,user9,0.0,0.2345679012345679
46,1,user7,user21,0.0,0.044238683127572016
46,1,user7,user12,0.0,0.20164609053497942
46,1,user7,user29,0.0,0.07407407407407407
46,1,user7,user15,0.0,0.0874485596707819
46,1,user21,user20,0.0,0.0391156462585034
46,1,user21,user35,0.0,0.03741496598639456
46,1,user21,user16,0.0,0.03741496598639456
46,1,user21,user23,0.0,0.023809523809523808
46,1,user21,user9,0.0,0.030612244897959183
46,1,user21,user7,0.0,0.03741496598639456
46,1,user21,user12,0.0,0.05782312925170068
46,1,user21,user29,0.0,0.015306122448979591
46,1,user21,user15,0.0,0.022108843537414966
46,1,user12,user20,0.0,0.14680483592400692
46,1,user12,user35,0.0,0.11917098445595854
46,1,user12,user16,0.0,0.10621761658031088
46,1,user12,user23,0.0,0.10880829015544041
46,1,user12,user9,0.0,0.14507772020725387
46,1,user12,user7,0.0,0.17530224525043178
46,1,user12,user21,0.0,0.06217616580310881
46,1,user12,user29,0.0,0.06735751295336788
46,1,user12,user15,0.0,0.08721934369602763
46,1,user29,user20,0.0,0.10776942355889724
46,1,user29,user35,0.0,0.07268170426065163
46,1,user29,user16,0.0,0.06516290726817042
46,1,user29,user23,0.0,0.08020050125313283
46,1,user29,user9,0.0,0.10776942355889724
46,1,user29,user7,0.0,0.11278195488721804
46,1,user29,user21,0.0,0.02506265664160401
46,1,user29,user12,0.0,0.09022556390977443
46,1,user29,user15,0.0,0.047619047619047616
46,1,user15,user20,0.0,0.11129568106312292
46,1,user15,user35,0.0,0.0681063122923588
46,1,user15,user16,0.0,0.05647840531561462
46,1,user15,user23,0.0,0.06312292358803986
46,1,user15,user9,0.0,0.10132890365448505
46,1,user15,user7,0.0,0.0946843853820598
46,1,user15,user21,0.0,0.019933554817275746
46,1,user15,user12,0.0,0.08803986710963455
46,1,user15,user29,0.0,0.03488372093023256
46,2,user20,user35,0.0,0.16782888121365802
46,2,user20,user16,0.0,0.20700443754645215
46,2,user20,user23,0.0,0.16604457220303415
46,2,user20,user9,0.5,0.2555564967428846
46,2,user20,user7,0.5,0.2519072705810344
46,2,user20,user21,0.0,0.1282789752109474
46,2,user20,user12,0.0,0.21340527040615573
46,2,user20,user29,0.0,0.16161795566825515
46,2,user20,user15,0.0,0.1752311677523718
46,2,user35,user20,0.0,0.11765862229643148
46,2,user35,user16,0.0,0.09812772621959902
46,2,user35,user23,0.0,0.1156960677720395
46,2,user35,user9,0.0,0.14101188858255997
46,2,user35,user7,0.0,0.13894983108764028
46,2,user35,user21,0.0,0.05112430267023907
46,2,user35,user12,0.0,0.12874390038700995
46,2,user35,user29,0.0,0.07752171268072328
46,2,user35,user15,0.0,0.13070807284588204
46,2,user16,user20,0.0,0.12242915635678095
46,2,user16,user35,0.0,0.08062625191469305
46,2,user16,user23,0.0,0.08688103864734299
46,2,user16,user9,0.0,0.1336013903617297
46,2,user16,user7,0.0,0.12232127076705548
46,2,user16,user21,0.0,0.04860190585601508
46,2,user16,user12,0.0,0.12217582773653823
46,2,user16,user29,0.0,0.08400936726758572
46,2,user16,user15,0.0,0.09739159891598917
46,2,user23,user20,0.0,0.1587489523934728
46,2,user23,user35,0.0,0.134748492268253
46,2,user23,user16,0.0,0.11894647757711205
46,2,user23,user9,0.0,0.20161125992145007
46,2,user23,user7,0.0,0.19528207319277605
46,2,user23,user21,0.0,0.04298802031124184
46,2,user23,user12,0.0,0.1433577637914318
46,2,user23,user29,0.0,0.11125088327609156
46,2,user23,user15,0.0,0.1850212807914154
46,2,user9,user20,1.0,0.32931757882396495
46,2,user9,user35,0.0,0.22160691882108552
46,2,user9,user16,0.0,0.2663629570213145
46,2,user9,user23,0.5,0.28423075077298565
46,2,user9,user7,1.0,0.3799558489815786
46,2,user9,user21,0.0,0.11593070209717338
46,2,user9,user12,0.0,0.2715141948266524
46,2,user9,user29,0.0,0.21880720264906112
46,2,user9,user15,1.0,0.31761481664301433
46,2,user7,user20,0.0,0.20833891961342943
46,2,user7,user35,0.0,0.1553265180716161
46,2,user7,user16,0.0,0.1755884215034542
46,2,user7,user23,0.0,0.18207083403161833
46,2,user7,user9,0.5,0.2571834906802227
46,2,user7,user21,0.0,0.07681786864793401
46,2,user7,user12,0.0,0.2003798670465337
46,2,user7,user29,0.0,0.13129713423831071
46,2,user7,user15,0.0,0.19809833715062472
46,2,user21,user20,0.0,0.07266542980828695
46,2,user21,user35,0.0,0.05267946339374911
46,2,user21,user16,0.0,0.056859806859806857
46,2,user21,user23,0.0,0.03968650397221826
46,2,user21,user9,0.0,0.08204295704295704
46,2,user21,user7,0.0,0.06652276295133439
46,2,user21,user12,0.0,0.07514509300223586
46,2,user21,user29,0.0,0.04826126254697683
46,2,user21,user15,0.0,0.05870320156034442
46,2,user12,user20,0.0,0.1502066824138982
46,2,user12,user35,0.0,0.13076393122015645
46,2,user12,user16,0.0,0.14882800594330997
46,2,user12,user23,0.0,0.12832723763080361
46,2,user12,user9,0.0,0.17091699050086356
46,2,user12,user7,0.0,0.1719900881336991
46,2,user12,user21,0.0,0.07398341460936705
46,2,user12,user29,0.0,0.11034650259067358
46,2,user12,user15,0.0,0.1530902354465102
46,2,user29,user20,0.0,0.14883362251783305
46,2,user29,user35,0.0,0.11899942163100058
46,2,user29,user16,0.0,0.14430306535569692
46,2,user29,user23,0.0,0.13967611336032387
46,2,user29,user9,0.0,0.186524002313476
46,2,user29,user7,0.0,0.15683439367649893
46,2,user29,user21,0.0,0.0691150954308849
46,2,user29,user12,0.0,0.1440620782726046
46,2,user29,user15,0.0,0.15442452284557548
46,2,user15,user20,0.0,0.12916207349952852
46,2,user15,user35,0.0,0.10774858600021629
46,2,user15,user16,0.0,0.10738476921588233
46,2,user15,user23,0.0,0.12205080722738407
46,2,user15,user9,0.0,0.1526801960341599
46,2,user15,user7,0.0,0.1510712435798433
46,2,user15,user21,0.0,0.04329656902273214
46,2,user15,user12,0.0,0.12205080722738407
46,2,user15,user29,0.0,0.07870206109086217
46,3,user20,user35,0.3333333333333333,0.2660730046934662
46,3,user20,user16,0.6666666666666666,0.29616880676969676
46,3,user20,user23,0.3333333333333333,0.2517922438545354
46,3,user20,user9,0.6666666666666666,0.34643952269645056
46,3,user20,user7,0.6666666666666666,0.3425587297892263
46,3,user20,user21,0.0,0.16158635734316265
46,3,user20,user12,0.6666666666666666,0.3039290045866759
46,3,user20,user29,0.3333333333333333,0.25281470431254327
46,3,user20,user15,0.3333333333333333,0.2579499798363732
46,3,user35,user20,0.0,0.14727885085318337
46,3,user35,user16,0.0,0.15171852379694997
46,3,user35,user23,0.0,0.14188529166406516
46,3,user35,user9,0.0,0.17193875864905792
46,3,user35,user7,0.0,0.1744902413242155
46,3,user35,user21,0.0,0.0646005116586101
46,3,user35,user12,0.0,0.15156474410845958
46,3,user35,user29,0.0,0.1100701217688515
46,3,user35,user15,0.0,0.1543082520404101
46,3,user16,user20,0.0,0.14927187401164632
46,3,user16,user35,0.0,0.11914525104442501
46,3,user16,user23,0.0,0.12386239842566237
46,3,user16,user9,0.0,0.16350190642447995
46,3,user16,user7,0.0,0.16323512844205482
46,3,user16,user21,0.0,0.06593578879152635
46,3,user16,user12,0.0,0.15078954603428565
46,3,user16,user29,0.0,0.11110662799038364
46,3,user16,user15,0.0,0.12315340644825212
46,3,user23,user20,0.0,0.1817589546393221
46,3,user23,user35,0.0,0.16663449624504956
46,3,user23,user16,0.0,0.16499264347416454
46,3,user23,user9,0.0,0.2247371151244255
46,3,user23,user7,0.0,0.22732141937674943
46,3,user23,user21,0.0,0.06725067512420642
46,3,user23,user12,0.0,0.1782818266971226
46,3,user23,user29,0.0,0.1519357796657519
46,3,user23,user15,0.0,0.19537074041816616
46,3,user9,user20,1.0,0.4174446048459923
46,3,user9,user35,1.0,0.3154192283029911
46,3,user9,user16,1.0,0.35964140695121133
46,3,user9,user23,1.0,0.35295112677019963
46,3,user9,user7,1.0,0.45937160922308434
46,3,user9,user21,0.0,0.15236331039907977
46,3,user9,user12,1.0,0.3273915091031152
46,3,user9,user29,0.6666666666666666,0.2965675656245868
46,3,user9,user15,1.0,0.36859115841742396
46,3,user7,user20,0.3333333333333333,0.257064933394432
46,3,user7,user35,0.0,0.2002133253554199
46,3,user7,user16,0.0,0.23452328772212364
46,3,user7,user23,0.0,0.2277428034042365
46,3,user7,user9,0.3333333333333333,0.2902066566333503
46,3,user7,user21,0.0,0.09518618860843657
46,3,user7,user12,0.0,0.23036275731731118
46,3,user7,user29,0.0,0.19068252455609858
46,3,user7,user15,0.0,0.2256257143321112
46,3,user21,user20,0.0,0.07845686322507514
46,3,user21,user35,0.0,0.06766499032345767
46,3,user21,user16,0.0,0.07722709331034781
46,3,user21,user23,0.0,0.06137907083980878
46,3,user21,user9,0.0,0.08546152680495157
46,3,user21,user7,0.0,0.07399596094014259
46,3,user21,user12,0.0,0.08141482715749508
46,3,user21,user29,0.0,0.0637075528277042
46,3,user21,user15,0.0,0.07936035372175392
46,3,user12,user20,0.0,0.1752732692364777
46,3,user12,user35,0.0,0.15777059269836852
46,3,user12,user16,0.0,0.18854383287782797
46,3,user12,user23,0.0,0.16153391816331217
46,3,user12,user9,0.0,0.18842304635451482
46,3,user12,user7,0.0,0.19434988632225528
46,3,user12,user21,0.0,0.08562188185792664
46,3,user12,user29,0.0,0.14606738866040456
46,3,user12,user15,0.0,0.18125183174188672
46,3,user29,user20,0.3333333333333333,0.2345295417250152
46,3,user29,user35,0.0,0.20014252618074546
46,3,user29,user16,0.0,0.22029725846316003
46,3,user29,user23,0.0,0.21576943867965537
46,3,user29,user9,0.3333333333333333,0.2703809244857606
46,3,user29,user7,0.3333333333333333,0.2669927666724934
46,3,user29,user21,0.0,0.11829914151895576
46,3,user29,user12,0.3333333333333333,0.22488868971200562
46,3,user29,user15,0.3333333333333333,0.23585651860446352
46,3,user15,user20,0.0,0.1661059743601153
46,3,user15,user35,0.0,0.1570254152834121
46,3,user15,user16,0.0,0.1718765907516693
46,3,user15,user23,0.0,0.16965216461168406
46,3,user15,user9,0.0,0.2070548568446672
46,3,user15,user7,0.0,0.19317676567710093
46,3,user15,user21,0.0,0.06888877212368279
46,3,user15,user12,0.0,0.18093553432414558
46,3,user15,user29,0.0,0.14053782373552923
46,4,user20,user35,0.25,0.27204126815912294
46,4,user20,user16,0.5,0.30859253977698037
46,4,user20,user23,0.25,0.2729374595336258
46,4,user20,user9,0.75,0.3568586160830735
46,4,user20,user7,0.75,0.3606893771108266
46,4,user20,user21,0.0,0.2097258949861654
46,4,user20,user12,0.5,0.3080214150289469
46,4,user20,user29,0.5,0.2731774309618966
46,4,user20,user15,0.5,0.3079201861565269
46,4,user35,user20,0.0,0.14977130153487944
46,4,user35,user16,0.0,0.15844951250187722
46,4,user35,user23,0.0,0.1422610927456946
46,4,user35,user9,0.0,0.17960667846103648
46,4,user35,user7,0.0,0.1831006403755154
46,4,user35,user21,0.0,0.08806548011172821
46,4,user35,user12,0.0,0.15058835656976002
46,4,user35,user29,0.0,0.11969579132132421
46,4,user35,user15,0.0,0.15661584149256633
46,4,user16,user20,0.0,0.15924313751586733
46,4,user16,user35,0.0,0.13188794877519272
46,4,user16,user23,0.0,0.14843215275303168
46,4,user16,user9,0.0,0.18342897257963955
46,4,user16,user7,0.0,0.19369731538089452
46,4,user16,user21,0.0,0.09445694421189063
46,4,user16,user12,0.0,0.16430719953212558
46,4,user16,user29,0.0,0.1332858901193967
46,4,user16,user15,0.0,0.15971304603635283
46,4,user23,user20,0.0,0.20076642455764807
46,4,user23,user35,0.0,0.18227454975481092
46,4,user23,user16,0.0,0.21055192882175344
46,4,user23,user9,0.0,0.2491497843634472
46,4,user23,user7,0.0,0.2529963536827393
46,4,user23,user21,0.0,0.11198410204057992
46,4,user23,user12,0.0,0.19908311456282848
46,4,user23,user29,0.0,0.16639732048448924
46,4,user23,user15,0.0,0.22212316202469104
46,4,user9,user20,1.0,0.4514877974295682
46,4,user9,user35,1.0,0.3523209075139664
46,4,user9,user16,1.0,0.41477759608827636
46,4,user9,user23,1.0,0.40376766568971045
46,4,user9,user7,1.0,0.5175476195745432
46,4,user9,user21,0.0,0.23027386958226864
46,4,user9,user12,1.0,0.3601407275641846
46,4,user9,user29,1.0,0.34731455453239485
46,4,user9,user15,1.0,0.4244836883971765
46,4,user7,user20,0.5,0.28748809460567226
46,4,user7,user35,0.0,0.22018195573511007
46,4,user7,user16,0.5,0.2861806367073914
46,4,user7,user23,0.25,0.2618792580958885
46,4,user7,user9,0.75,0.330624301806385
46,4,user7,user21,0.0,0.14469513474078277
46,4,user7,user12,0.25,0.2593212380770852
46,4,user7,user29,0.0,0.21945400240553115
46,4,user7,user15,0.25,0.2686292539290828
46,4,user21,user20,0.0,0.10731983694065081
46,4,user21,user35,0.0,0.08991099750194792
46,4,user21,user16,0.0,0.10472461637883995
46,4,user21,user23,0.0,0.08863721155852504
46,4,user21,user9,0.0,0.11595389386391658
46,4,user21,user7,0.0,0.1072282087496006
46,4,user21,user12,0.0,0.1050966552984649
46,4,user21,user29,0.0,0.09291097371620985
46,4,user21,user15,0.0,0.1163225742378994
46,4,user12,user20,0.0,0.17373881006290479
46,4,user12,user35,0.0,0.15999645761309222
46,4,user12,user16,0.0,0.19731274762582626
46,4,user12,user23,0.0,0.16736896924682299
46,4,user12,user9,0.0,0.18956961061881358
46,4,user12,user7,0.0,0.20470549583034195
46,4,user12,user21,0.0,0.11330631960929284
46,4,user12,user29,0.0,0.15142504485361968
46,4,user12,user15,0.0,0.19653877812675785
46,4,user29,user20,0.25,0.24717257520306368
46,4,user29,user35,0.25,0.20671840691411864
46,4,user29,user16,0.25,0.24453246293086206
46,4,user29,user23,0.25,0.22705931015330644
46,4,user29,user9,0.25,0.2816204656288682
46,4,user29,user7,0.25,0.2793726628735755
46,4,user29,user21,0.0,0.1633841449227001
46,4,user29,user12,0.25,0.24061156744103102
46,4,user29,user15,0.25,0.25969212719223134
46,4,user15,user20,0.0,0.20526674758622748
46,4,user15,user35,0.0,0.18869242017560287
46,4,user15,user16,0.0,0.22231361122181575
46,4,user15,user23,0.0,0.2109202810392245
46,4,user15,user9,0.25,0.24856487195284332
46,4,user15,user7,0.25,0.24589228761733678
46,4,user15,user21,0.0,0.12549018128380227
46,4,user15,user12,0.0,0.21663565300589055
46,4,user15,user29,0.0,0.1804950307760276
46,5,user20,user35,0.4,0.29438509620658326
46,5,user20,user16,0.6,0.33060110197512327
46,5,user20,user23,0.6,0.29675709993255317
46,5,user20,user9,0.8,0.371131452166912
46,5,user20,user7,0.8,0.3662995996902154
46,5,user20,user21,0.2,0.22227065819465444
46,5,user20,user12,0.6,0.329856371092489
46,5,user20,user29,0.4,0.29912414775869883
46,5,user20,user15,0.6,0.32274910493848485
46,5,user35,user20,0.0,0.18284866512637168
46,5,user35,user16,0.0,0.18658387124612488
46,5,user35,user23,0.0,0.16931237668663987
46,5,user35,user9,0.0,0.2114783681261251
46,5,user35,user7,0.0,0.2060556725303054
46,5,user35,user21,0.0,0.11413786245818511
46,5,user35,user12,0.0,0.17849696290099026
46,5,user35,user29,0.0,0.1572846609237986
46,5,user35,user15,0.0,0.17697471057343273
46,5,user16,user20,0.0,0.17387478111837468
46,5,user16,user35,0.0,0.14896791956664288
46,5,user16,user23,0.0,0.1593152398598655
46,5,user16,user9,0.0,0.19633839884286583
46,5,user16,user7,0.0,0.20056849799366283
46,5,user16,user21,0.0,0.1157149025423772
46,5,user16,user12,0.0,0.1824303669432239
46,5,user16,user29,0.0,0.15734360637295725
46,5,user16,user15,0.0,0.17364396769121537
46,5,user23,user20,0.0,0.2206490530660692
46,5,user23,user35,0.0,0.1964740237019607
46,5,user23,user16,0.0,0.2199533255354901
46,5,user23,user9,0.0,0.2613135656515023
46,5,user23,user7,0.0,0.2505417364950049
46,5,user23,user21,0.0,0.12675952450783978
46,5,user23,user12,0.0,0.21177588718991386
46,5,user23,user29,0.0,0.19688169161514002
46,5,user23,user15,0.0,0.227289615869457
46,5,user9,user20,1.0,0.48514131348281264
46,5,user9,user35,1.0,0.4043072212419224
46,5,user9,user16,1.0,0.4611852637710271
46,5,user9,user23,1.0,0.4416812957971835
46,5,user9,user7,1.0,0.5324640403677738
46,5,user9,user21,0.0,0.26830881847446547
46,5,user9,user12,1.0,0.41054680169441804
46,5,user9,user29,1.0,0.40818917856433945
46,5,user9,user15,1.0,0.450286250916298
46,5,user7,user20,0.4,0.2846406450050082
46,5,user7,user35,0.2,0.2234272995580703
46,5,user7,user16,0.4,0.2867178505549044
46,5,user7,user23,0.2,0.2526278411381217
46,5,user7,user9,0.6,0.3237266512024287
46,5,user7,user21,0.0,0.15835786045808228
46,5,user7,user12,0.4,0.2652963771279667
46,5,user7,user29,0.2,0.24888837048833964
46,5,user7,user15,0.4,0.25982026137539205
46,5,user21,user20,0.0,0.11702403669778368
46,5,user21,user35,0.0,0.10441528081988946
46,5,user21,user16,0.0,0.12010410586596723
46,5,user21,user23,0.0,0.09953183424864614
46,5,user21,user9,0.0,0.12955855658244092
46,5,user21,user7,0.0,0.11332185877160572
46,5,user21,user12,0.0,0.11993099240685301
46,5,user21,user29,0.0,0.10811983564751182
46,5,user21,user15,0.0,0.12283439887292205
46,5,user12,user20,0.0,0.1883307472444041
46,5,user12,user35,0.0,0.17051014938160103
46,5,user12,user16,0.0,0.21157274238201124
46,5,user12,user23,0.0,0.1774819320121746
46,5,user12,user9,0.0,0.20799835831425448
46,5,user12,user7,0.0,0.21160481709887397
46,5,user12,user21,0.0,0.1426396996223947
46,5,user12,user29,0.0,0.1770848449302242
46,5,user12,user15,0.0,0.20573157686697136
46,5,user29,user20,0.4,0.2850067452126538
46,5,user29,user35,0.4,0.24995546270726904
46,5,user29,user16,0.4,0.2815826293667988
46,5,user29,user23,0.4,0.2678361734122038
46,5,user29,user9,0.4,0.32349180979365144
46,5,user29,user7,0.4,0.31795846056231475
46,5,user29,user21,0.0,0.20106688576741777
46,5,user29,user12,0.4,0.2858099991045372
46,5,user29,user15,0.4,0.2905477260752457
46,5,user15,user20,0.0,0.23156319682324397
46,5,user15,user35,0.0,0.21339864243849221
46,5,user15,user16,0.2,0.24516791226391804
46,5,user15,user23,0.0,0.22135645873886994
46,5,user15,user9,0.4,0.2672066742745455
46,5,user15,user7,0.2,0.2578119588775506
46,5,user15,user21,0.0,0.14787912338953985
46,5,user15,user12,0.0,0.23782225350603098
46,5,user15,user29,0.0,0.20146959851186472
47,1,user12,user9,0.0,0.11363636363636363
47,1,user12,user7,0.0,0.13774104683195593
47,1,user12,user16,0.0,0.10606060606060606
47,1,user12,user35,0.0,0.05165289256198347
47,1,user12,user20,0.0,0.1081267217630854
47,1,user12,user21,0.0,0.0337465564738292
47,1,user12,user29,0.0,0.05096418732782369
47,1,user12,user15,0.0,0.07506887052341597
47,1,user12,user23,0.0,0.06887052341597796
47,1,user9,user12,0.0,0.21584699453551912
47,1,user9,user7,1.0,0.32650273224043713
47,1,user9,user16,0.0,0.17896174863387979
47,1,user9,user35,0.0,0.10109289617486339
47,1,user9,user20,0.0,0.226775956284153
47,1,user9,user21,0.0,0.045081967213114756
47,1,user9,user29,0.0,0.08333333333333333
47,1,user9,user15,0.0,0.09562841530054644
47,1,user9,user23,0.0,0.17759562841530055
47,1,user7,user12,0.0,0.20214782059380923
47,1,user7,user9,0.0,0.21099178774478838
47,1,user7,user16,0.0,0.1819330385344283
47,1,user7,user35,0.0,0.07327858496525584
47,1,user7,user20,0.0,0.2078332280480101
47,1,user7,user21,0.0,0.058749210360075806
47,1,user7,user29,0.0,0.06190777005685408
47,1,user7,user15,0.0,0.07327858496525584
47,1,user7,user23,0.0,0.12381554011370816
47,1,user16,user12,0.0,0.10208333333333333
47,1,user16,user9,0.0,0.10555555555555556
47,1,user16,user7,0.0,0.1284722222222222
47,1,user16,user35,0.0,0.029861111111111113
47,1,user16,user20,0.0,0.11875
47,1,user16,user21,0.0,0.043055555555555555
47,1,user16,user29,0.0,0.03680555555555556
47,1,user16,user15,0.0,0.034027777777777775
47,1,user16,user23,0.0,0.05347222222222222
47,1,user35,user12,0.0,0.05771495877502945
47,1,user35,user9,0.0,0.06713780918727916
47,1,user35,user7,0.0,0.0812720848056537
47,1,user35,user16,0.0,0.043580683156654886
47,1,user35,user20,0.0,0.0624263839811543
47,1,user35,user21,0.0,0.007067137809187279
47,1,user35,user29,0.0,0.028268551236749116
47,1,user35,user15,0.0,0.03769140164899882
47,1,user35,user23,0.0,0.050647820965842166
47,1,user20,user12,0.0,0.12219101123595505
47,1,user20,user9,0.0,0.13412921348314608
47,1,user20,user7,0.0,0.15870786516853932
47,1,user20,user16,0.0,0.125
47,1,user20,user35,0.0,0.054775280898876406
47,1,user20,user21,0.0,0.0449438202247191
47,1,user20,user29,0.0,0.0449438202247191
47,1,user20,user15,0.0,0.0625
47,1,user20,user23,0.0,0.07794943820224719
47,1,user21,user12,0.0,0.047619047619047616
47,1,user21,user9,0.0,0.05612244897959184
47,1,user21,user7,0.0,0.04931972789115646
47,1,user21,user16,0.0,0.047619047619047616
47,1,user21,user35,0.0,0.01020408163265306
47,1,user21,user20,0.0,0.0391156462585034
47,1,user21,user29,0.0,0.015306122448979591
47,1,user21,user15,0.0,0.022108843537414966
47,1,user21,user23,0.0,0.023809523809523808
47,1,user29,user12,0.0,0.10526315789473684
47,1,user29,user9,0.0,0.12781954887218044
47,1,user29,user7,0.0,0.13784461152882205
47,1,user29,user16,0.0,0.08771929824561403
47,1,user29,user35,0.0,0.05764411027568922
47,1,user29,user20,0.0,0.10776942355889724
47,1,user29,user21,0.0,0.02506265664160401
47,1,user29,user15,0.0,0.047619047619047616
47,1,user29,user23,0.0,0.08020050125313283
47,1,user15,user12,0.0,0.09634551495016612
47,1,user15,user9,0.0,0.09966777408637874
47,1,user15,user7,0.0,0.11295681063122924
47,1,user15,user16,0.0,0.07308970099667775
47,1,user15,user35,0.0,0.053156146179401995
47,1,user15,user20,0.0,0.11129568106312292
47,1,user15,user21,0.0,0.019933554817275746
47,1,user15,user29,0.0,0.03488372093023256
47,1,user15,user23,0.0,0.06312292358803986
47,1,user23,user12,0.0,0.0847682119205298
47,1,user23,user9,0.0,0.14834437086092717
47,1,user23,user7,0.0,0.1629139072847682
47,1,user23,user16,0.0,0.06490066225165562
47,1,user23,user35,0.0,0.060927152317880796
47,1,user23,user20,0.0,0.12450331125827814
47,1,user23,user21,0.0,0.02384105960264901
47,1,user23,user29,0.0,0.060927152317880796
47,1,user23,user15,0.0,0.05827814569536424
47,2,user12,user9,0.0,0.14572572314049587
47,2,user12,user7,0.0,0.15835409577053963
47,2,user12,user16,0.0,0.1390652852049911
47,2,user12,user35,0.0,0.09244475166099497
47,2,user12,user20,0.0,0.14251007737805865
47,2,user12,user21,0.0,0.054888794360719494
47,2,user12,user29,0.0,0.09738342651110031
47,2,user12,user15,0.0,0.13871840058337384
47,2,user12,user23,0.0,0.0972682203046508
47,2,user9,user12,0.0,0.2803148963157996
47,2,user9,user7,1.0,0.4294053773566775
47,2,user9,user16,0.5,0.29622387074869155
47,2,user9,user35,0.0,0.25160234850959967
47,2,user9,user20,1.0,0.3628146240526845
47,2,user9,user21,0.0,0.1184352558312353
47,2,user9,user29,0.0,0.21411171756385372
47,2,user9,user15,0.5,0.2825722778493136
47,2,user9,user23,0.0,0.25130686295235716
47,2,user7,user12,0.0,0.2090614532171854
47,2,user7,user9,0.0,0.27207460261589345
47,2,user7,user16,0.0,0.23292524586648267
47,2,user7,user35,0.0,0.14407111537950504
47,2,user7,user20,0.0,0.25073159701906556
47,2,user7,user21,0.0,0.08469788551328343
47,2,user7,user29,0.0,0.14875580720431336
47,2,user7,user15,0.0,0.18362141107197555
47,2,user7,user23,0.0,0.17019298683195297
47,2,user16,user12,0.0,0.13394764957264957
47,2,user16,user9,0.0,0.15689102564102564
47,2,user16,user7,0.0,0.17053952991452992
47,2,user16,user35,0.0,0.0748397435897436
47,2,user16,user20,0.0,0.14994658119658122
47,2,user16,user21,0.0,0.05555555555555555
47,2,user16,user29,0.0,0.09607371794871794
47,2,user16,user15,0.0,0.11605235042735043
47,2,user16,user23,0.0,0.10625
47,2,user35,user12,0.0,0.11325328899889342
47,2,user35,user9,0.0,0.15974119236121878
47,2,user35,user7,0.0,0.15966011450687737
47,2,user35,user16,0.0,0.10812043714327971
47,2,user35,user20,0.0,0.1309050961440798
47,2,user35,user21,0.0,0.04724967880696165
47,2,user35,user29,0.0,0.09391042946315768
47,2,user35,user15,0.0,0.11165400604787334
47,2,user35,user23,0.0,0.10652115419225966
47,2,user20,user12,0.0,0.20567668390702099
47,2,user20,user9,0.5,0.2721988139825218
47,2,user20,user7,0.5,0.28043814279769336
47,2,user20,user16,0.0,0.21398103561024912
47,2,user20,user35,0.0,0.15937852981392306
47,2,user20,user21,0.0,0.10091552226383688
47,2,user20,user29,0.0,0.16132178526841448
47,2,user20,user15,0.0,0.19413047678497117
47,2,user20,user23,0.0,0.1636904761904762
47,2,user21,user12,0.0,0.06212834784263356
47,2,user21,user9,0.0,0.08886946386946387
47,2,user21,user7,0.0,0.07946815089672232
47,2,user21,user16,0.0,0.06125422196850769
47,2,user21,user35,0.0,0.04585295656724228
47,2,user21,user20,0.0,0.07601921887636173
47,2,user21,user29,0.0,0.05260810617953475
47,2,user21,user15,0.0,0.06552970838685124
47,2,user21,user23,0.0,0.05093121164549736
47,2,user29,user12,0.0,0.21389426914141338
47,2,user29,user9,0.5,0.25357003055305605
47,2,user29,user7,0.5,0.2638924898453029
47,2,user29,user16,0.0,0.19545821958547485
47,2,user29,user35,0.0,0.17171224206561025
47,2,user29,user20,0.5,0.24724590380616857
47,2,user29,user21,0.0,0.09677337359626247
47,2,user29,user15,0.0,0.21216326821109568
47,2,user29,user23,0.0,0.1606145180395207
47,2,user15,user12,0.0,0.1728646187457908
47,2,user15,user9,0.0,0.20984448862665994
47,2,user15,user7,0.0,0.20658909358072508
47,2,user15,user16,0.0,0.1790966741962614
47,2,user15,user35,0.0,0.13352678269331777
47,2,user15,user20,0.0,0.19348937102642016
47,2,user15,user21,0.0,0.06039196857548876
47,2,user15,user29,0.0,0.1295076869536076
47,2,user15,user23,0.0,0.1380977085756821
47,2,user23,user12,0.0,0.12510263869117616
47,2,user23,user9,0.0,0.19007241443337253
47,2,user23,user7,0.0,0.1898392853458769
47,2,user23,user16,0.0,0.15002991479441313
47,2,user23,user35,0.0,0.120858864063048
47,2,user23,user20,0.0,0.16689360648635265
47,2,user23,user21,0.0,0.05133275566833777
47,2,user23,user29,0.0,0.10812238245548886
47,2,user23,user15,0.0,0.14247488188813928
47,3,user12,user9,0.0,0.16436234587712964
47,3,user12,user7,0.0,0.18669403591493564
47,3,user12,user16,0.0,0.15763938217909326
47,3,user12,user35,0.0,0.13184657304575795
47,3,user12,user20,0.0,0.1567907427554188
47,3,user12,user21,0.0,0.09243350513598685
47,3,user12,user29,0.0,0.12044272779453326
47,3,user12,user15,0.0,0.16160963084717692
47,3,user12,user23,0.0,0.13385811544655843
47,3,user9,user12,1.0,0.332353496238959
47,3,user9,user7,1.0,0.4703513752315411
47,3,user9,user16,1.0,0.33775360508395313
47,3,user9,user35,0.6666666666666666,0.310626044611172
47,3,user9,user20,1.0,0.40749341103768266
47,3,user9,user21,0.0,0.2086701445815272
47,3,user9,user29,0.6666666666666666,0.2884229443815831
47,3,user9,user15,1.0,0.350517834210915
47,3,user9,user23,1.0,0.3451687711003914
47,3,user7,user12,0.0,0.2271910278953765
47,3,user7,user9,0.3333333333333333,0.27970695739010554
47,3,user7,user16,0.0,0.23904296158176888
47,3,user7,user35,0.0,0.1819125682067153
47,3,user7,user20,0.3333333333333333,0.253065496428115
47,3,user7,user21,0.0,0.12711078871374862
47,3,user7,user29,0.0,0.17379255856416187
47,3,user7,user15,0.0,0.21179376474600997
47,3,user7,user23,0.0,0.2088217996300963
47,3,user16,user12,0.0,0.14520352394159394
47,3,user16,user9,0.0,0.1665636622224639
47,3,user16,user7,0.0,0.18239009208653958
47,3,user16,user35,0.0,0.10721497509010765
47,3,user16,user20,0.0,0.14943348499817213
47,3,user16,user21,0.0,0.08242615780394147
47,3,user16,user29,0.0,0.1103640409313792
47,3,user16,user15,0.0,0.13103836410437683
47,3,user16,user23,0.0,0.12660405582595402
47,3,user35,user12,0.0,0.15156887064025923
47,3,user35,user9,0.0,0.17589685298351854
47,3,user35,user7,0.0,0.18236328888454012
47,3,user35,user16,0.0,0.1326420516116987
47,3,user35,user20,0.0,0.1544714397228344
47,3,user35,user21,0.0,0.09118956243861721
47,3,user35,user29,0.0,0.11941641460287646
47,3,user35,user15,0.0,0.13276520113729298
47,3,user35,user23,0.0,0.14322862865336441
47,3,user20,user12,0.0,0.2448971149401035
47,3,user20,user9,0.3333333333333333,0.2986509947942176
47,3,user20,user7,0.6666666666666666,0.3048453882181262
47,3,user20,user16,0.0,0.23582739811311185
47,3,user20,user35,0.0,0.2190964499396907
47,3,user20,user21,0.0,0.16869805639855104
47,3,user20,user29,0.0,0.2052302889670509
47,3,user20,user15,0.0,0.23447876670051357
47,3,user20,user23,0.0,0.22676860468454893
47,3,user21,user12,0.0,0.0987146277876354
47,3,user21,user9,0.0,0.12119402157485011
47,3,user21,user7,0.0,0.10857235731840971
47,3,user21,user16,0.0,0.09151381262657503
47,3,user21,user35,0.0,0.08370781694207292
47,3,user21,user20,0.0,0.10863870375295231
47,3,user21,user29,0.0,0.0889115734926621
47,3,user21,user15,0.0,0.1003121334256389
47,3,user21,user23,0.0,0.08986070383060908
47,3,user29,user12,0.3333333333333333,0.2209084982612702
47,3,user29,user9,0.3333333333333333,0.26811073388380335
47,3,user29,user7,0.3333333333333333,0.2699812163367405
47,3,user29,user16,0.0,0.20711174115965716
47,3,user29,user35,0.0,0.20320736412842325
47,3,user29,user20,0.3333333333333333,0.2512257820957016
47,3,user29,user21,0.0,0.15297927117964769
47,3,user29,user15,0.3333333333333333,0.21808365386495146
47,3,user29,user23,0.0,0.20022460461911884
47,3,user15,user12,0.0,0.2090295401895368
47,3,user15,user9,0.0,0.24426229530917434
47,3,user15,user7,0.0,0.24886161265964268
47,3,user15,user16,0.0,0.198980583790814
47,3,user15,user35,0.0,0.18407624976772116
47,3,user15,user20,0.0,0.21317160036856933
47,3,user15,user21,0.0,0.11985919786029368
47,3,user15,user29,0.0,0.16433538203034895
47,3,user15,user23,0.0,0.19163380806404318
47,3,user23,user12,0.0,0.15892457345629343
47,3,user23,user9,0.0,0.2201839381623376
47,3,user23,user7,0.0,0.21671284548149064
47,3,user23,user16,0.0,0.17416616808675978
47,3,user23,user35,0.0,0.15362169819754767
47,3,user23,user20,0.0,0.18267308287429598
47,3,user23,user21,0.0,0.10054474496778142
47,3,user23,user29,0.0,0.13709402185499234
47,3,user23,user15,0.0,0.1691294794825772
47,4,user12,user9,0.0,0.17723984212028784
47,4,user12,user7,0.0,0.1918244245769987
47,4,user12,user16,0.0,0.17169541384648607
47,4,user12,user35,0.0,0.13432381610162153
47,4,user12,user20,0.0,0.16461979921129394
47,4,user12,user21,0.0,0.11570533974278623
47,4,user12,user29,0.0,0.16466357177927915
47,4,user12,user15,0.0,0.1724769765822468
47,4,user12,user23,0.0,0.14993684924435663
47,4,user9,user12,1.0,0.3669469624759759
47,4,user9,user7,1.0,0.512784571538197
47,4,user9,user16,1.0,0.4003184267856545
47,4,user9,user35,1.0,0.3500348142396833
47,4,user9,user20,1.0,0.44207217103213975
47,4,user9,user21,0.0,0.2502720605483981
47,4,user9,user29,1.0,0.40989813744208276
47,4,user9,user15,1.0,0.4130956449968274
47,4,user9,user23,1.0,0.4101359000146018
47,4,user7,user12,0.0,0.2587945564125177
47,4,user7,user9,0.75,0.33384160249441364
47,4,user7,user16,0.5,0.2861245209843003
47,4,user7,user35,0.0,0.20935987316675142
47,4,user7,user20,0.5,0.2845060643074495
47,4,user7,user21,0.0,0.16613919936651222
47,4,user7,user29,0.25,0.268039840942776
47,4,user7,user15,0.25,0.25223760779658
47,4,user7,user23,0.25,0.2622337712393921
47,4,user16,user12,0.0,0.1594062620898168
47,4,user16,user9,0.0,0.18693739269728554
47,4,user16,user7,0.0,0.199818768279326
47,4,user16,user35,0.0,0.12537109178410039
47,4,user16,user20,0.0,0.1653621336919671
47,4,user16,user21,0.0,0.10696992399425842
47,4,user16,user29,0.0,0.15614091884515924
47,4,user16,user15,0.0,0.15190847671766633
47,4,user16,user23,0.0,0.15100928578430742
47,4,user35,user12,0.0,0.15240752091888038
47,4,user35,user9,0.0,0.18124483785392895
47,4,user35,user7,0.0,0.18418521733219256
47,4,user35,user16,0.0,0.15655895789763122
47,4,user35,user20,0.0,0.15345192065367216
47,4,user35,user21,0.0,0.0986226655139781
47,4,user35,user29,0.0,0.15247431613756884
47,4,user35,user15,0.0,0.1419017441789138
47,4,user35,user23,0.0,0.15294280218057832
47,4,user20,user12,0.5,0.29969304422129844
47,4,user20,user9,0.75,0.34779451377833837
47,4,user20,user7,0.75,0.3481648467063291
47,4,user20,user16,0.5,0.29819244267442396
47,4,user20,user35,0.25,0.2462882506232093
47,4,user20,user21,0.0,0.21434769796673694
47,4,user20,user29,0.75,0.2979052324283865
47,4,user20,user15,0.5,0.2927590930126099
47,4,user20,user23,0.5,0.2876396968942489
47,4,user21,user12,0.0,0.11276972187644727
47,4,user21,user9,0.0,0.13517052759672646
47,4,user21,user7,0.0,0.12398790257493633
47,4,user21,user16,0.0,0.11227928424404146
47,4,user21,user35,0.0,0.0965163942424033
47,4,user21,user20,0.0,0.11528488385509927
47,4,user21,user29,0.0,0.11564908604202179
47,4,user21,user15,0.0,0.11371499097719763
47,4,user21,user23,0.0,0.09840683025893932
47,4,user29,user12,0.25,0.2584792118120154
47,4,user29,user9,0.5,0.31514261344257843
47,4,user29,user7,0.5,0.3153466612138386
47,4,user29,user16,0.25,0.25810594432395817
47,4,user29,user35,0.25,0.23772139087045263
47,4,user29,user20,0.5,0.2840912948693316
47,4,user29,user21,0.0,0.18441276279657254
47,4,user29,user15,0.25,0.2612178116930448
47,4,user29,user23,0.25,0.24486597552724226
47,4,user15,user12,0.0,0.23255943452943523
47,4,user15,user9,0.25,0.27645350371844735
47,4,user15,user7,0.25,0.2737462105848761
47,4,user15,user16,0.0,0.24480818710077987
47,4,user15,user35,0.0,0.20223770156945822
47,4,user15,user20,0.0,0.23337786599307014
47,4,user15,user21,0.0,0.14922780982036352
47,4,user15,user29,0.0,0.2305486189051147
47,4,user15,user23,0.0,0.22298132931842624
47,4,user23,user12,0.0,0.18951197353276597
47,4,user23,user9,0.0,0.2547532556623738
47,4,user23,user7,0.0,0.24947528892592552
47,4,user23,user16,0.0,0.20949478158718934
47,4,user23,user35,0.0,0.17851819890463783
47,4,user23,user20,0.0,0.20827593949527415
47,4,user23,user21,0.0,0.11587717598965445
47,4,user23,user29,0.0,0.19660612417299175
47,4,user23,user15,0.0,0.19723264380077768
47,5,user12,user9,0.0,0.18519217142670907
47,5,user12,user7,0.0,0.1964026904647196
47,5,user12,user16,0.0,0.19089459203793394
47,5,user12,user35,0.0,0.15436023525023243
47,5,user12,user20,0.0,0.17372641826721802
47,5,user12,user21,0.0,0.12291797073141406
47,5,user12,user29,0.0,0.17474814196703137
47,5,user12,user15,0.0,0.18240388188011203
47,5,user12,user23,0.0,0.1605541923779717
47,5,user9,user12,1.0,0.3999608421652658
47,5,user9,user7,1.0,0.5283299101389496
47,5,user9,user16,1.0,0.46294722108020203
47,5,user9,user35,1.0,0.39485159092085037
47,5,user9,user20,1.0,0.47283922787872756
47,5,user9,user21,0.0,0.2638741304594574
47,5,user9,user29,1.0,0.44119002178649325
47,5,user9,user15,1.0,0.4380451008130005
47,5,user9,user23,1.0,0.44484996067540444
47,5,user7,user12,0.4,0.2568063418911127
47,5,user7,user9,0.6,0.32229827082393736
47,5,user7,user16,0.4,0.29591186689236565
47,5,user7,user35,0.2,0.22633035296598708
47,5,user7,user20,0.4,0.2830105972253092
47,5,user7,user21,0.0,0.16050700357989794
47,5,user7,user29,0.2,0.26422694105479916
47,5,user7,user15,0.2,0.24702531178874798
47,5,user7,user23,0.4,0.2628246025653692
47,5,user16,user12,0.0,0.1749550873598928
47,5,user16,user9,0.0,0.19839289482569714
47,5,user16,user7,0.0,0.20536969798969223
47,5,user16,user35,0.0,0.14769863237857622
47,5,user16,user20,0.0,0.18131045183909109
47,5,user16,user21,0.0,0.11295241369753643
47,5,user16,user29,0.0,0.16958136870271975
47,5,user16,user15,0.0,0.1648481175574213
47,5,user16,user23,0.0,0.16600236118883283
47,5,user35,user12,0.0,0.17979238643381062
47,5,user35,user9,0.0,0.20858473631412258
47,5,user35,user7,0.0,0.2091586354558514
47,5,user35,user16,0.0,0.18979085728174236
47,5,user35,user20,0.0,0.18101983568983368
47,5,user35,user21,0.0,0.11413786245818514
47,5,user35,user29,0.0,0.17396611728697212
47,5,user35,user15,0.0,0.17175161724352891
47,5,user35,user23,0.0,0.17786005643466887
47,5,user20,user12,0.4,0.31565149290811795
47,5,user20,user9,0.8,0.3631630566222814
47,5,user20,user7,0.8,0.3551129225937916
47,5,user20,user16,0.6,0.32970880015038506
47,5,user20,user35,0.4,0.2817643286302423
47,5,user20,user21,0.0,0.21612972203344838
47,5,user20,user29,0.8,0.31435442200560715
47,5,user20,user15,0.6,0.3062527594078682
47,5,user20,user23,0.6,0.3064505500722663
47,5,user21,user12,0.0,0.11542003530104154
47,5,user21,user9,0.0,0.12928946833242672
47,5,user21,user7,0.0,0.11838183496646879
47,5,user21,user16,0.0,0.12092793502128221
47,5,user21,user35,0.0,0.10441528081988945
47,5,user21,user20,0.0,0.1167154480869651
47,5,user21,user29,0.0,0.11601027674003847
47,5,user21,user15,0.0,0.1157456722507854
47,5,user21,user23,0.0,0.10112960954909633
47,5,user29,user12,0.4,0.27320857657867614
47,5,user29,user9,0.4,0.32169187978843106
47,5,user29,user7,0.4,0.31539889366627927
47,5,user29,user16,0.4,0.2900929492519899
47,5,user29,user35,0.4,0.2522083260637066
47,5,user29,user20,0.4,0.28910965168985225
47,5,user29,user21,0.0,0.18976365090778322
47,5,user29,user15,0.4,0.269028247305222
47,5,user29,user23,0.2,0.2553458606541139
47,5,user15,user12,0.0,0.2535927576716904
47,5,user15,user9,0.4,0.28215526762206883
47,5,user15,user7,0.4,0.28490111210795094
47,5,user15,user16,0.4,0.27769307421108863
47,5,user15,user35,0.0,0.22566208393021664
47,5,user15,user20,0.2,0.24907736316040605
47,5,user15,user21,0.0,0.1610432322472949
47,5,user15,user29,0.0,0.2395088745982532
47,5,user15,user23,0.0,0.23982635162958293
47,5,user23,user12,0.0,0.21223910094817824
47,5,user23,user9,0.2,0.2684190651194771
47,5,user23,user7,0.0,0.2565588891391121
47,5,user23,user16,0.0,0.2371725892078252
47,5,user23,user35,0.0,0.19894203060484963
47,5,user23,user20,0.0,0.22680252750868285
47,5,user23,user21,0.0,0.12825081745479064
47,5,user23,user29,0.0,0.20751233498868324
47,5,user23,user15,0.0,0.21505215627778607
48,1,user15,user12,0.0,0.09137635636778983
48,1,user15,user20,0.0,0.08052541404911479
48,1,user15,user35,0.0,0.0799543118218161
48,1,user15,user29,0.0,0.08794974300399772
48,1,user15,user9,0.0,0.10336950314106225
48,1,user15,user21,0.0,0.027984009137635636
48,1,user15,user16,0.0,0.08509423186750428
48,1,user15,user23,0.0,0.059394631639063396
48,1,user15,user7,0.0,0.11536264991433466
48,1,user12,user15,0.0,0.09994121105232216
48,1,user12,user20,0.0,0.06819517930629042
48,1,user12,user35,0.0,0.07995296884185774
48,1,user12,user29,0.0,0.09053497942386832
48,1,user12,user9,0.0,0.10170487948265726
48,1,user12,user21,0.0,0.019400352733686066
48,1,user12,user16,0.0,0.09876543209876543
48,1,user12,user23,0.0,0.07113462669018225
48,1,user12,user7,0.0,0.1011169900058789
48,1,user20,user15,0.0,0.2833607907742998
48,1,user20,user12,0.0,0.19769357495881384
48,1,user20,user35,0.0,0.20593080724876442
48,1,user20,user29,0.0,0.24382207578253706
48,1,user20,user9,1.0,0.3014827018121911
48,1,user20,user21,0.0,0.03130148270181219
48,1,user20,user16,0.0,0.24382207578253706
48,1,user20,user23,0.0,0.1630971993410214
48,1,user20,user7,1.0,0.32948929159802304
48,1,user35,user15,0.0,0.14148351648351648
48,1,user35,user12,0.0,0.11675824175824176
48,1,user35,user20,0.0,0.1043956043956044
48,1,user35,user29,0.0,0.10164835164835165
48,1,user35,user9,0.0,0.1346153846153846
48,1,user35,user21,0.0,0.042582417582417584
48,1,user35,user16,0.0,0.10851648351648352
48,1,user35,user23,0.0,0.07005494505494506
48,1,user35,user7,0.0,0.14560439560439561
48,1,user29,user15,0.0,0.24256651017214398
48,1,user29,user12,0.0,0.20970266040688576
48,1,user29,user20,0.0,0.21752738654147105
48,1,user29,user35,0.0,0.162754303599374
48,1,user29,user9,0.0,0.2300469483568075
48,1,user29,user21,0.0,0.0594679186228482
48,1,user29,user16,0.0,0.20031298904538342
48,1,user29,user23,0.0,0.14241001564945227
48,1,user29,user7,0.0,0.27073552425665104
48,1,user9,user15,0.0,0.24175824175824176
48,1,user9,user12,0.0,0.18681318681318682
48,1,user9,user20,0.0,0.271585557299843
48,1,user9,user35,0.0,0.16169544740973313
48,1,user9,user29,0.0,0.20408163265306123
48,1,user9,user21,0.0,0.06907378335949764
48,1,user9,user16,0.0,0.1978021978021978
48,1,user9,user23,0.0,0.17425431711145997
48,1,user9,user7,0.0,0.28885400313971743
48,1,user21,user15,0.0,0.050699300699300696
48,1,user21,user12,0.0,0.04020979020979021
48,1,user21,user20,0.0,0.026223776223776224
48,1,user21,user35,0.0,0.043706293706293704
48,1,user21,user29,0.0,0.04195804195804196
48,1,user21,user9,0.0,0.05244755244755245
48,1,user21,user16,0.0,0.04020979020979021
48,1,user21,user23,0.0,0.03146853146853147
48,1,user21,user7,0.0,0.043706293706293704
48,1,user16,user15,0.0,0.10176282051282051
48,1,user16,user12,0.0,0.10576923076923077
48,1,user16,user20,0.0,0.09775641025641026
48,1,user16,user35,0.0,0.08012820512820513
48,1,user16,user29,0.0,0.10096153846153846
48,1,user16,user9,0.0,0.10176282051282051
48,1,user16,user21,0.0,0.020833333333333332
48,1,user16,user23,0.0,0.058493589743589744
48,1,user16,user7,0.0,0.1282051282051282
48,1,user23,user15,0.0,0.10747663551401869
48,1,user23,user12,0.0,0.102803738317757
48,1,user23,user20,0.0,0.09345794392523364
48,1,user23,user35,0.0,0.07476635514018691
48,1,user23,user29,0.0,0.09190031152647975
48,1,user23,user9,0.0,0.13707165109034267
48,1,user23,user21,0.0,0.028037383177570093
48,1,user23,user16,0.0,0.08255451713395638
48,1,user23,user7,0.0,0.09501557632398754
48,1,user7,user15,0.0,0.14538745387453875
48,1,user7,user12,0.0,0.11586715867158671
48,1,user7,user20,0.0,0.14760147601476015
48,1,user7,user35,0.0,0.10848708487084871
48,1,user7,user29,0.0,0.13136531365313653
48,1,user7,user9,0.0,0.16826568265682657
48,1,user7,user21,0.0,0.03247232472324723
48,1,user7,user16,0.0,0.14317343173431735
48,1,user7,user23,0.0,0.07011070110701106
48,2,user15,user12,0.0,0.16739693155802338
48,2,user15,user20,0.0,0.15527278024861502
48,2,user15,user35,0.0,0.15179188170705835
48,2,user15,user29,0.0,0.1453150506763213
48,2,user15,user9,0.0,0.20695642395837544
48,2,user15,user21,0.0,0.06315055661694773
48,2,user15,user16,0.0,0.17444957322433463
48,2,user15,user23,0.0,0.1509942219521504
48,2,user15,user7,0.0,0.2116113779516873
48,2,user12,user15,0.0,0.14143287716991743
48,2,user12,user20,0.0,0.09541660729034027
48,2,user12,user35,0.0,0.09035723351777025
48,2,user12,user29,0.0,0.10797808413408375
48,2,user12,user9,0.0,0.12433479360788946
48,2,user12,user21,0.0,0.04379214761491043
48,2,user12,user16,0.0,0.13221920360640316
48,2,user12,user23,0.0,0.1111593783183705
48,2,user12,user7,0.0,0.14310537420876257
48,2,user20,user15,0.5,0.30364188013588955
48,2,user20,user12,0.0,0.22562753183467427
48,2,user20,user35,0.0,0.23214963700052493
48,2,user20,user29,0.5,0.24993974769968275
48,2,user20,user9,0.5,0.3330747161538893
48,2,user20,user21,0.0,0.11105571934643588
48,2,user20,user16,0.5,0.25180839438349517
48,2,user20,user23,0.0,0.23457788724070877
48,2,user20,user7,0.5,0.3484365766128633
48,2,user35,user15,0.0,0.14788002045069182
48,2,user35,user12,0.0,0.11510390375231365
48,2,user35,user20,0.0,0.10941524612019313
48,2,user35,user29,0.0,0.09822884712460683
48,2,user35,user9,0.0,0.14778213541464424
48,2,user35,user21,0.0,0.04435405583815478
48,2,user35,user16,0.0,0.11451497560154805
48,2,user35,user23,0.0,0.10627321735978978
48,2,user35,user7,0.0,0.1567123247776958
48,2,user29,user15,0.5,0.23364918508340013
48,2,user29,user12,0.0,0.19148631627161344
48,2,user29,user20,0.0,0.1995448299553418
48,2,user29,user35,0.0,0.16106053666170467
48,2,user29,user9,0.5,0.24420779419061794
48,2,user29,user21,0.0,0.0852608878201458
48,2,user29,user16,0.0,0.21448337722813848
48,2,user29,user23,0.0,0.18843753578380856
48,2,user29,user7,0.5,0.2695522729875186
48,2,user9,user15,1.0,0.3534224944373998
48,2,user9,user12,0.0,0.23970251821533015
48,2,user9,user20,1.0,0.3348639302415889
48,2,user9,user35,0.0,0.22891227011139925
48,2,user9,user29,0.0,0.26867404911283654
48,2,user9,user21,0.0,0.10533512710702461
48,2,user9,user16,0.5,0.31053112019449314
48,2,user9,user23,0.5,0.2874819871135396
48,2,user9,user7,1.0,0.4241231888192196
48,2,user21,user15,0.0,0.07535321821036106
48,2,user21,user12,0.0,0.05760311117453975
48,2,user21,user20,0.0,0.06491722563151135
48,2,user21,user35,0.0,0.04549022406165264
48,2,user21,user29,0.0,0.062187812187812185
48,2,user21,user9,0.0,0.07442557442557443
48,2,user21,user16,0.0,0.06202725845582989
48,2,user21,user23,0.0,0.05275082060796346
48,2,user21,user7,0.0,0.08719851576994433
48,2,user16,user15,0.0,0.15022314587802635
48,2,user16,user12,0.0,0.1274469429972418
48,2,user16,user20,0.0,0.11786954745122075
48,2,user16,user35,0.0,0.09070640514863623
48,2,user16,user29,0.0,0.11028194912657065
48,2,user16,user9,0.0,0.15021867657574828
48,2,user16,user21,0.0,0.04354696598222495
48,2,user16,user23,0.0,0.1107116406170191
48,2,user16,user7,0.0,0.17101402083971806
48,2,user23,user15,0.0,0.16432398753894079
48,2,user23,user12,0.0,0.14192990654205606
48,2,user23,user20,0.0,0.13203582554517135
48,2,user23,user35,0.0,0.11340186915887851
48,2,user23,user29,0.0,0.12730529595015577
48,2,user23,user9,0.0,0.17622741433021805
48,2,user23,user21,0.0,0.046306853582554514
48,2,user23,user16,0.0,0.12691121495327104
48,2,user23,user7,0.0,0.17855451713395637
48,2,user7,user15,0.0,0.21944367390610103
48,2,user7,user12,0.0,0.1895163790551361
48,2,user7,user20,0.0,0.20627795791539721
48,2,user7,user35,0.0,0.16123666353530244
48,2,user7,user29,0.0,0.18309599457333803
48,2,user7,user9,0.0,0.2650103847848333
48,2,user7,user21,0.0,0.0737431613103244
48,2,user7,user16,0.0,0.22855641001135216
48,2,user7,user23,0.0,0.18371861545526386
48,3,user15,user12,0.0,0.2051732020078493
48,3,user15,user20,0.0,0.20053336542515268
48,3,user15,user35,0.0,0.19463393436059118
48,3,user15,user29,0.0,0.17050046600670457
48,3,user15,user9,0.0,0.23636794356424884
48,3,user15,user21,0.0,0.10280111141867125
48,3,user15,user16,0.0,0.21994401982144685
48,3,user15,user23,0.0,0.1926554218300819
48,3,user15,user7,0.0,0.24831707971721173
48,3,user12,user15,0.0,0.18191608324240605
48,3,user12,user20,0.0,0.1496054970581139
48,3,user12,user35,0.0,0.14106005731078405
48,3,user12,user29,0.0,0.1503480179396477
48,3,user12,user9,0.0,0.16608324350876236
48,3,user12,user21,0.0,0.10276023543486727
48,3,user12,user16,0.0,0.17833340963478525
48,3,user12,user23,0.0,0.14526213162893808
48,3,user12,user7,0.0,0.19866566425639734
48,3,user20,user15,0.3333333333333333,0.3202403637903963
48,3,user20,user12,0.3333333333333333,0.2717287513106499
48,3,user20,user35,0.3333333333333333,0.2702794067005191
48,3,user20,user29,0.3333333333333333,0.26352032816691956
48,3,user20,user9,0.6666666666666666,0.35117278708579924
48,3,user20,user21,0.0,0.1502829246950108
48,3,user20,user16,0.3333333333333333,0.29565577652856
48,3,user20,user23,0.3333333333333333,0.2668471274810807
48,3,user20,user7,1.0,0.36562233014445517
48,3,user35,user15,0.0,0.17271128440687847
48,3,user35,user12,0.0,0.13896712272113962
48,3,user35,user20,0.0,0.13927751925944054
48,3,user35,user29,0.0,0.12453000092537138
48,3,user35,user9,0.0,0.17629098721801925
48,3,user35,user21,0.0,0.07410183948443373
48,3,user35,user16,0.0,0.1457226751303374
48,3,user35,user23,0.0,0.1335723746703328
48,3,user35,user7,0.0,0.18565431203184166
48,3,user29,user15,0.3333333333333333,0.25029927322953777
48,3,user29,user12,0.3333333333333333,0.2379007908894546
48,3,user29,user20,0.0,0.22226954947669478
48,3,user29,user35,0.0,0.19276118108134596
48,3,user29,user9,0.3333333333333333,0.2670189715878483
48,3,user29,user21,0.0,0.125208900543837
48,3,user29,user16,0.3333333333333333,0.2366812577221371
48,3,user29,user23,0.0,0.21528748615660329
48,3,user29,user7,0.3333333333333333,0.27947407885573466
48,3,user9,user15,1.0,0.4085930179650103
48,3,user9,user12,0.6666666666666666,0.30400033029060886
48,3,user9,user20,1.0,0.3896617941479308
48,3,user9,user35,0.6666666666666666,0.30797582726928646
48,3,user9,user29,1.0,0.3225010649505667
48,3,user9,user21,0.0,0.16898106103192098
48,3,user9,user16,1.0,0.3612186209741058
48,3,user9,user23,1.0,0.3425938024832682
48,3,user9,user7,1.0,0.4652922267297696
48,3,user21,user15,0.0,0.09622372087746049
48,3,user21,user12,0.0,0.09450258223507135
48,3,user21,user20,0.0,0.08386989609783436
48,3,user21,user35,0.0,0.07455777964286077
48,3,user21,user29,0.0,0.08001113778715678
48,3,user21,user9,0.0,0.09704004609030331
48,3,user21,user16,0.0,0.08948688826013718
48,3,user21,user23,0.0,0.06935822388928838
48,3,user21,user7,0.0,0.1026285085446146
48,3,user16,user15,0.0,0.16407908253027775
48,3,user16,user12,0.0,0.15626667120691026
48,3,user16,user20,0.0,0.14811445102779763
48,3,user16,user35,0.0,0.12549616349417145
48,3,user16,user29,0.0,0.134642626076889
48,3,user16,user9,0.0,0.17137362231983744
48,3,user16,user21,0.0,0.06882654566917516
48,3,user16,user23,0.0,0.13436375580299884
48,3,user16,user7,0.0,0.19461661899410906
48,3,user23,user15,0.0,0.20296796710060314
48,3,user23,user12,0.0,0.1702487397963043
48,3,user23,user20,0.0,0.1702350477605166
48,3,user23,user35,0.0,0.15205923129293805
48,3,user23,user29,0.0,0.15625790678962678
48,3,user23,user9,0.0,0.2129548045910613
48,3,user23,user21,0.0,0.07001483361185039
48,3,user23,user16,0.0,0.17681604120676972
48,3,user23,user7,0.0,0.21671284548149064
48,3,user7,user15,0.0,0.23098881086552123
48,3,user7,user12,0.0,0.21996018840018883
48,3,user7,user20,0.0,0.23386496777508
48,3,user7,user35,0.0,0.19323302897226824
48,3,user7,user29,0.0,0.19911706492674877
48,3,user7,user9,0.3333333333333333,0.2720584431833047
48,3,user7,user21,0.0,0.10180620938127745
48,3,user7,user16,0.0,0.24802672752529722
48,3,user7,user23,0.0,0.2088217996300963
48,4,user15,user12,0.0,0.23291738071683943
48,4,user15,user20,0.0,0.22387270757770972
48,4,user15,user35,0.0,0.21670261074634653
48,4,user15,user29,0.0,0.23342801299514337
48,4,user15,user9,0.25,0.25174967330817993
48,4,user15,user21,0.0,0.14187347127000616
48,4,user15,user16,0.25,0.26153447304979793
48,4,user15,user23,0.0,0.20807595968464523
48,4,user15,user7,0.25,0.28582140162177105
48,4,user12,user15,0.0,0.19889526720773312
48,4,user12,user20,0.0,0.1714924564390274
48,4,user12,user35,0.0,0.15835065558014289
48,4,user12,user29,0.0,0.19862294433097671
48,4,user12,user9,0.0,0.1850783727679341
48,4,user12,user21,0.0,0.13725576640294487
48,4,user12,user16,0.0,0.2016234835999457
48,4,user12,user23,0.0,0.16139701191040745
48,4,user12,user7,0.0,0.21759609529633295
48,4,user20,user15,0.75,0.34744377676762217
48,4,user20,user12,0.5,0.3183138271327417
48,4,user20,user35,0.5,0.31247291869710514
48,4,user20,user29,0.75,0.340621252522485
48,4,user20,user9,1.0,0.38515045034426465
48,4,user20,user21,0.0,0.22920495745181363
48,4,user20,user16,0.75,0.33534359321291507
48,4,user20,user23,0.25,0.2920405059021254
48,4,user20,user7,1.0,0.39095273341091996
48,4,user35,user15,0.0,0.19333772450126227
48,4,user35,user12,0.0,0.16878702422316216
48,4,user35,user20,0.0,0.17757291794559596
48,4,user35,user29,0.0,0.18341214583418247
48,4,user35,user9,0.0,0.2097513817171785
48,4,user35,user21,0.0,0.11285146882062774
48,4,user35,user16,0.0,0.18172844734033303
48,4,user35,user23,0.0,0.1648343336393277
48,4,user35,user7,0.0,0.21540773010592917
48,4,user29,user15,0.5,0.28035839807609847
48,4,user29,user12,0.5,0.27101244731462204
48,4,user29,user20,0.5,0.26613669091263287
48,4,user29,user35,0.0,0.24684082105795657
48,4,user29,user9,0.5,0.3081346134528595
48,4,user29,user21,0.0,0.1837856694595747
48,4,user29,user16,0.5,0.28268333604601886
48,4,user29,user23,0.25,0.25197747795339454
48,4,user29,user7,0.5,0.31880325202671717
48,4,user9,user15,1.0,0.4341844105149737
48,4,user9,user12,1.0,0.3591815122395727
48,4,user9,user20,1.0,0.45112252627424554
48,4,user9,user35,1.0,0.36700194108630896
48,4,user9,user29,1.0,0.4347413414634892
48,4,user9,user21,0.0,0.24806785611623683
48,4,user9,user16,1.0,0.4322241774027536
48,4,user9,user23,1.0,0.3924446798170003
48,4,user9,user7,1.0,0.5112680272342696
48,4,user21,user15,0.0,0.11880038229524248
48,4,user21,user12,0.0,0.11826064910860304
48,4,user21,user20,0.0,0.11425611651832318
48,4,user21,user35,0.0,0.098734286963891
48,4,user21,user29,0.0,0.12622934218878773
48,4,user21,user9,0.0,0.1264038156207088
48,4,user21,user16,0.0,0.12102226508202435
48,4,user21,user23,0.0,0.09936387418211803
48,4,user21,user7,0.0,0.12474380043418562
48,4,user16,user15,0.0,0.17558450223795652
48,4,user16,user12,0.0,0.17041334480389828
48,4,user16,user20,0.0,0.16676308184583355
48,4,user16,user35,0.0,0.14200043462813858
48,4,user16,user29,0.0,0.176347901631834
48,4,user16,user9,0.0,0.19092427391296102
48,4,user16,user21,0.0,0.1065671845917676
48,4,user16,user23,0.0,0.1467891287115765
48,4,user16,user7,0.0,0.20980668391821797
48,4,user23,user15,0.0,0.21049732885598435
48,4,user23,user12,0.0,0.19472240436282529
48,4,user23,user20,0.0,0.18612447007177324
48,4,user23,user35,0.0,0.17475974271644146
48,4,user23,user29,0.0,0.20093009270246734
48,4,user23,user9,0.0,0.2351496984624345
48,4,user23,user21,0.0,0.11289550979752189
48,4,user23,user16,0.0,0.196437067613966
48,4,user23,user7,0.0,0.2325585488037125
48,4,user7,user15,0.25,0.2728230070363713
48,4,user7,user12,0.25,0.2684132354979956
48,4,user7,user20,0.5,0.27986444529738064
48,4,user7,user35,0.25,0.23911504373530332
48,4,user7,user29,0.5,0.28453844208095525
48,4,user7,user9,0.75,0.3266362730823611
48,4,user7,user21,0.0,0.16432720611933155
48,4,user7,user16,0.5,0.3057865349627841
48,4,user7,user23,0.25,0.25566408842818383
48,5,user15,user12,0.0,0.23554532666268227
48,5,user15,user20,0.2,0.22583554299540748
48,5,user15,user35,0.0,0.21403388990284053
48,5,user15,user29,0.2,0.24946781294464127
48,5,user15,user9,0.2,0.25420834455549557
48,5,user15,user21,0.0,0.14713086094701264
48,5,user15,user16,0.4,0.26649193786927244
48,5,user15,user23,0.0,0.21784100188801694
48,5,user15,user7,0.6,0.282004372372115
48,5,user12,user15,0.0,0.19896502503955765
48,5,user12,user20,0.0,0.17806079925772406
48,5,user12,user35,0.0,0.16541907509860757
48,5,user12,user29,0.0,0.209213683107747
48,5,user12,user9,0.0,0.19101086713018156
48,5,user12,user21,0.0,0.14122671849665433
48,5,user12,user16,0.0,0.21508441749913346
48,5,user12,user23,0.0,0.17601086728604948
48,5,user12,user7,0.0,0.21847441230095446
48,5,user20,user15,1.0,0.36316392082994553
48,5,user20,user12,0.6,0.3468499364350034
48,5,user20,user35,0.6,0.3264945130070113
48,5,user20,user29,1.0,0.38337009791304927
48,5,user20,user9,1.0,0.4064736693992487
48,5,user20,user21,0.0,0.24358053812776564
48,5,user20,user16,0.8,0.3731428984197934
48,5,user20,user23,0.6,0.31986922300593895
48,5,user20,user7,1.0,0.40529697822260824
48,5,user35,user15,0.0,0.1852287372764285
48,5,user35,user12,0.0,0.17263666711148473
48,5,user35,user20,0.0,0.1770456622244388
48,5,user35,user29,0.0,0.1955322142954951
48,5,user35,user9,0.0,0.20677400170507715
48,5,user35,user21,0.0,0.11140032502244097
48,5,user35,user16,0.0,0.19314885111561128
48,5,user35,user23,0.0,0.16651665757072626
48,5,user35,user7,0.0,0.2073260281556844
48,5,user29,user15,0.6,0.308968803391252
48,5,user29,user12,0.6,0.29427870849900095
48,5,user29,user20,0.6,0.29576721293002495
48,5,user29,user35,0.6,0.26937908420989987
48,5,user29,user9,0.6,0.33963798169056203
48,5,user29,user21,0.0,0.20489463142706082
48,5,user29,user16,0.6,0.3171316881429378
48,5,user29,user23,0.4,0.28850539048204044
48,5,user29,user7,0.6,0.34534859828449993
48,5,user9,user15,1.0,0.4565117557701779
48,5,user9,user12,1.0,0.39071635496241497
48,5,user9,user20,1.0,0.4758872095636312
48,5,user9,user35,1.0,0.39419367572574593
48,5,user9,user29,1.0,0.48533445427596905
48,5,user9,user21,0.0,0.2655302971351622
48,5,user9,user16,1.0,0.4731625845440851
48,5,user9,user23,1.0,0.42681278945927625
48,5,user9,user7,1.0,0.5327252084089038
48,5,user21,user15,0.0,0.11936135185087238
48,5,user21,user12,0.0,0.12029948385264262
48,5,user21,user20,0.0,0.11187891247842556
48,5,user21,user35,0.0,0.10169419238451531
48,5,user21,user29,0.0,0.13009945896623906
48,5,user21,user9,0.0,0.12514158883770476
48,5,user21,user16,0.0,0.12800529110077086
48,5,user21,user23,0.0,0.10143889706608877
48,5,user21,user7,0.0,0.11929462121066184
48,5,user16,user15,0.0,0.17977287096234346
48,5,user16,user12,0.0,0.18487857892746679
48,5,user16,user20,0.0,0.17668313317925352
48,5,user16,user35,0.0,0.15395872456550191
48,5,user16,user29,0.0,0.1963889340292839
48,5,user16,user9,0.0,0.20309376409499955
48,5,user16,user21,0.0,0.11539292621563688
48,5,user16,user23,0.0,0.16515889400921918
48,5,user16,user7,0.0,0.2202474895837318
48,5,user23,user15,0.0,0.22332718945640745
48,5,user23,user12,0.0,0.21178614266612922
48,5,user23,user20,0.0,0.20350641231819872
48,5,user23,user35,0.0,0.18645724919920492
48,5,user23,user29,0.0,0.23447110441134691
48,5,user23,user9,0.0,0.2508304537938213
48,5,user23,user21,0.0,0.1240944712353663
48,5,user23,user16,0.0,0.22424390873452701
48,5,user23,user7,0.0,0.24611730223089148
48,5,user7,user15,0.2,0.2680122631614854
48,5,user7,user12,0.4,0.2692123987037872
48,5,user7,user20,0.4,0.2809427165667737
48,5,user7,user35,0.2,0.23486635281545828
48,5,user7,user29,0.4,0.29483718740452086
48,5,user7,user9,0.6,0.3251259345532814
48,5,user7,user21,0.0,0.16264938727327136
48,5,user7,user16,0.6,0.31338679841694106
48,5,user7,user23,0.4,0.2644862827227983
49,1,user9,user20,0.0,0.271585557299843
49,1,user9,user7,0.0,0.21350078492935637
49,1,user9,user35,0.0,0.18210361067503925
49,1,user9,user21,0.0,0.06907378335949764
49,1,user9,user16,0.0,0.1978021978021978
49,1,user9,user12,0.0,0.22448979591836735
49,1,user9,user29,1.0,0.3029827315541601
49,1,user9,user23,0.0,0.16483516483516483
49,1,user9,user15,0.0,0.18681318681318682
49,1,user20,user9,1.0,0.3014827018121911
49,1,user20,user7,0.0,0.27347611202635913
49,1,user20,user35,0.0,0.23393739703459637
49,1,user20,user21,0.0,0.03130148270181219
49,1,user20,user16,0.0,0.24382207578253706
49,1,user20,user12,0.0,0.2372322899505766
49,1,user20,user29,1.0,0.30807248764415157
49,1,user20,user23,0.0,0.1927512355848435
49,1,user20,user15,0.0,0.17462932454695224
49,1,user7,user9,0.0,0.1339366515837104
49,1,user7,user20,0.0,0.12760180995475112
49,1,user7,user35,0.0,0.09502262443438914
49,1,user7,user21,0.0,0.023529411764705882
49,1,user7,user16,0.0,0.13574660633484162
49,1,user7,user12,0.0,0.1257918552036199
49,1,user7,user29,0.0,0.1493212669683258
49,1,user7,user23,0.0,0.09049773755656108
49,1,user7,user15,0.0,0.09411764705882353
49,1,user35,user9,0.0,0.10526315789473684
49,1,user35,user20,0.0,0.09302325581395349
49,1,user35,user7,0.0,0.08690330477356181
49,1,user35,user21,0.0,0.033047735618115054
49,1,user35,user16,0.0,0.09424724602203183
49,1,user35,user12,0.0,0.09302325581395349
49,1,user35,user29,0.0,0.12362301101591187
49,1,user35,user23,0.0,0.05997552019583843
49,1,user35,user15,0.0,0.07833537331701346
49,1,user21,user9,0.0,0.05244755244755245
49,1,user21,user20,0.0,0.026223776223776224
49,1,user21,user7,0.0,0.038461538461538464
49,1,user21,user35,0.0,0.04195804195804196
49,1,user21,user16,0.0,0.04020979020979021
49,1,user21,user12,0.0,0.05244755244755245
49,1,user21,user29,0.0,0.07167832167832168
49,1,user21,user23,0.0,0.038461538461538464
49,1,user21,user15,0.0,0.038461538461538464
49,1,user16,user9,0.0,0.10176282051282051
49,1,user16,user20,0.0,0.09775641025641026
49,1,user16,user7,0.0,0.10817307692307693
49,1,user16,user35,0.0,0.07772435897435898
49,1,user16,user21,0.0,0.020833333333333332
49,1,user16,user12,0.0,0.10897435897435898
49,1,user16,user29,0.0,0.11618589743589744
49,1,user16,user23,0.0,0.06650641025641026
49,1,user16,user15,0.0,0.07532051282051282
49,1,user12,user9,0.0,0.11776859504132231
49,1,user12,user20,0.0,0.09779614325068871
49,1,user12,user7,0.0,0.09917355371900827
49,1,user12,user35,0.0,0.0881542699724518
49,1,user12,user21,0.0,0.028925619834710745
49,1,user12,user16,0.0,0.10192837465564739
49,1,user12,user29,0.0,0.1453168044077135
49,1,user12,user23,0.0,0.07162534435261708
49,1,user12,user15,0.0,0.09779614325068871
49,1,user29,user9,0.0,0.2031523642732049
49,1,user29,user20,0.0,0.16549912434325745
49,1,user29,user7,0.0,0.17162872154115585
49,1,user29,user35,0.0,0.15236427320490367
49,1,user29,user21,0.0,0.05166374781085814
49,1,user29,user16,0.0,0.16549912434325745
49,1,user29,user12,0.0,0.17950963222416813
49,1,user29,user23,0.0,0.13047285464098074
49,1,user29,user15,0.0,0.14273204903677758
49,1,user23,user9,0.0,0.14098360655737704
49,1,user23,user20,0.0,0.1
49,1,user23,user7,0.0,0.10655737704918032
49,1,user23,user35,0.0,0.07868852459016394
49,1,user23,user21,0.0,0.03770491803278689
49,1,user23,user16,0.0,0.09836065573770492
49,1,user23,user12,0.0,0.10163934426229508
49,1,user23,user29,0.0,0.14262295081967213
49,1,user23,user15,0.0,0.09016393442622951
49,1,user15,user9,0.0,0.16451612903225807
49,1,user15,user20,0.0,0.10161290322580645
49,1,user15,user7,0.0,0.11451612903225807
49,1,user15,user35,0.0,0.12258064516129032
49,1,user15,user21,0.0,0.04032258064516129
49,1,user15,user16,0.0,0.10967741935483871
49,1,user15,user12,0.0,0.14677419354838708
49,1,user15,user29,0.0,0.16451612903225807
49,1,user15,user23,0.0,0.09032258064516129
49,2,user9,user20,1.0,0.361609246315826
49,2,user9,user7,1.0,0.37104902605791756
49,2,user9,user35,0.0,0.21917442367946222
49,2,user9,user21,0.0,0.1464354653447718
49,2,user9,user16,1.0,0.31568925048474544
49,2,user9,user12,0.0,0.28273958801522525
49,2,user9,user29,1.0,0.3264361601646723
49,2,user9,user23,0.0,0.2728709741157874
49,2,user9,user15,1.0,0.3167369086159839
49,2,user20,user9,1.0,0.3688514944692869
49,2,user20,user7,1.0,0.34801216844050453
49,2,user20,user35,0.0,0.251619117352231
49,2,user20,user21,0.0,0.13912423838288746
49,2,user20,user16,0.5,0.3036095639061043
49,2,user20,user12,0.0,0.26881488454799823
49,2,user20,user29,0.5,0.31138372427499283
49,2,user20,user23,0.0,0.2544629237380473
49,2,user20,user15,0.5,0.2942239132519199
49,2,user7,user9,0.5,0.2490959536711171
49,2,user7,user20,0.0,0.22597154721337726
49,2,user7,user35,0.0,0.1428570098504739
49,2,user7,user21,0.0,0.09159264845539355
49,2,user7,user16,0.0,0.2297343723814312
49,2,user7,user12,0.0,0.19486434649833342
49,2,user7,user29,0.0,0.21035835986816379
49,2,user7,user23,0.0,0.18015613652868556
49,2,user7,user15,0.0,0.19503100385453326
49,2,user35,user9,0.0,0.12751052708559463
49,2,user35,user20,0.0,0.1140514460789974
49,2,user35,user7,0.0,0.11859907007536391
49,2,user35,user21,0.0,0.05357266575829658
49,2,user35,user16,0.0,0.11379259909316952
49,2,user35,user12,0.0,0.10182116656274298
49,2,user35,user29,0.0,0.10689129581302972
49,2,user35,user23,0.0,0.08119231272564914
49,2,user35,user15,0.0,0.09517871026843105
49,2,user21,user9,0.0,0.0876644131491777
49,2,user21,user20,0.0,0.07422321445867153
49,2,user21,user7,0.0,0.08347538887705093
49,2,user21,user35,0.0,0.057057900548205254
49,2,user21,user16,0.0,0.08052370067605524
49,2,user21,user12,0.0,0.0823857582860353
49,2,user21,user29,0.0,0.09127472250740948
49,2,user21,user23,0.0,0.05859064757956725
49,2,user21,user15,0.0,0.07968347442031652
49,2,user16,user9,0.0,0.15262681159420288
49,2,user16,user20,0.0,0.1309802778266737
49,2,user16,user7,0.0,0.14938684503901895
49,2,user16,user35,0.0,0.09454853165522502
49,2,user16,user21,0.0,0.06193066801619433
49,2,user16,user12,0.0,0.12678500704101392
49,2,user16,user29,0.0,0.126307354925776
49,2,user16,user23,0.0,0.10790078771343073
49,2,user16,user15,0.0,0.1302175013201901
49,2,user12,user9,0.0,0.14981010457621224
49,2,user12,user20,0.0,0.1300616491481452
49,2,user12,user7,0.0,0.1419535157399235
49,2,user12,user35,0.0,0.09862526411511408
49,2,user12,user21,0.0,0.07455066998315013
49,2,user12,user16,0.0,0.14130827248656022
49,2,user12,user29,0.0,0.15206009788975366
49,2,user12,user23,0.0,0.10907619888202413
49,2,user12,user15,0.0,0.15407272192356042
49,2,user29,user9,0.0,0.22569558748008375
49,2,user29,user20,0.0,0.1975385047557598
49,2,user29,user7,0.0,0.20464910086073326
49,2,user29,user35,0.0,0.1467646787722371
49,2,user29,user21,0.0,0.10251328847512828
49,2,user29,user16,0.0,0.1903368315710467
49,2,user29,user12,0.0,0.18594318545926988
49,2,user29,user23,0.0,0.1666787371230177
49,2,user29,user15,0.0,0.18194237783600858
49,2,user23,user9,0.0,0.20379733962494406
49,2,user23,user20,0.0,0.150494243989749
49,2,user23,user7,0.0,0.19433755033966563
49,2,user23,user35,0.0,0.10831265508684865
49,2,user23,user21,0.0,0.0633608591302933
49,2,user23,user16,0.0,0.16781922466745314
49,2,user23,user12,0.0,0.15135866249033886
49,2,user23,user29,0.0,0.16635683195704348
49,2,user23,user15,0.0,0.160773705406175
49,2,user15,user9,0.0,0.23236835518287913
49,2,user15,user20,0.0,0.1823300272206752
49,2,user15,user7,0.0,0.20315619035699758
49,2,user15,user35,0.0,0.14806091799380494
49,2,user15,user21,0.0,0.08962563749569788
49,2,user15,user16,0.0,0.2107412158568255
49,2,user15,user12,0.0,0.21154766746972875
49,2,user15,user29,0.0,0.19766355871218047
49,2,user15,user23,0.0,0.1721457401207722
49,3,user9,user20,1.0,0.40610756806671916
49,3,user9,user7,1.0,0.4607286554269587
49,3,user9,user35,0.3333333333333333,0.3034042359419302
49,3,user9,user21,0.0,0.16898106103192098
49,3,user9,user16,1.0,0.3540052826048555
49,3,user9,user12,1.0,0.32729948924891145
49,3,user9,user29,1.0,0.42152535336326147
49,3,user9,user23,1.0,0.32870603117529656
49,3,user9,user15,1.0,0.3647831120588452
49,3,user20,user9,1.0,0.4074416091299287
49,3,user20,user7,1.0,0.4053435256974494
49,3,user20,user35,0.3333333333333333,0.31230668928527966
49,3,user20,user21,0.0,0.18486309747286014
49,3,user20,user16,1.0,0.34978807188344135
49,3,user20,user12,0.6666666666666666,0.3277418024398153
49,3,user20,user29,1.0,0.38144406709214324
49,3,user20,user23,0.6666666666666666,0.2955952497127032
49,3,user20,user15,0.6666666666666666,0.3301940836902119
49,3,user7,user9,0.6666666666666666,0.3047386361007942
49,3,user7,user20,0.3333333333333333,0.2697238842160305
49,3,user7,user35,0.0,0.20425576243299134
49,3,user7,user21,0.0,0.11386245737736317
49,3,user7,user16,0.3333333333333333,0.2662008121950153
49,3,user7,user12,0.0,0.24125389371701977
49,3,user7,user29,0.3333333333333333,0.27516119899944774
49,3,user7,user23,0.0,0.22507548134064623
49,3,user7,user15,0.0,0.23398058291066381
49,3,user35,user9,0.0,0.1802671782233455
49,3,user35,user20,0.0,0.14749313583347443
49,3,user35,user7,0.0,0.184172187621877
49,3,user35,user21,0.0,0.07530006751445055
49,3,user35,user16,0.0,0.15275862429219164
49,3,user35,user12,0.0,0.14456918742327854
49,3,user35,user29,0.0,0.17037131876281086
49,3,user35,user23,0.0,0.1270530428748484
49,3,user35,user15,0.0,0.14421106940910178
49,3,user21,user9,0.0,0.09704004609030331
49,3,user21,user20,0.0,0.08590047994480128
49,3,user21,user7,0.0,0.10213114942042523
49,3,user21,user35,0.0,0.07354902715013518
49,3,user21,user16,0.0,0.08216279169979208
49,3,user21,user12,0.0,0.08982749871155093
49,3,user21,user29,0.0,0.10433156080168347
49,3,user21,user23,0.0,0.06492432511427366
49,3,user21,user15,0.0,0.08496404004912117
49,3,user16,user9,0.0,0.16738733006279194
49,3,user16,user20,0.0,0.14691697447250832
49,3,user16,user7,0.0,0.17466304443232783
49,3,user16,user35,0.0,0.11807007526156939
49,3,user16,user21,0.0,0.06910530346722231
49,3,user16,user12,0.0,0.1397583569107122
49,3,user16,user29,0.0,0.15679931893932564
49,3,user16,user23,0.0,0.12495568060987773
49,3,user16,user15,0.0,0.13733229888626997
49,3,user12,user9,0.0,0.15944149807867894
49,3,user12,user20,0.0,0.14455044820184892
49,3,user12,user7,0.0,0.17193295446703308
49,3,user12,user35,0.0,0.13005234274561853
49,3,user12,user21,0.0,0.08764484516339638
49,3,user12,user16,0.0,0.15376844088720132
49,3,user12,user29,0.0,0.17222871528059328
49,3,user12,user23,0.0,0.1268042608551255
49,3,user12,user15,0.0,0.16957520932546266
49,3,user29,user9,0.6666666666666666,0.2968032147219169
49,3,user29,user20,0.3333333333333333,0.2591634193625161
49,3,user29,user7,0.6666666666666666,0.2929120522447096
49,3,user29,user35,0.0,0.20934532170590794
49,3,user29,user21,0.0,0.1309637576113749
49,3,user29,user16,0.0,0.2337868805285157
49,3,user29,user12,0.0,0.2309667919862408
49,3,user29,user23,0.3333333333333333,0.23326794886385635
49,3,user29,user15,0.0,0.22418464961556492
49,3,user23,user9,0.0,0.23404609639336002
49,3,user23,user20,0.0,0.1705209696860633
49,3,user23,user7,0.0,0.23794259551751473
49,3,user23,user35,0.0,0.15508997360745447
49,3,user23,user21,0.0,0.06772229664984121
49,3,user23,user16,0.0,0.1930507173113314
49,3,user23,user12,0.0,0.1794157271769944
49,3,user23,user29,0.0,0.2207406920502413
49,3,user23,user15,0.0,0.18029740935313165
49,3,user15,user9,0.0,0.2535136884022676
49,3,user15,user20,0.0,0.2076719045490921
49,3,user15,user7,0.0,0.24699057978154657
49,3,user15,user35,0.0,0.1897817162427903
49,3,user15,user21,0.0,0.1120305359719347
49,3,user15,user16,0.0,0.23249267102739177
49,3,user15,user12,0.0,0.23875097464089082
49,3,user15,user29,0.0,0.2356103777598351
49,3,user15,user23,0.0,0.19441340277742106
49,4,user9,user20,1.0,0.461291453210168
49,4,user9,user7,1.0,0.5043957923613601
49,4,user9,user35,1.0,0.3635378437991698
49,4,user9,user21,0.0,0.20331482373638812
49,4,user9,user16,1.0,0.4232294426015085
49,4,user9,user12,1.0,0.37769436937272716
49,4,user9,user29,1.0,0.45675167113762655
49,4,user9,user23,1.0,0.38678564360730294
49,4,user9,user15,1.0,0.43997850302494157
49,4,user20,user9,0.75,0.37784204177345193
49,4,user20,user7,0.75,0.38737565055653644
49,4,user20,user35,0.75,0.30506037290747223
49,4,user20,user21,0.0,0.19814666128562242
49,4,user20,user16,0.75,0.35489698314464885
49,4,user20,user12,0.75,0.3302994943354197
49,4,user20,user29,0.75,0.3597124525303383
49,4,user20,user23,0.75,0.29785566764950083
49,4,user20,user15,0.75,0.3399174923735368
49,4,user7,user9,0.75,0.32644934701952344
49,4,user7,user20,0.5,0.2971536579722862
49,4,user7,user35,0.0,0.22325044778653666
49,4,user7,user21,0.0,0.13852230675731453
49,4,user7,user16,0.5,0.29503867956498203
49,4,user7,user12,0.5,0.27013364590286293
49,4,user7,user29,0.5,0.2973809297158276
49,4,user7,user23,0.25,0.2618792580958885
49,4,user7,user15,0.5,0.2714081887443974
49,4,user35,user9,0.0,0.20791598834729552
49,4,user35,user20,0.0,0.18649285160642473
49,4,user35,user7,0.0,0.2143334336056037
49,4,user35,user21,0.0,0.0979484609214144
49,4,user35,user16,0.0,0.18951122576034274
49,4,user35,user12,0.0,0.1751832759446983
49,4,user35,user29,0.0,0.20225834519785893
49,4,user35,user23,0.0,0.17000887468725084
49,4,user35,user15,0.0,0.182425800504581
49,4,user21,user9,0.0,0.10643677492850492
49,4,user21,user20,0.0,0.10347979252371142
49,4,user21,user7,0.0,0.10710084542524698
49,4,user21,user35,0.0,0.08297321230985119
49,4,user21,user16,0.0,0.09871292263741943
49,4,user21,user12,0.0,0.10601249514587163
49,4,user21,user29,0.0,0.11291686939562762
49,4,user21,user23,0.0,0.08166271746805373
49,4,user21,user15,0.0,0.10060668749205434
49,4,user16,user9,0.0,0.1828333175006531
49,4,user16,user20,0.0,0.1696954366574408
49,4,user16,user7,0.0,0.19624644627430857
49,4,user16,user35,0.0,0.13654507969843346
49,4,user16,user21,0.0,0.08709739172081615
49,4,user16,user12,0.0,0.16431711330834234
49,4,user16,user29,0.0,0.17690251779038932
49,4,user16,user23,0.0,0.14967982137652583
49,4,user16,user15,0.0,0.16626930250993088
49,4,user12,user9,0.0,0.18823928560394154
49,4,user12,user20,0.0,0.18325629682320618
49,4,user12,user7,0.0,0.2071306328770426
49,4,user12,user35,0.0,0.15894694175115218
49,4,user12,user21,0.0,0.12139204174740761
49,4,user12,user16,0.0,0.19781475242424337
49,4,user12,user29,0.0,0.20480955815706436
49,4,user12,user23,0.0,0.16437518909297666
49,4,user12,user15,0.0,0.20545541873972817
49,4,user29,user9,0.75,0.33489940239247956
49,4,user29,user20,0.75,0.31058220517023755
49,4,user29,user7,0.75,0.34063779384581977
49,4,user29,user35,0.0,0.2553703252214765
49,4,user29,user21,0.0,0.1657984300255802
49,4,user29,user16,0.75,0.30202485628506587
49,4,user29,user12,0.75,0.2864654220331838
49,4,user29,user23,0.5,0.2823271462582673
49,4,user29,user15,0.75,0.302161675416204
49,4,user23,user9,0.0,0.2490676239273735
49,4,user23,user20,0.0,0.20752899213180487
49,4,user23,user7,0.0,0.2529963536827393
49,4,user23,user35,0.0,0.18351773401529564
49,4,user23,user21,0.0,0.08990815161125992
49,4,user23,user16,0.0,0.22241241288803196
49,4,user23,user12,0.0,0.20765463965433495
49,4,user23,user29,0.0,0.23764222502871069
49,4,user23,user15,0.0,0.2237895467254736
49,4,user15,user9,0.25,0.2558340955834595
49,4,user15,user20,0.0,0.22054986049319253
49,4,user15,user7,0.25,0.25704169010655187
49,4,user15,user35,0.0,0.20313303442003375
49,4,user15,user21,0.0,0.12338464390870678
49,4,user15,user16,0.0,0.25001159017321917
49,4,user15,user12,0.0,0.23964954904958044
49,4,user15,user29,0.0,0.24321151587309908
49,4,user15,user23,0.0,0.21893461138087175
49,5,user9,user20,1.0,0.4784370754673396
49,5,user9,user7,1.0,0.523987128727053
49,5,user9,user35,1.0,0.3928131752943396
49,5,user9,user21,0.0,0.22279074147633698
49,5,user9,user16,1.0,0.46242313550316877
49,5,user9,user12,1.0,0.40874288232898
49,5,user9,user29,1.0,0.47818018094697967
49,5,user9,user23,1.0,0.4341955816147176
49,5,user9,user15,1.0,0.46910174077658084
49,5,user20,user9,0.8,0.3973198246415882
49,5,user20,user7,0.8,0.39713650587064253
49,5,user20,user35,0.8,0.3231590939122554
49,5,user20,user21,0.0,0.21654573747843964
49,5,user20,user16,0.8,0.3765783271345365
49,5,user20,user12,0.8,0.3605116335621704
49,5,user20,user29,0.8,0.37587072733453814
49,5,user20,user23,0.8,0.3289539445386317
49,5,user20,user15,0.8,0.36667500116306145
49,5,user7,user9,0.6,0.31609319295287475
49,5,user7,user20,0.4,0.284115747675338
49,5,user7,user35,0.2,0.2234272995580703
49,5,user7,user21,0.0,0.13524042670693068
49,5,user7,user16,0.6,0.29454636333015405
49,5,user7,user12,0.4,0.2656270923620287
49,5,user7,user29,0.4,0.28378491629353514
49,5,user7,user23,0.4,0.2653799166352733
49,5,user7,user15,0.4,0.2672107868523818
49,5,user35,user9,0.0,0.20297249145257207
49,5,user35,user20,0.0,0.1794899012240569
49,5,user35,user7,0.0,0.2060556725303054
49,5,user35,user21,0.0,0.09928131178296422
49,5,user35,user16,0.0,0.18696097318391108
49,5,user35,user12,0.0,0.18153323319155126
49,5,user35,user29,0.0,0.19527818947257006
49,5,user35,user23,0.0,0.1778600564346689
49,5,user35,user15,0.0,0.18581189301085743
49,5,user21,user9,0.0,0.10762132548252265
49,5,user21,user20,0.0,0.10443450969108474
49,5,user21,user7,0.0,0.10358278511158822
49,5,user21,user35,0.0,0.08746092051971671
49,5,user21,user16,0.0,0.10629426000437374
49,5,user21,user12,0.0,0.11065512476903643
49,5,user21,user29,0.0,0.1151871239612666
49,5,user21,user23,0.0,0.09090146441334816
49,5,user21,user15,0.0,0.10916232182676706
49,5,user16,user9,0.0,0.19176004650056683
49,5,user16,user20,0.0,0.1777788450223592
49,5,user16,user7,0.0,0.20289880435946728
49,5,user16,user35,0.0,0.1470257682794173
49,5,user16,user21,0.0,0.0953154128550499
49,5,user16,user12,0.0,0.18112922541038304
49,5,user16,user29,0.0,0.18748908887960838
49,5,user16,user23,0.0,0.1631072748674517
49,5,user16,user15,0.0,0.1801931312677021
49,5,user12,user9,0.0,0.19500330874261135
49,5,user12,user20,0.0,0.18703451879461358
49,5,user12,user7,0.0,0.20751035014382055
49,5,user12,user35,0.0,0.1680048995730635
49,5,user12,user21,0.0,0.1274466092510068
49,5,user12,user16,0.0,0.2130692334585722
49,5,user12,user29,0.0,0.20748140498733098
49,5,user12,user23,0.0,0.17626509331415546
49,5,user12,user15,0.0,0.20764458232138186
49,5,user29,user9,0.6,0.3343386924509083
49,5,user29,user20,0.6,0.30099135397998444
49,5,user29,user7,0.6,0.3356706223177016
49,5,user29,user35,0.6,0.26594742814666483
49,5,user29,user21,0.0,0.17252177980710648
49,5,user29,user16,0.6,0.30657581805245315
49,5,user29,user12,0.6,0.2917140602009157
49,5,user29,user23,0.4,0.283343888734992
49,5,user29,user15,0.6,0.30270523951229095
49,5,user23,user9,0.0,0.25918272969215306
49,5,user23,user20,0.0,0.21914646771611096
49,5,user23,user7,0.0,0.25494479348866234
49,5,user23,user35,0.0,0.19894203060484966
49,5,user23,user21,0.0,0.10223035920698798
49,5,user23,user16,0.0,0.23511922779318062
49,5,user23,user12,0.0,0.21953028786747084
49,5,user23,user29,0.0,0.24336576154954873
49,5,user23,user15,0.0,0.23716477782648887
49,5,user15,user9,0.2,0.2682412931963113
49,5,user15,user20,0.0,0.23723762530425357
49,5,user15,user7,0.2,0.2724463925619595
49,5,user15,user35,0.0,0.22754691101526153
49,5,user15,user21,0.0,0.1394725337382011
49,5,user15,user16,0.4,0.2765483060346187
49,5,user15,user12,0.0,0.2551800596193742
49,5,user15,user29,0.2,0.2589077349778666
49,5,user15,user23,0.0,0.23897045722847182
50,1,user7,user29,0.0,0.04373522458628842
50,1,user7,user12,0.0,0.09101654846335698
50,1,user7,user16,0.0,0.10047281323877069
50,1,user7,user20,0.0,0.07801418439716312
50,1,user7,user15,0.0,0.07565011820330969
50,1,user7,user9,0.0,0.12174940898345153
50,1,user7,user23,0.0,0.07446808510638298
50,1,user7,user21,0.0,0.0508274231678487
50,1,user7,user35,0.0,0.057919621749408984
50,1,user29,user7,0.0,0.06910569105691057
50,1,user29,user12,0.0,0.08739837398373984
50,1,user29,user16,0.0,0.10975609756097561
50,1,user29,user20,0.0,0.10975609756097561
50,1,user29,user15,0.0,0.08739837398373984
50,1,user29,user9,0.0,0.1402439024390244
50,1,user29,user23,0.0,0.08130081300813008
50,1,user29,user21,0.0,0.07723577235772358
50,1,user29,user35,0.0,0.06707317073170732
50,1,user12,user7,0.0,0.09779614325068871
50,1,user12,user29,0.0,0.06336088154269973
50,1,user12,user16,0.0,0.10537190082644628
50,1,user12,user20,0.0,0.1081267217630854
50,1,user12,user15,0.0,0.09779614325068871
50,1,user12,user9,0.0,0.11363636363636363
50,1,user12,user23,0.0,0.081267217630854
50,1,user12,user21,0.0,0.07162534435261708
50,1,user12,user35,0.0,0.08402203856749312
50,1,user16,user7,0.0,0.07551487414187644
50,1,user16,user29,0.0,0.05186880244088482
50,1,user16,user12,0.0,0.09305873379099924
50,1,user16,user20,0.0,0.10602593440122045
50,1,user16,user15,0.0,0.06559877955758962
50,1,user16,user9,0.0,0.12433257055682685
50,1,user16,user23,0.0,0.06864988558352403
50,1,user16,user21,0.0,0.06178489702517163
50,1,user16,user35,0.0,0.06483600305110603
50,1,user20,user7,0.0,0.07162921348314606
50,1,user20,user29,0.0,0.05547752808988764
50,1,user20,user12,0.0,0.12219101123595505
50,1,user20,user16,0.0,0.13553370786516855
50,1,user20,user15,0.0,0.08497191011235955
50,1,user20,user9,0.0,0.13412921348314608
50,1,user20,user23,0.0,0.09058988764044944
50,1,user20,user21,0.0,0.08426966292134831
50,1,user20,user35,0.0,0.08637640449438203
50,1,user15,user7,0.0,0.0967741935483871
50,1,user15,user29,0.0,0.07741935483870968
50,1,user15,user12,0.0,0.14677419354838708
50,1,user15,user16,0.0,0.1403225806451613
50,1,user15,user20,0.0,0.11612903225806452
50,1,user15,user9,0.0,0.14193548387096774
50,1,user15,user23,0.0,0.1064516129032258
50,1,user15,user21,0.0,0.08548387096774193
50,1,user15,user35,0.0,0.10161290322580645
50,1,user9,user7,0.0,0.18032786885245902
50,1,user9,user29,0.0,0.1325136612021858
50,1,user9,user12,0.0,0.21584699453551912
50,1,user9,user16,0.0,0.23497267759562843
50,1,user9,user20,0.0,0.226775956284153
50,1,user9,user15,0.0,0.15846994535519127
50,1,user9,user23,0.0,0.21174863387978143
50,1,user9,user21,0.0,0.15027322404371585
50,1,user9,user35,0.0,0.19398907103825136
50,1,user23,user7,0.0,0.0794044665012407
50,1,user23,user29,0.0,0.05583126550868486
50,1,user23,user12,0.0,0.11910669975186104
50,1,user23,user16,0.0,0.10669975186104218
50,1,user23,user20,0.0,0.12531017369727046
50,1,user23,user15,0.0,0.08312655086848635
50,1,user23,user9,0.0,0.16129032258064516
50,1,user23,user21,0.0,0.05707196029776675
50,1,user23,user35,0.0,0.09553349875930521
50,1,user21,user7,0.0,0.05721716514954486
50,1,user21,user29,0.0,0.05981794538361508
50,1,user21,user12,0.0,0.08452535760728218
50,1,user21,user16,0.0,0.08712613784135241
50,1,user21,user20,0.0,0.0988296488946684
50,1,user21,user15,0.0,0.06762028608582575
50,1,user21,user9,0.0,0.10533159947984395
50,1,user21,user23,0.0,0.06241872561768531
50,1,user21,user35,0.0,0.053315994798439535
50,1,user35,user7,0.0,0.07554945054945054
50,1,user35,user29,0.0,0.046703296703296704
50,1,user35,user12,0.0,0.12362637362637363
50,1,user35,user16,0.0,0.12087912087912088
50,1,user35,user20,0.0,0.11675824175824176
50,1,user35,user15,0.0,0.09478021978021978
50,1,user35,user9,0.0,0.14148351648351648
50,1,user35,user23,0.0,0.0989010989010989
50,1,user35,user21,0.0,0.07005494505494506
50,2,user7,user29,0.0,0.16304395411960423
50,2,user7,user12,0.0,0.17188731284475967
50,2,user7,user16,0.0,0.19729007967778656
50,2,user7,user20,0.0,0.19808904649330183
50,2,user7,user15,0.0,0.141362402591717
50,2,user7,user9,0.5,0.25912792224848963
50,2,user7,user23,0.0,0.1667980036774363
50,2,user7,user21,0.0,0.10539795114263198
50,2,user7,user35,0.0,0.14250065668505385
50,2,user29,user7,0.5,0.24255635811936213
50,2,user29,user12,0.0,0.19992908854037833
50,2,user29,user16,0.0,0.22734956051386074
50,2,user29,user20,0.5,0.23241437028974754
50,2,user29,user15,0.0,0.17963686736258844
50,2,user29,user9,0.5,0.2608284272497897
50,2,user29,user23,0.0,0.18980153036824488
50,2,user29,user21,0.0,0.1370116591632448
50,2,user29,user35,0.0,0.16948044987549266
50,2,user12,user7,0.0,0.1311070981515654
50,2,user12,user29,0.0,0.09862695751448614
50,2,user12,user16,0.0,0.14394328323915245
50,2,user12,user20,0.0,0.13027000117277346
50,2,user12,user15,0.0,0.11418625078683525
50,2,user12,user9,0.0,0.12766357198076653
50,2,user12,user23,0.0,0.0910778266832291
50,2,user12,user21,0.0,0.07415697931849895
50,2,user12,user35,0.0,0.09636488093955908
50,2,user16,user7,0.0,0.13242894174636316
50,2,user16,user29,0.0,0.10153345428355229
50,2,user16,user12,0.0,0.12531870990485047
50,2,user16,user20,0.0,0.1374550615235473
50,2,user16,user15,0.0,0.09563545968680578
50,2,user16,user9,0.0,0.14938020610160427
50,2,user16,user23,0.0,0.09510090834222226
50,2,user16,user21,0.0,0.07675020740835287
50,2,user16,user35,0.0,0.08954023722045457
50,2,user20,user7,0.0,0.19365345172929443
50,2,user20,user29,0.0,0.14366485574350743
50,2,user20,user12,0.0,0.1777045520023048
50,2,user20,user16,0.0,0.20192865031348178
50,2,user20,user15,0.0,0.14795422274354858
50,2,user20,user9,0.0,0.23282066716055483
50,2,user20,user23,0.0,0.16830009877762686
50,2,user20,user21,0.0,0.11956422946591486
50,2,user20,user35,0.0,0.14848883950007546
50,2,user15,user7,0.0,0.15100203622334155
50,2,user15,user29,0.0,0.13221251741506806
50,2,user15,user12,0.0,0.156695423855964
50,2,user15,user16,0.0,0.15989711713642696
50,2,user15,user20,0.0,0.1765807523309399
50,2,user15,user9,0.0,0.1812265566391598
50,2,user15,user23,0.0,0.13480066445182726
50,2,user15,user21,0.0,0.08889186582359876
50,2,user15,user35,0.0,0.12084985532097309
50,2,user9,user7,1.0,0.37586281276962896
50,2,user9,user29,0.0,0.24937685744415683
50,2,user9,user12,0.0,0.25946697344454034
50,2,user9,user16,1.0,0.33762343016009966
50,2,user9,user20,1.0,0.36078755632250026
50,2,user9,user15,0.0,0.22853753235547886
50,2,user9,user23,1.0,0.3015410794746429
50,2,user9,user21,0.0,0.15648068258076886
50,2,user9,user35,0.0,0.23738136324417602
50,2,user23,user7,0.0,0.17248040359554995
50,2,user23,user29,0.0,0.12561089839449163
50,2,user23,user12,0.0,0.1325941202570128
50,2,user23,user16,0.0,0.15055872348117594
50,2,user23,user20,0.0,0.19325341396480042
50,2,user23,user15,0.0,0.11323763824297899
50,2,user23,user9,0.0,0.20864460256684142
50,2,user23,user21,0.0,0.07430693638768837
50,2,user23,user35,0.0,0.134748492268253
50,2,user21,user7,0.0,0.08504647869314412
50,2,user21,user29,0.0,0.08039981567754186
50,2,user21,user12,0.0,0.08448313714893688
50,2,user21,user16,0.0,0.10018311615933759
50,2,user21,user20,0.0,0.10788171516389981
50,2,user21,user15,0.0,0.07455650424255292
50,2,user21,user9,0.0,0.09841468210407464
50,2,user21,user23,0.0,0.07446120663657353
50,2,user21,user35,0.0,0.056082037969461346
50,2,user35,user7,0.0,0.13227746929160356
50,2,user35,user29,0.0,0.09253695362352607
50,2,user35,user12,0.0,0.11873535769295487
50,2,user35,user16,0.0,0.12776343209205399
50,2,user35,user20,0.0,0.1284518632133473
50,2,user35,user15,0.0,0.0939089620626723
50,2,user35,user9,0.0,0.14483749466081622
50,2,user35,user23,0.0,0.1156960677720395
50,2,user35,user21,0.0,0.06358806093788426
50,3,user7,user29,0.0,0.1662882259044128
50,3,user7,user12,0.0,0.19606591176609256
50,3,user7,user16,0.0,0.2200710091476327
50,3,user7,user20,0.3333333333333333,0.22509226936752083
50,3,user7,user15,0.0,0.18855009354708052
50,3,user7,user9,0.3333333333333333,0.2701554570627022
50,3,user7,user23,0.0,0.19223003244928796
50,3,user7,user21,0.0,0.1265370689303383
50,3,user7,user35,0.0,0.1597991342718548
50,3,user29,user7,0.3333333333333333,0.24084041714305718
50,3,user29,user12,0.3333333333333333,0.22628133188559385
50,3,user29,user16,0.3333333333333333,0.22720844641989713
50,3,user29,user20,0.3333333333333333,0.23892821112627538
50,3,user29,user15,0.3333333333333333,0.21808365386495146
50,3,user29,user9,0.3333333333333333,0.2706532260994345
50,3,user29,user23,0.0,0.20101830294332776
50,3,user29,user21,0.0,0.14907077138913347
50,3,user29,user35,0.0,0.1838188951823481
50,3,user12,user7,0.0,0.15020972169015662
50,3,user12,user29,0.0,0.11436054846494559
50,3,user12,user16,0.0,0.16084555303801124
50,3,user12,user20,0.0,0.14874930869603312
50,3,user12,user15,0.0,0.15291156484984392
50,3,user12,user9,0.0,0.16137965347383337
50,3,user12,user23,0.0,0.1213666886133458
50,3,user12,user21,0.0,0.10576872379298309
50,3,user12,user35,0.0,0.11831169351585798
50,3,user16,user7,0.0,0.15284230060012516
50,3,user16,user29,0.0,0.1122811259411882
50,3,user16,user12,0.0,0.15200661883359012
50,3,user16,user20,0.0,0.15874313788156127
50,3,user16,user15,0.0,0.14082773280131444
50,3,user16,user9,0.0,0.17496872624764945
50,3,user16,user23,0.0,0.12116051009117189
50,3,user16,user21,0.0,0.10165562008259867
50,3,user16,user35,0.0,0.11233038859056528
50,3,user20,user7,0.3333333333333333,0.2765552171432748
50,3,user20,user29,0.0,0.1989758785041148
50,3,user20,user12,0.3333333333333333,0.26648469977579153
50,3,user20,user16,0.3333333333333333,0.2787350239885649
50,3,user20,user15,0.3333333333333333,0.2551005911270157
50,3,user20,user9,0.6666666666666666,0.30903127505349076
50,3,user20,user23,0.3333333333333333,0.23762205152425842
50,3,user20,user21,0.0,0.18469482923880318
50,3,user20,user35,0.0,0.21011267813641274
50,3,user15,user7,0.0,0.2006468379600096
50,3,user15,user29,0.0,0.16433538203034895
50,3,user15,user12,0.0,0.20409437782751771
50,3,user15,user16,0.0,0.2129539538133806
50,3,user15,user20,0.0,0.21061372451329544
50,3,user15,user9,0.3333333333333333,0.24843307439025475
50,3,user15,user23,0.0,0.18382819170221407
50,3,user15,user21,0.0,0.12996368116554566
50,3,user15,user35,0.0,0.16523212831751655
50,3,user9,user7,1.0,0.4328584900289784
50,3,user9,user29,0.3333333333333333,0.29081573159306306
50,3,user9,user12,1.0,0.32609277448799984
50,3,user9,user16,1.0,0.3943896853558642
50,3,user9,user20,1.0,0.4026851846561119
50,3,user9,user15,1.0,0.3545963773714918
50,3,user9,user23,1.0,0.36854097239020306
50,3,user9,user21,0.0,0.20853421718205814
50,3,user9,user35,0.6666666666666666,0.3011409360322845
50,3,user23,user7,0.0,0.20060630422403106
50,3,user23,user29,0.0,0.14112297140007093
50,3,user23,user12,0.0,0.16214433061959452
50,3,user23,user16,0.0,0.1749196670750696
50,3,user23,user20,0.0,0.20499629881102407
50,3,user23,user15,0.0,0.17283088560333817
50,3,user23,user9,0.0,0.24142396400880192
50,3,user23,user21,0.0,0.09668163438785181
50,3,user23,user35,0.0,0.15215794103622607
50,3,user21,user7,0.0,0.09647028547532494
50,3,user21,user29,0.0,0.08678754881224644
50,3,user21,user12,0.0,0.10486976302385746
50,3,user21,user16,0.0,0.11586708469966167
50,3,user21,user20,0.0,0.11665939356478412
50,3,user21,user15,0.0,0.10124694807236491
50,3,user21,user9,0.0,0.11657873082497543
50,3,user21,user23,0.0,0.08562278767109509
50,3,user21,user35,0.0,0.07536491379954668
50,3,user35,user7,0.0,0.14076989544520713
50,3,user35,user29,0.0,0.10046210040376317
50,3,user35,user12,0.0,0.1316026176266859
50,3,user35,user16,0.0,0.14103570478162117
50,3,user35,user20,0.0,0.13245604245004206
50,3,user35,user15,0.0,0.12394055818617455
50,3,user35,user9,0.0,0.1601437755598033
50,3,user35,user23,0.0,0.11956353663300791
50,3,user35,user21,0.0,0.07768223416766652
50,4,user7,user29,0.0,0.2158372756734454
50,4,user7,user12,0.5,0.24879279866002973
50,4,user7,user16,0.5,0.2869687995415078
50,4,user7,user20,0.5,0.27918807537326135
50,4,user7,user15,0.5,0.2483098508107619
50,4,user7,user9,0.5,0.3100625635998516
50,4,user7,user23,0.25,0.2351193719874758
50,4,user7,user21,0.0,0.15979799542868084
50,4,user7,user35,0.0,0.21718430493377866
50,4,user29,user7,0.25,0.2663859675638182
50,4,user29,user12,0.25,0.24420683648200076
50,4,user29,user16,0.25,0.2607617382205518
50,4,user29,user20,0.25,0.2621040510571284
50,4,user29,user15,0.25,0.24625065683972536
50,4,user29,user9,0.25,0.2846261771121554
50,4,user29,user23,0.25,0.221100774271838
50,4,user29,user21,0.0,0.16564529239882125
50,4,user29,user35,0.25,0.20671840691411864
50,4,user12,user7,0.0,0.17507601887566016
50,4,user12,user29,0.0,0.13719507440014472
50,4,user12,user16,0.0,0.191562262672
50,4,user12,user20,0.0,0.16802750583053422
50,4,user12,user15,0.0,0.17812297268131733
50,4,user12,user9,0.0,0.17971228568353814
50,4,user12,user23,0.0,0.14726474523834687
50,4,user12,user21,0.0,0.12352633103833058
50,4,user12,user35,0.0,0.14787631601815082
50,4,user16,user7,0.0,0.18056105445664808
50,4,user16,user29,0.0,0.13476424035726667
50,4,user16,user12,0.0,0.16941803264514063
50,4,user16,user20,0.0,0.17839112833234194
50,4,user16,user15,0.0,0.15935717650083142
50,4,user16,user9,0.0,0.18749472136670003
50,4,user16,user23,0.0,0.13789714908097336
50,4,user16,user21,0.0,0.11206705990714635
50,4,user16,user35,0.0,0.138727906831864
50,4,user20,user7,0.75,0.33549795014447414
50,4,user20,user29,0.5,0.2711886917447525
50,4,user20,user12,0.5,0.3154878172698521
50,4,user20,user16,0.75,0.3469997465664843
50,4,user20,user15,0.5,0.311929998527249
50,4,user20,user9,0.75,0.3694125270306323
50,4,user20,user23,0.5,0.2837381150749485
50,4,user20,user21,0.0,0.22445069747408675
50,4,user20,user35,0.5,0.2822069240656897
50,4,user15,user7,0.0,0.2426813307125977
50,4,user15,user29,0.0,0.1870588247849897
50,4,user15,user12,0.0,0.23087478815085882
50,4,user15,user16,0.25,0.26140429921377695
50,4,user15,user20,0.0,0.23334641328360298
50,4,user15,user9,0.25,0.26552409037057123
50,4,user15,user23,0.0,0.21012811381267127
50,4,user15,user21,0.0,0.14780975963912518
50,4,user15,user35,0.0,0.20466927500897736
50,4,user9,user7,1.0,0.4807726972810238
50,4,user9,user29,1.0,0.3600733137677271
50,4,user9,user12,1.0,0.36801034381907816
50,4,user9,user16,1.0,0.4546373775821466
50,4,user9,user20,1.0,0.4701111344788568
50,4,user9,user15,1.0,0.41643672620556554
50,4,user9,user23,1.0,0.4063473509274831
50,4,user9,user21,0.0,0.24993797446279215
50,4,user9,user35,1.0,0.36020036025402624
50,4,user23,user7,0.0,0.21750929846878125
50,4,user23,user29,0.0,0.15762133067422315
50,4,user23,user12,0.0,0.18365979759847578
50,4,user23,user16,0.0,0.2072208191659746
50,4,user23,user20,0.0,0.21575697659093296
50,4,user23,user15,0.0,0.1920563848079719
50,4,user23,user9,0.0,0.24847788020611916
50,4,user23,user21,0.0,0.11176027406551196
50,4,user23,user35,0.0,0.17414012960592923
50,4,user21,user7,0.0,0.10831793301063415
50,4,user21,user29,0.0,0.09856691316467348
50,4,user21,user12,0.0,0.11275228293746245
50,4,user21,user16,0.0,0.1273532887743432
50,4,user21,user20,0.0,0.12167943928473769
50,4,user21,user15,0.0,0.11332847273353654
50,4,user21,user9,0.0,0.12755062215348215
50,4,user21,user23,0.0,0.09703573357634207
50,4,user21,user35,0.0,0.09582465146910747
50,4,user35,user7,0.0,0.164095959076824
50,4,user35,user29,0.0,0.11969579132132421
50,4,user35,user12,0.0,0.14921399754655773
50,4,user35,user16,0.0,0.16609181638796422
50,4,user35,user20,0.0,0.15826950414788452
50,4,user35,user15,0.0,0.15320818546833542
50,4,user35,user9,0.0,0.1831747714778763
50,4,user35,user23,0.0,0.13443320895182434
50,4,user35,user21,0.0,0.0953513023109559
50,5,user7,user29,0.4,0.2547023150189702
50,5,user7,user12,0.4,0.2584700471008721
50,5,user7,user16,0.4,0.2910454962973884
50,5,user7,user20,0.4,0.2787784516382117
50,5,user7,user15,0.4,0.2722389246836835
50,5,user7,user9,0.4,0.31738644125624027
50,5,user7,user23,0.4,0.2604412918230866
50,5,user7,user21,0.0,0.16419798678829328
50,5,user7,user35,0.4,0.2299571835096303
50,5,user29,user7,0.4,0.30429259337570036
50,5,user29,user12,0.4,0.27342617445742845
50,5,user29,user16,0.4,0.2907751653596563
50,5,user29,user20,0.4,0.28549929669896756
50,5,user29,user15,0.4,0.2978423735445662
50,5,user29,user9,0.4,0.3179572551783505
50,5,user29,user23,0.4,0.2695010053904929
50,5,user29,user21,0.0,0.1919948265124767
50,5,user29,user35,0.4,0.2534979296300176
50,5,user12,user7,0.0,0.19616822157425873
50,5,user12,user29,0.0,0.16208487900652818
50,5,user12,user16,0.0,0.2023962290133205
50,5,user12,user20,0.0,0.1758910658599399
50,5,user12,user15,0.0,0.19626300292837615
50,5,user12,user9,0.0,0.1899592452602038
50,5,user12,user23,0.0,0.16749918969484448
50,5,user12,user21,0.0,0.13084136947643804
50,5,user12,user35,0.0,0.1629669371902677
50,5,user16,user7,0.0,0.1931525443271274
50,5,user16,user29,0.0,0.1623232859009466
50,5,user16,user12,0.0,0.17857983902869243
50,5,user16,user20,0.0,0.18008837493486843
50,5,user16,user15,0.0,0.17568121336861495
50,5,user16,user9,0.0,0.19088605289805238
50,5,user16,user23,0.0,0.1565257150461372
50,5,user16,user21,0.0,0.11488086247208489
50,5,user16,user35,0.0,0.14784841785206687
50,5,user20,user7,0.8,0.3672400781600733
50,5,user20,user29,0.8,0.33392639589082507
50,5,user20,user12,0.6,0.3457987709605067
50,5,user20,user16,0.8,0.36556630255381517
50,5,user20,user15,0.8,0.3489902643243548
50,5,user20,user9,0.8,0.3923628095060073
50,5,user20,user23,0.8,0.32039687062470884
50,5,user20,user21,0.2,0.2475834652511982
50,5,user20,user35,0.6,0.3100333307864923
50,5,user15,user7,0.2,0.26532428796389734
50,5,user15,user29,0.0,0.21756572601290936
50,5,user15,user12,0.0,0.23833246134552635
50,5,user15,user16,0.2,0.2570427691684992
50,5,user15,user20,0.0,0.23276241975552545
50,5,user15,user9,0.2,0.26884137654277185
50,5,user15,user23,0.0,0.22677243167680086
50,5,user15,user21,0.0,0.14918018373453273
50,5,user15,user35,0.0,0.22090437618112654
50,5,user9,user7,1.0,0.5150360622429472
50,5,user9,user29,1.0,0.4456711626131703
50,5,user9,user12,1.0,0.4125254501689522
50,5,user9,user16,1.0,0.47577475948992365
50,5,user9,user20,1.0,0.49697453140316783
50,5,user9,user15,1.0,0.46711905054260666
50,5,user9,user23,1.0,0.44978216036358143
50,5,user9,user21,0.0,0.2769460489211834
50,5,user9,user35,1.0,0.40975012096303604
50,5,user23,user7,0.0,0.23500681845895416
50,5,user23,user29,0.0,0.20989691976676544
50,5,user23,user12,0.0,0.2064556274797476
50,5,user23,user16,0.0,0.2226567041415745
50,5,user23,user20,0.0,0.2233264337305226
50,5,user23,user15,0.0,0.23040965593397628
50,5,user23,user9,0.0,0.25823391624173636
50,5,user23,user21,0.0,0.1252257098524676
50,5,user23,user35,0.0,0.19588978387764128
50,5,user21,user7,0.0,0.1165515173621607
50,5,user21,user29,0.0,0.11736272660995666
50,5,user21,user12,0.0,0.11997512038908557
50,5,user21,user16,0.0,0.12684726943123686
50,5,user21,user20,0.0,0.12333694740998542
50,5,user21,user15,0.0,0.12468625227847645
50,5,user21,user9,0.0,0.132647587704857
50,5,user21,user23,0.0,0.10819862320991991
50,5,user21,user35,0.0,0.10199600952323895
50,5,user35,user7,0.0,0.1947596695996226
50,5,user35,user29,0.0,0.1674368561606538
50,5,user35,user12,0.0,0.18056135340154345
50,5,user35,user16,0.0,0.19025010625436672
50,5,user35,user20,0.0,0.18262690181890806
50,5,user35,user15,0.0,0.18678949306050135
50,5,user35,user9,0.0,0.21127656310492862
50,5,user35,user23,0.0,0.1720230769175621
50,5,user35,user21,0.0,0.11590560075093945
51,1,user12,user9,0.0,0.14507772020725387
51,1,user12,user23,0.0,0.1079447322970639
51,1,user12,user35,0.0,0.07340241796200346
51,1,user12,user21,0.0,0.05699481865284974
51,1,user12,user29,0.0,0.06735751295336788
51,1,user12,user15,0.0,0.08549222797927461
51,1,user12,user16,0.0,0.14075993091537134
51,1,user12,user7,0.0,0.18998272884283246
51,1,user12,user20,0.0,0.15457685664939552
51,1,user9,user12,0.0,0.20029239766081872
51,1,user9,user23,0.0,0.20614035087719298
51,1,user9,user35,0.0,0.1154970760233918
51,1,user9,user21,0.0,0.06725146198830409
51,1,user9,user29,0.0,0.09502923976608187
51,1,user9,user15,0.0,0.15350877192982457
51,1,user9,user16,0.0,0.2046783625730994
51,1,user9,user7,1.0,0.32456140350877194
51,1,user9,user20,0.0,0.25584795321637427
51,1,user23,user12,0.0,0.10794044665012408
51,1,user23,user9,0.0,0.1401985111662531
51,1,user23,user35,0.0,0.05086848635235732
51,1,user23,user21,0.0,0.028535980148883373
51,1,user23,user29,0.0,0.05334987593052109
51,1,user23,user15,0.0,0.08064516129032258
51,1,user23,user16,0.0,0.11166253101736973
51,1,user23,user7,0.0,0.16253101736972705
51,1,user23,user20,0.0,0.11662531017369727
51,1,user35,user12,0.0,0.05345911949685535
51,1,user35,user9,0.0,0.07389937106918239
51,1,user35,user23,0.0,0.0440251572327044
51,1,user35,user21,0.0,0.025157232704402517
51,1,user35,user29,0.0,0.015723270440251572
51,1,user35,user15,0.0,0.029874213836477988
51,1,user35,user16,0.0,0.05660377358490566
51,1,user35,user7,0.0,0.07232704402515723
51,1,user35,user20,0.0,0.06289308176100629
51,1,user21,user12,0.0,0.05273069679849341
51,1,user21,user9,0.0,0.04519774011299435
51,1,user21,user23,0.0,0.03954802259887006
51,1,user21,user35,0.0,0.032015065913371
51,1,user21,user29,0.0,0.013182674199623353
51,1,user21,user15,0.0,0.032015065913371
51,1,user21,user16,0.0,0.030131826741996232
51,1,user21,user7,0.0,0.064030131826742
51,1,user21,user20,0.0,0.05084745762711865
51,1,user29,user12,0.0,0.09022556390977443
51,1,user29,user9,0.0,0.10776942355889724
51,1,user29,user23,0.0,0.09523809523809523
51,1,user29,user35,0.0,0.03759398496240601
51,1,user29,user21,0.0,0.020050125313283207
51,1,user29,user15,0.0,0.05263157894736842
51,1,user29,user16,0.0,0.09523809523809523
51,1,user29,user7,0.0,0.13784461152882205
51,1,user29,user20,0.0,0.12030075187969924
51,1,user15,user12,0.0,0.13432835820895522
51,1,user15,user9,0.0,0.13134328358208955
51,1,user15,user23,0.0,0.09701492537313433
51,1,user15,user35,0.0,0.03134328358208955
51,1,user15,user21,0.0,0.03134328358208955
51,1,user15,user29,0.0,0.04029850746268657
51,1,user15,user16,0.0,0.1373134328358209
51,1,user15,user7,0.0,0.16716417910447762
51,1,user15,user20,0.0,0.10597014925373134
51,1,user16,user12,0.0,0.10336538461538461
51,1,user16,user9,0.0,0.09615384615384616
51,1,user16,user23,0.0,0.07772435897435898
51,1,user16,user35,0.0,0.03766025641025641
51,1,user16,user21,0.0,0.026442307692307692
51,1,user16,user29,0.0,0.04326923076923077
51,1,user16,user15,0.0,0.07852564102564102
51,1,user16,user7,0.0,0.15224358974358973
51,1,user16,user20,0.0,0.10496794871794872
51,1,user7,user12,0.0,0.1863550221099179
51,1,user7,user9,0.0,0.17940619077700568
51,1,user7,user23,0.0,0.1301326595072647
51,1,user7,user35,0.0,0.05180037902716361
51,1,user7,user21,0.0,0.053063802905874924
51,1,user7,user29,0.0,0.06190777005685408
51,1,user7,user15,0.0,0.09096651926721415
51,1,user7,user16,0.0,0.19898926089703095
51,1,user7,user20,0.0,0.20467466835123183
51,1,user20,user12,0.0,0.1917989417989418
51,1,user20,user9,0.0,0.23544973544973544
51,1,user20,user23,0.0,0.16005291005291006
51,1,user20,user35,0.0,0.09656084656084656
51,1,user20,user21,0.0,0.0582010582010582
51,1,user20,user29,0.0,0.11772486772486772
51,1,user20,user15,0.0,0.10317460317460317
51,1,user20,user16,0.0,0.17195767195767195
51,1,user20,user7,0.0,0.29365079365079366
51,2,user12,user9,0.0,0.17715635476988723
51,2,user12,user23,0.0,0.14385619856750992
51,2,user12,user35,0.0,0.09556997993497918
51,2,user12,user21,0.0,0.07472077237630803
51,2,user12,user29,0.0,0.13974794905008636
51,2,user12,user15,0.0,0.11682318652849741
51,2,user12,user16,0.0,0.16921765467845168
51,2,user12,user7,0.0,0.18513791526973483
51,2,user12,user20,0.0,0.16726829980696942
51,2,user9,user12,0.0,0.27841776073738433
51,2,user9,user23,1.0,0.32332016575655476
51,2,user9,user35,0.0,0.19304248479919445
51,2,user9,user21,0.0,0.1248673560280392
51,2,user9,user29,0.0,0.24116900972076993
51,2,user9,user15,0.0,0.23397137988459005
51,2,user9,user16,0.5,0.3003224119902405
51,2,user9,user7,1.0,0.43126234460322993
51,2,user9,user20,1.0,0.366691839975214
51,2,user23,user12,0.0,0.14982133995037222
51,2,user23,user9,0.0,0.20004218362282877
51,2,user23,user35,0.0,0.09634987593052108
51,2,user23,user21,0.0,0.05007320099255583
51,2,user23,user29,0.0,0.12215508684863523
51,2,user23,user15,0.0,0.1115347394540943
51,2,user23,user16,0.0,0.14914516129032257
51,2,user23,user7,0.0,0.20954218362282878
51,2,user23,user20,0.0,0.16517245657568236
51,2,user35,user12,0.0,0.07955252572393715
51,2,user35,user9,0.0,0.09802042358379448
51,2,user35,user23,0.0,0.08111929684201169
51,2,user35,user21,0.0,0.03909149498855479
51,2,user35,user29,0.0,0.058926150632264376
51,2,user35,user15,0.0,0.059317843411783006
51,2,user35,user16,0.0,0.08054148054314732
51,2,user35,user7,0.0,0.10076505100340023
51,2,user35,user20,0.0,0.08839478187434718
51,2,user21,user12,0.0,0.07861371208828835
51,2,user21,user9,0.0,0.08325431630516376
51,2,user21,user23,0.0,0.058977980588150083
51,2,user21,user35,0.0,0.047074394532021654
51,2,user21,user29,0.0,0.04983175957752228
51,2,user21,user15,0.0,0.048890139991834905
51,2,user21,user16,0.0,0.06341610367034096
51,2,user21,user7,0.0,0.09219805618110702
51,2,user21,user20,0.0,0.07531968972646938
51,2,user29,user12,0.0,0.20052478614376315
51,2,user29,user9,0.5,0.23904832503794698
51,2,user29,user23,0.0,0.19834209937990516
51,2,user29,user35,0.0,0.12758421876286963
51,2,user29,user21,0.0,0.08515420005412593
51,2,user29,user15,0.0,0.13932130796474756
51,2,user29,user16,0.0,0.2044430324637886
51,2,user29,user7,0.5,0.26299316366032455
51,2,user29,user20,0.0,0.21744502100321225
51,2,user15,user12,0.0,0.14786036594436455
51,2,user15,user9,0.0,0.17807308970099667
51,2,user15,user23,0.0,0.1430579659840333
51,2,user15,user35,0.0,0.08630435860564288
51,2,user15,user21,0.0,0.048207467645162885
51,2,user15,user29,0.0,0.10148262012198145
51,2,user15,user16,0.0,0.16122130212723756
51,2,user15,user7,0.0,0.18429612733673822
51,2,user15,user20,0.0,0.14754797441364603
51,2,user16,user12,0.0,0.1318338824190418
51,2,user16,user9,0.0,0.14617874655225255
51,2,user16,user23,0.0,0.11989733374195526
51,2,user16,user35,0.0,0.06711551230973542
51,2,user16,user21,0.0,0.04474218510573092
51,2,user16,user29,0.0,0.10790044948411481
51,2,user16,user15,0.0,0.09630197160077639
51,2,user16,user7,0.0,0.16981880171621208
51,2,user16,user20,0.0,0.13824860813157624
51,2,user7,user12,0.0,0.2349539474197297
51,2,user7,user9,0.5,0.29379414509617363
51,2,user7,user23,0.0,0.23867207911217175
51,2,user7,user35,0.0,0.126894160953963
51,2,user7,user21,0.0,0.09775384811357296
51,2,user7,user29,0.0,0.20363871276344078
51,2,user7,user15,0.0,0.15305626395680444
51,2,user7,user16,0.0,0.2513423878711307
51,2,user7,user20,0.0,0.2775948282809376
51,2,user20,user12,0.0,0.23606023606023607
51,2,user20,user9,0.5,0.30916768416768414
51,2,user20,user23,0.0,0.22675010175010174
51,2,user20,user35,0.0,0.14901302401302402
51,2,user20,user21,0.0,0.09452584452584453
51,2,user20,user29,0.0,0.20202482702482702
51,2,user20,user15,0.0,0.16666666666666666
51,2,user20,user16,0.0,0.234025234025234
51,2,user20,user7,1.0,0.32875457875457875
51,3,user12,user9,0.0,0.19309127018073124
51,3,user12,user23,0.0,0.15793719804131692
51,3,user12,user35,0.0,0.1426026758158397
51,3,user12,user21,0.0,0.09123038261458054
51,3,user12,user29,0.0,0.1866542792786734
51,3,user12,user15,0.0,0.15365754238424703
51,3,user12,user16,0.0,0.19280234807095106
51,3,user12,user7,0.0,0.19293040762776414
51,3,user12,user20,0.0,0.1689502120441565
51,3,user9,user12,1.0,0.3431207720357748
51,3,user9,user23,1.0,0.37765415771191796
51,3,user9,user35,0.3333333333333333,0.2927576331524945
51,3,user9,user21,0.0,0.15877454818101136
51,3,user9,user29,1.0,0.4134899112516998
51,3,user9,user15,1.0,0.3267058384545812
51,3,user9,user16,1.0,0.39353958747226686
51,3,user9,user7,1.0,0.4688827081895846
51,3,user9,user20,1.0,0.4224146754744773
51,3,user23,user12,0.0,0.17189198353985813
51,3,user23,user9,0.0,0.22350814375053144
51,3,user23,user35,0.0,0.14806081079340047
51,3,user23,user21,0.0,0.07121620298436698
51,3,user23,user29,0.0,0.18921356441434825
51,3,user23,user15,0.0,0.15892018583366185
51,3,user23,user16,0.0,0.18498303481933268
51,3,user23,user7,0.0,0.22151432016882724
51,3,user23,user20,0.0,0.1801825199889716
51,3,user35,user12,0.0,0.13814641977352826
51,3,user35,user9,0.0,0.1542527438337159
51,3,user35,user23,0.0,0.12990749037318808
51,3,user35,user21,0.0,0.06374413564892929
51,3,user35,user29,0.0,0.13598853273164893
51,3,user35,user15,0.0,0.1175974104419334
51,3,user35,user16,0.0,0.13645206587236056
51,3,user35,user7,0.0,0.16144931640131321
51,3,user35,user20,0.0,0.1320701599886879
51,3,user21,user12,0.0,0.08516647015436363
51,3,user21,user9,0.0,0.09469702568976175
51,3,user21,user23,0.0,0.07302642653732243
51,3,user21,user35,0.0,0.06334502642008695
51,3,user21,user29,0.0,0.08230286438518884
51,3,user21,user15,0.0,0.0657634446980694
51,3,user21,user16,0.0,0.08524060461106468
51,3,user21,user7,0.0,0.0894441402915979
51,3,user21,user20,0.0,0.08300474523234815
51,3,user29,user12,0.3333333333333333,0.2402658149063023
51,3,user29,user9,0.6666666666666666,0.2993130792415208
51,3,user29,user23,0.0,0.22785847107099536
51,3,user29,user35,0.0,0.19562342184664747
51,3,user29,user21,0.0,0.1250776233892741
51,3,user29,user15,0.0,0.20832303248934106
51,3,user29,user16,0.3333333333333333,0.2568983473733571
51,3,user29,user7,0.6666666666666666,0.2972659580070661
51,3,user29,user20,0.3333333333333333,0.2563520325772704
51,3,user15,user12,0.0,0.19937683854394217
51,3,user15,user9,0.0,0.21969361192591896
51,3,user15,user23,0.0,0.18052624259615035
51,3,user15,user35,0.0,0.15147966411121197
51,3,user15,user21,0.0,0.07329988840619754
51,3,user15,user29,0.0,0.20030614346565515
51,3,user15,user16,0.0,0.21373519293567741
51,3,user15,user7,0.0,0.22033240722082512
51,3,user15,user20,0.0,0.18010113581538986
51,3,user16,user12,0.0,0.15480345043966984
51,3,user16,user9,0.0,0.1721209380047141
51,3,user16,user23,0.0,0.14411361477752663
51,3,user16,user35,0.0,0.11110175611193279
51,3,user16,user21,0.0,0.06989948487066423
51,3,user16,user29,0.0,0.1603076808531876
51,3,user16,user15,0.0,0.12569050695845577
51,3,user16,user7,0.0,0.18537593694147114
51,3,user16,user20,0.0,0.15440112849468562
51,3,user7,user12,0.0,0.24274452533473698
51,3,user7,user9,0.6666666666666666,0.3049281051790008
51,3,user7,user23,0.0,0.2487237071309122
51,3,user7,user35,0.0,0.18890841048130438
51,3,user7,user21,0.0,0.11323896429229922
51,3,user7,user29,0.3333333333333333,0.2714387202659243
51,3,user7,user15,0.0,0.19323404905591457
51,3,user7,user16,0.3333333333333333,0.27585513050069055
51,3,user7,user20,0.3333333333333333,0.27217687324975137
51,3,user20,user12,0.3333333333333333,0.2919013781529994
51,3,user20,user9,1.0,0.36860683391163285
51,3,user20,user23,0.0,0.27339341736228895
51,3,user20,user35,0.0,0.2372025822090673
51,3,user20,user21,0.0,0.15378861422959997
51,3,user20,user29,0.6666666666666666,0.31927796227407124
51,3,user20,user15,0.0,0.24792435071293695
51,3,user20,user16,0.6666666666666666,0.3080053443218164
51,3,user20,user7,1.0,0.36356670662766644
51,4,user12,user9,0.0,0.20859164531725283
51,4,user12,user23,0.0,0.17575865855814787
51,4,user12,user35,0.0,0.1596045252776514
51,4,user12,user21,0.0,0.10081278369207206
51,4,user12,user29,0.0,0.20624067955011927
51,4,user12,user15,0.0,0.19407255429823017
51,4,user12,user16,0.0,0.21651320573223587
51,4,user12,user7,0.0,0.20978799441363763
51,4,user12,user20,0.0,0.18870321247398184
51,4,user9,user12,1.0,0.38408647428743703
51,4,user9,user23,1.0,0.40431374396309416
51,4,user9,user35,1.0,0.3512489209993198
51,4,user9,user21,0.0,0.1824533211625774
51,4,user9,user29,1.0,0.43303613667461044
51,4,user9,user15,1.0,0.40956316645037727
51,4,user9,user16,1.0,0.4519820036137854
51,4,user9,user7,1.0,0.5125486147614574
51,4,user9,user20,1.0,0.4699886537796688
51,4,user23,user12,0.0,0.1912552823583762
51,4,user23,user9,0.0,0.2393948345787552
51,4,user23,user35,0.0,0.1750565011083362
51,4,user23,user21,0.0,0.08291322895858773
51,4,user23,user29,0.0,0.1989217682137771
51,4,user23,user15,0.0,0.19608840890924467
51,4,user23,user16,0.0,0.21323133799724905
51,4,user23,user7,0.0,0.23271325698190085
51,4,user23,user20,0.0,0.20824951903230088
51,4,user35,user12,0.0,0.16788078205618245
51,4,user35,user9,0.0,0.19306140766023897
51,4,user35,user23,0.0,0.162471416293803
51,4,user35,user21,0.0,0.082555042007243
51,4,user35,user29,0.0,0.16855770421971356
51,4,user35,user15,0.0,0.15678660201232192
51,4,user35,user16,0.0,0.17332077358917336
51,4,user35,user7,0.0,0.19683534744188308
51,4,user35,user20,0.0,0.1713789693296509
51,4,user21,user12,0.0,0.09301742944788499
51,4,user21,user9,0.0,0.09753309034733917
51,4,user21,user23,0.0,0.07985271046801923
51,4,user21,user35,0.0,0.07290302543196889
51,4,user21,user29,0.0,0.09137298010407867
51,4,user21,user15,0.0,0.08681916174840665
51,4,user21,user16,0.0,0.09607233492489975
51,4,user21,user7,0.0,0.09190270714431675
51,4,user21,user20,0.0,0.09540778710498736
51,4,user29,user12,0.75,0.29259443920403105
51,4,user29,user9,0.75,0.349572264707283
51,4,user29,user23,0.5,0.2683308314138732
51,4,user29,user35,0.25,0.25784393341770906
51,4,user29,user21,0.0,0.16767379957120127
51,4,user29,user15,0.5,0.2875826637297834
51,4,user29,user16,0.75,0.31640255500316405
51,4,user29,user7,0.75,0.3501985485891303
51,4,user29,user20,0.75,0.3191152121747087
51,4,user15,user12,0.0,0.23958132697899218
51,4,user15,user9,0.25,0.2615785314124243
51,4,user15,user23,0.0,0.2127537731667855
51,4,user15,user35,0.0,0.1945379921504395
51,4,user15,user21,0.0,0.10234863071376674
51,4,user15,user29,0.0,0.2308105734664444
51,4,user15,user16,0.25,0.26745095284416875
51,4,user15,user7,0.25,0.2591599810742876
51,4,user15,user20,0.0,0.23685895236670146
51,4,user16,user12,0.0,0.17433656060304276
51,4,user16,user9,0.0,0.19142448651014138
51,4,user16,user23,0.0,0.1569175293852801
51,4,user16,user35,0.0,0.13171610218099658
51,4,user16,user21,0.0,0.07951928011888255
51,4,user16,user29,0.0,0.17690203740348073
51,4,user16,user15,0.0,0.158024065826146
51,4,user16,user7,0.0,0.2038930602426135
51,4,user16,user20,0.0,0.1760141468890188
51,4,user7,user12,0.25,0.26523372294061964
51,4,user7,user9,0.75,0.32426398682370106
51,4,user7,user23,0.25,0.25548383229732013
51,4,user7,user35,0.0,0.21192820100354895
51,4,user7,user21,0.0,0.12307554096168892
51,4,user7,user29,0.5,0.2890102977833516
51,4,user7,user15,0.0,0.23881029510696322
51,4,user7,user16,0.5,0.30430141367357855
51,4,user7,user20,0.5,0.2963132354571175
51,4,user20,user12,0.5,0.2989872115362595
51,4,user20,user9,0.75,0.3491193210738362
51,4,user20,user23,0.5,0.27402708037831874
51,4,user20,user35,0.25,0.25034929165549874
51,4,user20,user21,0.0,0.15854068403061758
51,4,user20,user29,0.75,0.3123304970331213
51,4,user20,user15,0.5,0.2833463738324273
51,4,user20,user16,0.75,0.3218357506088947
51,4,user20,user7,0.75,0.34899176366668055
51,5,user12,user9,0.0,0.20829145672742405
51,5,user12,user23,0.0,0.18410275816921873
51,5,user12,user35,0.0,0.1715205272301053
51,5,user12,user21,0.0,0.11070654311171264
51,5,user12,user29,0.0,0.20829363869544465
51,5,user12,user15,0.0,0.20271514239453134
51,5,user12,user16,0.0,0.22235542708978068
51,5,user12,user7,0.0,0.20843542581637098
51,5,user12,user20,0.0,0.19303094191887835
51,5,user9,user12,1.0,0.41253621427177684
51,5,user9,user23,1.0,0.43978610574219096
51,5,user9,user35,1.0,0.4042170938456297
51,5,user9,user21,0.0,0.20687184843536968
51,5,user9,user29,1.0,0.45339047226872864
51,5,user9,user15,1.0,0.4407306116082001
51,5,user9,user16,1.0,0.47725629099671335
51,5,user9,user7,1.0,0.5293144532486839
51,5,user9,user20,1.0,0.4925597597647794
51,5,user23,user12,0.0,0.21740968404831493
51,5,user23,user9,0.0,0.2515721879691915
51,5,user23,user35,0.0,0.19208129402854776
51,5,user23,user21,0.0,0.09559049582514503
51,5,user23,user29,0.0,0.21365220798839385
51,5,user23,user15,0.0,0.21060792358447053
51,5,user23,user16,0.0,0.23178273179994696
51,5,user23,user7,0.0,0.2439790495275398
51,5,user23,user20,0.0,0.2218252313868871
51,5,user35,user12,0.0,0.1788970487150882
51,5,user35,user9,0.0,0.20722300348848427
51,5,user35,user23,0.0,0.17192070025450118
51,5,user35,user21,0.0,0.08742314712442849
51,5,user35,user29,0.0,0.1805318317234211
51,5,user35,user15,0.0,0.1717516172435289
51,5,user35,user16,0.0,0.19314885111561128
51,5,user35,user7,0.0,0.2060556725303054
51,5,user35,user20,0.0,0.18210107212327029
51,5,user21,user12,0.0,0.10107117883764291
51,5,user21,user9,0.0,0.10250071406606531
51,5,user21,user23,0.0,0.08463052224818016
51,5,user21,user35,0.0,0.0788812005430834
51,5,user21,user29,0.0,0.09862107285178658
51,5,user21,user15,0.0,0.09496216812814795
51,5,user21,user16,0.0,0.10415936761686646
51,5,user21,user7,0.0,0.09565883991023898
51,5,user21,user20,0.0,0.09764452034948964
51,5,user29,user12,0.6,0.29700669722066086
51,5,user29,user9,0.6,0.34093506746562136
51,5,user29,user23,0.4,0.2742369568202768
51,5,user29,user35,0.6,0.27127658175168057
51,5,user29,user21,0.0,0.1688745092182557
51,5,user29,user15,0.6,0.28896152216807436
51,5,user29,user16,0.6,0.3158721294370249
51,5,user29,user7,0.6,0.3428906212212705
51,5,user29,user20,0.6,0.3136321909883371
51,5,user15,user12,0.0,0.25986456896711607
51,5,user15,user9,0.2,0.2786319130806808
51,5,user15,user23,0.0,0.2353023965925049
51,5,user15,user35,0.0,0.22566208393021658
51,5,user15,user21,0.0,0.11828429042918658
51,5,user15,user29,0.0,0.24753887241210687
51,5,user15,user16,0.4,0.28201873361732427
51,5,user15,user7,0.2,0.2707366908442889
51,5,user15,user20,0.2,0.2498359796847013
51,5,user16,user12,0.0,0.18852129878151677
51,5,user16,user9,0.0,0.19981072198990824
51,5,user16,user23,0.0,0.16995481720171407
51,5,user16,user35,0.0,0.15395872456550191
51,5,user16,user21,0.0,0.09369542892672125
51,5,user16,user29,0.0,0.18263919424247926
51,5,user16,user15,0.0,0.17058567633609237
51,5,user16,user7,0.0,0.20791912956271932
51,5,user16,user20,0.0,0.1888807227088404
51,5,user7,user12,0.4,0.2610637113058032
51,5,user7,user9,0.6,0.31963388393784403
51,5,user7,user23,0.4,0.25681295964791995
51,5,user7,user35,0.2,0.2234272995580703
51,5,user7,user21,0.0,0.1304842615943868
51,5,user7,user29,0.4,0.27854718963455816
51,5,user7,user15,0.2,0.2455516950858585
51,5,user7,user16,0.6,0.3013114196093526
51,5,user7,user20,0.4,0.2863869202448658
51,5,user20,user12,0.8,0.3349180678827574
51,5,user20,user9,0.8,0.3756253092032152
51,5,user20,user23,0.8,0.31160601773165253
51,5,user20,user35,0.6,0.2930842447270273
51,5,user20,user21,0.0,0.1937228601478184
51,5,user20,user29,0.8,0.3380312750052095
51,5,user20,user15,0.8,0.31937784225839416
51,5,user20,user16,0.8,0.3584929101805464
51,5,user20,user7,0.8,0.3683751884767057
52,1,user15,user23,0.0,0.10572259941804074
52,1,user15,user9,0.0,0.18040737148399613
52,1,user15,user7,0.0,0.19786614936954414
52,1,user15,user20,0.0,0.1280310378273521
52,1,user15,user16,0.0,0.15033947623666344
52,1,user15,user29,0.0,0.11639185257032007
52,1,user15,user35,0.0,0.09020368574199807
52,1,user15,user12,0.0,0.1813773035887488
52,1,user15,user21,0.0,0.040737148399612025
52,1,user23,user15,0.0,0.1059190031152648
52,1,user23,user9,0.0,0.11059190031152648
52,1,user23,user7,0.0,0.1261682242990654
52,1,user23,user20,0.0,0.0778816199376947
52,1,user23,user16,0.0,0.1043613707165109
52,1,user23,user29,0.0,0.0529595015576324
52,1,user23,user35,0.0,0.048286604361370715
52,1,user23,user12,0.0,0.08566978193146417
52,1,user23,user21,0.0,0.028037383177570093
52,1,user9,user15,0.0,0.23976608187134502
52,1,user9,user23,0.0,0.14619883040935672
52,1,user9,user7,0.0,0.2894736842105263
52,1,user9,user20,0.0,0.18421052631578946
52,1,user9,user16,0.0,0.24853801169590642
52,1,user9,user29,0.0,0.17105263157894737
52,1,user9,user35,0.0,0.10087719298245613
52,1,user9,user12,0.0,0.20175438596491227
52,1,user9,user21,0.0,0.07602339181286549
52,1,user7,user15,0.0,0.22857142857142856
52,1,user7,user23,0.0,0.14187192118226602
52,1,user7,user9,0.0,0.22857142857142856
52,1,user7,user20,0.0,0.17142857142857143
52,1,user7,user16,0.0,0.22266009852216748
52,1,user7,user29,0.0,0.13891625615763548
52,1,user7,user35,0.0,0.1123152709359606
52,1,user7,user12,0.0,0.2315270935960591
52,1,user7,user21,0.0,0.05123152709359606
52,1,user20,user15,0.0,0.17635270541082165
52,1,user20,user23,0.0,0.11022044088176353
52,1,user20,user9,0.0,0.21643286573146292
52,1,user20,user7,0.0,0.19839679358717435
52,1,user20,user16,0.0,0.17034068136272545
52,1,user20,user29,0.0,0.11623246492985972
52,1,user20,user35,0.0,0.0781563126252505
52,1,user20,user12,0.0,0.16032064128256512
52,1,user20,user21,0.0,0.05410821643286573
52,1,user16,user15,0.0,0.09229595728451563
52,1,user16,user23,0.0,0.06178489702517163
52,1,user16,user9,0.0,0.10678871090770405
52,1,user16,user7,0.0,0.11746758199847444
52,1,user16,user20,0.0,0.07475209763539283
52,1,user16,user29,0.0,0.06483600305110603
52,1,user16,user35,0.0,0.04271548436308162
52,1,user16,user12,0.0,0.09305873379099924
52,1,user16,user21,0.0,0.029748283752860413
52,1,user29,user15,0.0,0.14652014652014653
52,1,user29,user23,0.0,0.06043956043956044
52,1,user29,user9,0.0,0.15018315018315018
52,1,user29,user7,0.0,0.15567765567765568
52,1,user29,user20,0.0,0.09523809523809523
52,1,user29,user16,0.0,0.1282051282051282
52,1,user29,user35,0.0,0.05128205128205128
52,1,user29,user12,0.0,0.13736263736263737
52,1,user29,user21,0.0,0.040293040293040296
52,1,user35,user15,0.0,0.061248527679623084
52,1,user35,user23,0.0,0.030624263839811542
52,1,user35,user9,0.0,0.061248527679623084
52,1,user35,user7,0.0,0.07538280329799764
52,1,user35,user20,0.0,0.03297997644287397
52,1,user35,user16,0.0,0.061248527679623084
52,1,user35,user29,0.0,0.030624263839811542
52,1,user35,user12,0.0,0.05771495877502945
52,1,user35,user21,0.0,0.02237926972909305
52,1,user12,user15,0.0,0.1322314049586777
52,1,user12,user23,0.0,0.05922865013774105
52,1,user12,user9,0.0,0.09710743801652892
52,1,user12,user7,0.0,0.13016528925619836
52,1,user12,user20,0.0,0.08402203856749312
52,1,user12,user16,0.0,0.10537190082644628
52,1,user12,user29,0.0,0.07782369146005509
52,1,user12,user35,0.0,0.05165289256198347
52,1,user12,user21,0.0,0.028925619834710745
52,1,user21,user15,0.0,0.057692307692307696
52,1,user21,user23,0.0,0.03146853146853147
52,1,user21,user9,0.0,0.05944055944055944
52,1,user21,user7,0.0,0.050699300699300696
52,1,user21,user20,0.0,0.04195804195804196
52,1,user21,user16,0.0,0.05419580419580419
52,1,user21,user29,0.0,0.03146853146853147
52,1,user21,user35,0.0,0.03146853146853147
52,1,user21,user12,0.0,0.05244755244755245
52,2,user15,user23,0.0,0.13165378257409024
52,2,user15,user9,0.0,0.19350064930670802
52,2,user15,user7,0.0,0.17528944900767246
52,2,user15,user20,0.0,0.167591217119785
52,2,user15,user16,0.0,0.18207333460079722
52,2,user15,user29,0.0,0.12480303289068768
52,2,user15,user35,0.0,0.09923919943544152
52,2,user15,user12,0.0,0.1728646187457908
52,2,user15,user21,0.0,0.10132407010579028
52,2,user23,user15,0.0,0.13388466796656134
52,2,user23,user9,0.0,0.17056186826239944
52,2,user23,user7,0.0,0.15042470696340124
52,2,user23,user20,0.0,0.14185100517716667
52,2,user23,user16,0.0,0.13777874896344605
52,2,user23,user29,0.0,0.09846814137475066
52,2,user23,user35,0.0,0.08887805643335799
52,2,user23,user12,0.0,0.1205192855061745
52,2,user23,user21,0.0,0.09043568883211188
52,2,user9,user15,0.0,0.288840232449255
52,2,user9,user23,0.0,0.2591150495285834
52,2,user9,user7,1.0,0.3496389783983769
52,2,user9,user20,1.0,0.3372660130178927
52,2,user9,user16,1.0,0.3388657082266105
52,2,user9,user29,0.0,0.2337517328118832
52,2,user9,user35,0.0,0.19079062124174906
52,2,user9,user12,0.0,0.27703645560788415
52,2,user9,user21,0.0,0.17982570896104733
52,2,user7,user15,0.0,0.18422597212032282
52,2,user7,user23,0.0,0.15526208526942203
52,2,user7,user9,0.0,0.22451699682073856
52,2,user7,user20,0.0,0.19092396557546962
52,2,user7,user16,0.0,0.22018306955944522
52,2,user7,user29,0.0,0.1393017270493426
52,2,user7,user35,0.0,0.12472137791286728
52,2,user7,user12,0.0,0.2025486496873144
52,2,user7,user21,0.0,0.11073204532485531
52,2,user20,user15,0.0,0.17067350994123076
52,2,user20,user23,0.0,0.14395363761230326
52,2,user20,user9,0.0,0.23473280831325571
52,2,user20,user7,0.0,0.1909190572155547
52,2,user20,user16,0.0,0.19724772578865596
52,2,user20,user29,0.0,0.1400483551372408
52,2,user20,user35,0.0,0.10185258156762964
52,2,user20,user12,0.0,0.184564353425953
52,2,user20,user21,0.0,0.13418198757064692
52,2,user16,user15,0.0,0.11617947984509769
52,2,user16,user23,0.0,0.09283045091826556
52,2,user16,user9,0.0,0.14679047116118055
52,2,user16,user7,0.0,0.14665936894912868
52,2,user16,user20,0.0,0.13355373173737017
52,2,user16,user29,0.0,0.09449077333802734
52,2,user16,user35,0.0,0.06794028340080971
52,2,user16,user12,0.0,0.13302198849967728
52,2,user16,user21,0.0,0.08001360529249545
52,2,user29,user15,0.0,0.15874877155364958
52,2,user29,user23,0.0,0.12324667202715983
52,2,user29,user9,0.0,0.18173188600017867
52,2,user29,user7,0.0,0.1716586259269186
52,2,user29,user20,0.0,0.1518248012150451
52,2,user29,user16,0.0,0.1620990797820066
52,2,user29,user35,0.0,0.09893460198338247
52,2,user29,user12,0.0,0.16383007236665773
52,2,user29,user21,0.0,0.11399982131689448
52,2,user35,user15,0.0,0.068940707158255
52,2,user35,user23,0.0,0.06030402026801787
52,2,user35,user9,0.0,0.09546747560948507
52,2,user35,user7,0.0,0.08406393759583972
52,2,user35,user20,0.0,0.07562170811387425
52,2,user35,user16,0.0,0.08230548703246883
52,2,user35,user29,0.0,0.05578427450718937
52,2,user35,user12,0.0,0.07915805498144321
52,2,user35,user21,0.0,0.05283685579038602
52,2,user12,user15,0.0,0.13871840058337384
52,2,user12,user23,0.0,0.09898998339005025
52,2,user12,user9,0.0,0.13871966658564253
52,2,user12,user7,0.0,0.1477918388429752
52,2,user12,user20,0.0,0.1294170819154108
52,2,user12,user16,0.0,0.14320004861448712
52,2,user12,user29,0.0,0.10748865661967266
52,2,user12,user35,0.0,0.0777439333171285
52,2,user12,user21,0.0,0.08635528074866311
52,2,user21,user15,0.0,0.08978375330781052
52,2,user21,user23,0.0,0.07128956868878845
52,2,user21,user9,0.0,0.10612501932397901
52,2,user21,user7,0.0,0.08675670883083106
52,2,user21,user20,0.0,0.10764934025662244
52,2,user21,user16,0.0,0.09870574808806279
52,2,user21,user29,0.0,0.08218374603290078
52,2,user21,user35,0.0,0.060886447752507566
52,2,user21,user12,0.0,0.09108414342484564
52,3,user15,user23,0.0,0.1689455702498108
52,3,user15,user9,0.0,0.2261590196479506
52,3,user15,user7,0.0,0.22290602694785963
52,3,user15,user20,0.0,0.20044182482671247
52,3,user15,user16,0.0,0.22054994048963705
52,3,user15,user29,0.0,0.16432821825247065
52,3,user15,user35,0.0,0.14244056630850468
52,3,user15,user12,0.0,0.20281849915635738
52,3,user15,user21,0.0,0.11228213059812513
52,3,user23,user15,0.0,0.15706948212550834
52,3,user23,user9,0.0,0.20541896370877546
52,3,user23,user7,0.0,0.18654075687274652
52,3,user23,user20,0.0,0.1825964418784957
52,3,user23,user16,0.0,0.170331875862187
52,3,user23,user29,0.0,0.15438980127403923
52,3,user23,user35,0.0,0.13607335830908215
52,3,user23,user12,0.0,0.1509661763688016
52,3,user23,user21,0.0,0.09851448172402227
52,3,user9,user15,1.0,0.34760382254851135
52,3,user9,user23,0.6666666666666666,0.3274117149052142
52,3,user9,user7,1.0,0.43984208309587997
52,3,user9,user20,1.0,0.4096246966479406
52,3,user9,user16,1.0,0.3991502228353148
52,3,user9,user29,1.0,0.3281124308480213
52,3,user9,user35,0.3333333333333333,0.2870927422333781
52,3,user9,user12,1.0,0.3174450301463321
52,3,user9,user21,0.0,0.20197589013092013
52,3,user7,user15,0.0,0.20625042176075956
52,3,user7,user23,0.0,0.19132849994607623
52,3,user7,user9,0.3333333333333333,0.26910319800189936
52,3,user7,user20,0.3333333333333333,0.234731668911211
52,3,user7,user16,0.3333333333333333,0.2513484533929991
52,3,user7,user29,0.0,0.20646204592919704
52,3,user7,user35,0.0,0.16579123493083095
52,3,user7,user12,0.0,0.21767184708845308
52,3,user7,user21,0.0,0.1198519665034543
52,3,user20,user15,0.3333333333333333,0.24430244498276552
52,3,user20,user23,0.0,0.2251036009724995
52,3,user20,user9,0.6666666666666666,0.3208487822011929
52,3,user20,user7,0.3333333333333333,0.2980718299416522
52,3,user20,user16,0.3333333333333333,0.2730752986762572
52,3,user20,user29,0.3333333333333333,0.24170779301168777
52,3,user20,user35,0.3333333333333333,0.21470609681561323
52,3,user20,user12,0.3333333333333333,0.2559449392278068
52,3,user20,user21,0.0,0.17777252021767467
52,3,user16,user15,0.0,0.13803592763838735
52,3,user16,user23,0.0,0.11985706911250732
52,3,user16,user9,0.0,0.16975525307870984
52,3,user16,user7,0.0,0.17411264455370637
52,3,user16,user20,0.0,0.15542710244121988
52,3,user16,user29,0.0,0.13603310408349975
52,3,user16,user35,0.0,0.10235389194848839
52,3,user16,user12,0.0,0.1532886701156414
52,3,user16,user21,0.0,0.08802367881833771
52,3,user29,user15,0.0,0.21823928771713041
52,3,user29,user23,0.0,0.20655092391609053
52,3,user29,user9,0.3333333333333333,0.26519638293942654
52,3,user29,user7,0.3333333333333333,0.26883900861915294
52,3,user29,user20,0.3333333333333333,0.23222858099189256
52,3,user29,user16,0.3333333333333333,0.2389326229072021
52,3,user29,user35,0.0,0.17544940269090045
52,3,user29,user12,0.3333333333333333,0.23338110799464284
52,3,user29,user21,0.0,0.1618322610249783
52,3,user35,user15,0.0,0.11353313059442938
52,3,user35,user23,0.0,0.11411314348731556
52,3,user35,user9,0.0,0.15660666389918235
52,3,user35,user7,0.0,0.13933101787667787
52,3,user35,user20,0.0,0.14048919168713336
52,3,user35,user16,0.0,0.1337858591592552
52,3,user35,user29,0.0,0.11149801425098649
52,3,user35,user12,0.0,0.1249949413896602
52,3,user35,user21,0.0,0.08267255638525171
52,3,user12,user15,0.0,0.14990518966572108
52,3,user12,user23,0.0,0.11864809081372973
52,3,user12,user9,0.0,0.1499474586693559
52,3,user12,user7,0.0,0.15990260903027123
52,3,user12,user20,0.0,0.1440477355757663
52,3,user12,user16,0.0,0.16401793327374198
52,3,user12,user29,0.0,0.1389061890867023
52,3,user12,user35,0.0,0.1010123323711804
52,3,user12,user21,0.0,0.08711858625725376
52,3,user21,user15,0.0,0.09255228404764655
52,3,user21,user23,0.0,0.08277918856291043
52,3,user21,user9,0.0,0.10813210348816062
52,3,user21,user7,0.0,0.09280135535744007
52,3,user21,user20,0.0,0.10767915805205137
52,3,user21,user16,0.0,0.10657032148777686
52,3,user21,user29,0.0,0.09892866013526715
52,3,user21,user35,0.0,0.07761781675180861
52,3,user21,user12,0.0,0.08995866530378539
52,4,user15,user23,0.0,0.2045575623148413
52,4,user15,user9,0.25,0.25465115953264844
52,4,user15,user7,0.25,0.2635167118344248
52,4,user15,user20,0.0,0.22580745829192425
52,4,user15,user16,0.0,0.24231709519728223
52,4,user15,user29,0.0,0.19922243473606568
52,4,user15,user35,0.0,0.1945686002674576
52,4,user15,user12,0.0,0.23192696034108745
52,4,user15,user21,0.0,0.14641945802500625
52,4,user23,user15,0.0,0.18725438389040194
52,4,user23,user9,0.0,0.24239274066486843
52,4,user23,user7,0.0,0.2160740795935774
52,4,user23,user20,0.0,0.20536963018835172
52,4,user23,user16,0.0,0.20037656983734678
52,4,user23,user29,0.0,0.17792343675586914
52,4,user23,user35,0.0,0.17191028523557308
52,4,user23,user12,0.0,0.18653184099487224
52,4,user23,user21,0.0,0.11483948358173379
52,4,user9,user15,1.0,0.387405558612589
52,4,user9,user23,1.0,0.3991753694776802
52,4,user9,user7,1.0,0.4893043377487406
52,4,user9,user20,1.0,0.46436236954357574
52,4,user9,user16,1.0,0.443005219486724
52,4,user9,user29,1.0,0.387993254127703
52,4,user9,user35,1.0,0.3576525724368317
52,4,user9,user12,1.0,0.3734196436930163
52,4,user9,user21,0.0,0.24892848235695184
52,4,user7,user15,0.25,0.2250003452294434
52,4,user7,user23,0.25,0.2169466488449603
52,4,user7,user9,0.5,0.2902747520778457
52,4,user7,user20,0.25,0.24997496077772763
52,4,user7,user16,0.25,0.26125522490098513
52,4,user7,user29,0.25,0.22575995399417165
52,4,user7,user35,0.0,0.1919738710210747
52,4,user7,user12,0.25,0.23972841854468818
52,4,user7,user21,0.0,0.13866960635539538
52,4,user20,user15,0.5,0.2851936142077483
52,4,user20,user23,0.25,0.27324571343298387
52,4,user20,user9,0.75,0.35871021059031
52,4,user20,user7,0.75,0.33755307390321176
52,4,user20,user16,0.5,0.3149916121097265
52,4,user20,user29,0.5,0.29099433796054874
52,4,user20,user35,0.5,0.274302219037314
52,4,user20,user12,0.5,0.30471551229317595
52,4,user20,user21,0.0,0.21011708769871548
52,4,user16,user15,0.0,0.15483203787852756
52,4,user16,user23,0.0,0.14372573734283073
52,4,user16,user9,0.0,0.18987445258961028
52,4,user16,user7,0.0,0.1964038475369581
52,4,user16,user20,0.0,0.1727998101425587
52,4,user16,user29,0.0,0.1551143579372198
52,4,user16,user35,0.0,0.13358721984872418
52,4,user16,user12,0.0,0.17485072934610596
52,4,user16,user21,0.0,0.10941917959116614
52,4,user29,user15,0.5,0.27508322708363925
52,4,user29,user23,0.5,0.2547059138814253
52,4,user29,user9,0.5,0.3222560922541168
52,4,user29,user7,0.5,0.318609049686804
52,4,user29,user20,0.5,0.29507680717555235
52,4,user29,user16,0.5,0.29076831549454973
52,4,user29,user35,0.25,0.23640581336981747
52,4,user29,user12,0.5,0.29394315945590643
52,4,user29,user21,0.0,0.19948166291493657
52,4,user35,user15,0.0,0.13319088480223754
52,4,user35,user23,0.0,0.140132407635138
52,4,user35,user9,0.0,0.18377691253860792
52,4,user35,user7,0.0,0.16353428905799583
52,4,user35,user20,0.0,0.16128712665821693
52,4,user35,user16,0.0,0.16409376132953282
52,4,user35,user29,0.0,0.14097241744399808
52,4,user35,user12,0.0,0.15029086652904494
52,4,user35,user21,0.0,0.09872583271537429
52,4,user12,user15,0.0,0.18454787579013804
52,4,user12,user23,0.0,0.1545527471147195
52,4,user12,user9,0.0,0.18677100163333593
52,4,user12,user7,0.0,0.20634669734423816
52,4,user12,user20,0.0,0.17944153857189113
52,4,user12,user16,0.0,0.19748754354515285
52,4,user12,user29,0.0,0.1729271809037577
52,4,user12,user35,0.0,0.14475929925957562
52,4,user12,user21,0.0,0.13234567999011976
52,4,user21,user15,0.0,0.1079989409120671
52,4,user21,user23,0.0,0.09565271498660637
52,4,user21,user9,0.0,0.12496019721628246
52,4,user21,user7,0.0,0.11249498743924746
52,4,user21,user20,0.0,0.11764463802326611
52,4,user21,user16,0.0,0.12269340408357113
52,4,user21,user29,0.0,0.10908602617383334
52,4,user21,user35,0.0,0.09986988795777023
52,4,user21,user12,0.0,0.1138788161941352
52,5,user15,user23,0.0,0.22883840748364093
52,5,user15,user9,0.4,0.2831409664655663
52,5,user15,user7,0.4,0.293698190999073
52,5,user15,user20,0.0,0.24415774804001397
52,5,user15,user16,0.2,0.2630625837316238
52,5,user15,user29,0.0,0.2517053650324964
52,5,user15,user35,0.0,0.22566208393021664
52,5,user15,user12,0.0,0.25341131912608195
52,5,user15,user21,0.0,0.15977690652465493
52,5,user23,user15,0.0,0.21026222822023208
52,5,user23,user9,0.0,0.26189238185087926
52,5,user23,user7,0.0,0.24868682128219718
52,5,user23,user20,0.0,0.21810787276708138
52,5,user23,user16,0.0,0.21985550622084835
52,5,user23,user29,0.0,0.22006172414201078
52,5,user23,user35,0.0,0.1932110953530511
52,5,user23,user12,0.0,0.20996654139552132
52,5,user23,user21,0.0,0.12361953327010575
52,5,user9,user15,1.0,0.4374896791550299
52,5,user9,user23,1.0,0.44016698198355686
52,5,user9,user7,1.0,0.5360084582808607
52,5,user9,user20,1.0,0.4876690333679535
52,5,user9,user16,1.0,0.4611852637710271
52,5,user9,user29,1.0,0.4731204968719
52,5,user9,user35,1.0,0.4043072212419224
52,5,user9,user12,1.0,0.41054680169441804
52,5,user9,user21,0.0,0.2624948302614907
52,5,user7,user15,0.2,0.2539520688687618
52,5,user7,user23,0.2,0.24550745738427077
52,5,user7,user9,0.6,0.32138556891211845
52,5,user7,user20,0.4,0.2793517748240603
52,5,user7,user16,0.4,0.2889215091414314
52,5,user7,user29,0.4,0.27960819367629786
52,5,user7,user35,0.2,0.22905288940499863
52,5,user7,user12,0.4,0.2706273637108455
52,5,user7,user21,0.0,0.15907419178318224
52,5,user20,user15,0.6,0.3299550684479038
52,5,user20,user23,0.6,0.31257920292038927
52,5,user20,user9,0.8,0.3851430871509294
52,5,user20,user7,0.8,0.3825622127534307
52,5,user20,user16,0.6,0.3438205816143294
52,5,user20,user29,0.8,0.3507286260865554
52,5,user20,user35,0.6,0.3118391778154704
52,5,user20,user12,0.6,0.34703985822363076
52,5,user20,user21,0.0,0.2397353920929107
52,5,user16,user15,0.0,0.1658579691800995
52,5,user16,user23,0.0,0.15407490278271846
52,5,user16,user9,0.0,0.19633839884286583
52,5,user16,user7,0.0,0.20754654664225375
52,5,user16,user20,0.0,0.17637789741548954
52,5,user16,user29,0.0,0.18332405408697386
52,5,user16,user35,0.0,0.1489679195666429
52,5,user16,user12,0.0,0.18243036694322387
52,5,user16,user21,0.0,0.10999136642128274
52,5,user29,user15,0.6,0.30085664458951256
52,5,user29,user23,0.4,0.28146083847088693
52,5,user29,user9,0.6,0.35040014894275007
52,5,user29,user7,0.6,0.34994887269614755
52,5,user29,user20,0.6,0.31809770917060554
52,5,user29,user16,0.6,0.3093126373991388
52,5,user29,user35,0.6,0.27470823781491555
52,5,user29,user12,0.6,0.310182225642862
52,5,user29,user21,0.0,0.21290406073466456
52,5,user35,user15,0.0,0.1717516172435289
52,5,user35,user23,0.0,0.1672633896398598
52,5,user35,user9,0.0,0.2114783681261251
52,5,user35,user7,0.0,0.20406321060863294
52,5,user35,user20,0.0,0.18149774100257055
52,5,user35,user16,0.0,0.18658387124612488
52,5,user35,user29,0.0,0.18200745141794136
52,5,user35,user12,0.0,0.17849696290099026
52,5,user35,user21,0.0,0.11140032502244097
52,5,user12,user15,0.0,0.20068932130533607
52,5,user12,user23,0.0,0.17353590237473246
52,5,user12,user9,0.0,0.20799835831425445
52,5,user12,user7,0.0,0.22241438265874652
52,5,user12,user20,0.0,0.19199647144052934
52,5,user12,user16,0.0,0.2115727423820112
52,5,user12,user29,0.0,0.21058129166747422
52,5,user12,user35,0.0,0.17051014938160103
52,5,user12,user21,0.0,0.14272632252151088
52,5,user21,user15,0.0,0.11484894992549163
52,5,user21,user23,0.0,0.09881467503308274
52,5,user21,user9,0.0,0.1266828608496023
52,5,user21,user7,0.0,0.11936712506301146
52,5,user21,user20,0.0,0.12119401871337895
52,5,user21,user16,0.0,0.11849618997233702
52,5,user21,user29,0.0,0.12585923723495016
52,5,user21,user35,0.0,0.10169419238451531
52,5,user21,user12,0.0,0.11983822802837434
53,1,user12,user15,0.0,0.08549222797927461
53,1,user12,user29,0.0,0.09844559585492228
53,1,user12,user16,0.0,0.15630397236614854
53,1,user12,user7,0.0,0.17530224525043178
53,1,user12,user23,0.0,0.11917098445595854
53,1,user12,user21,0.0,0.054404145077720206
53,1,user12,user35,0.0,0.07167530224525043
53,1,user12,user20,0.0,0.15457685664939552
53,1,user12,user9,0.0,0.16062176165803108
53,1,user15,user12,0.0,0.13432835820895522
53,1,user15,user29,0.0,0.056716417910447764
53,1,user15,user16,0.0,0.1208955223880597
53,1,user15,user7,0.0,0.12835820895522387
53,1,user15,user23,0.0,0.07611940298507462
53,1,user15,user21,0.0,0.03134328358208955
53,1,user15,user35,0.0,0.06417910447761194
53,1,user15,user20,0.0,0.10597014925373134
53,1,user15,user9,0.0,0.1373134328358209
53,1,user29,user12,0.0,0.1227106227106227
53,1,user29,user15,0.0,0.0695970695970696
53,1,user29,user16,0.0,0.1282051282051282
53,1,user29,user7,0.0,0.14285714285714285
53,1,user29,user23,0.0,0.07509157509157509
53,1,user29,user21,0.0,0.038461538461538464
53,1,user29,user35,0.0,0.05128205128205128
53,1,user29,user20,0.0,0.12637362637362637
53,1,user29,user9,0.0,0.15018315018315018
53,1,user16,user12,0.0,0.09992372234935164
53,1,user16,user15,0.0,0.05263157894736842
53,1,user16,user29,0.0,0.06483600305110603
53,1,user16,user7,0.0,0.11060259344012205
53,1,user16,user23,0.0,0.060259344012204424
53,1,user16,user21,0.0,0.02288329519450801
53,1,user16,user35,0.0,0.04271548436308162
53,1,user16,user20,0.0,0.10526315789473684
53,1,user16,user9,0.0,0.12204424103737604
53,1,user7,user12,0.0,0.20164609053497942
53,1,user7,user15,0.0,0.10802469135802469
53,1,user7,user29,0.0,0.13065843621399176
53,1,user7,user16,0.0,0.18209876543209877
53,1,user7,user23,0.0,0.13580246913580246
53,1,user7,user21,0.0,0.051440329218107
53,1,user7,user35,0.0,0.08950617283950617
53,1,user7,user20,0.0,0.20267489711934156
53,1,user7,user9,0.0,0.24588477366255143
53,1,user23,user12,0.0,0.13278688524590163
53,1,user23,user15,0.0,0.07213114754098361
53,1,user23,user29,0.0,0.08196721311475409
53,1,user23,user16,0.0,0.10655737704918032
53,1,user23,user7,0.0,0.14590163934426228
53,1,user23,user21,0.0,0.04426229508196721
53,1,user23,user35,0.0,0.05901639344262295
53,1,user23,user20,0.0,0.1180327868852459
53,1,user23,user9,0.0,0.1377049180327869
53,1,user21,user12,0.0,0.04470198675496689
53,1,user21,user15,0.0,0.026490066225165563
53,1,user21,user29,0.0,0.024834437086092714
53,1,user21,user16,0.0,0.0347682119205298
53,1,user21,user7,0.0,0.0347682119205298
53,1,user21,user23,0.0,0.0380794701986755
53,1,user21,user35,0.0,0.016556291390728478
53,1,user21,user20,0.0,0.039735099337748346
53,1,user21,user9,0.0,0.0380794701986755
53,1,user35,user12,0.0,0.05653710247349823
53,1,user35,user15,0.0,0.03769140164899882
53,1,user35,user29,0.0,0.030624263839811542
53,1,user35,user16,0.0,0.061248527679623084
53,1,user35,user7,0.0,0.0636042402826855
53,1,user35,user23,0.0,0.0447585394581861
53,1,user35,user21,0.0,0.015312131919905771
53,1,user35,user20,0.0,0.05182567726737338
53,1,user35,user9,0.0,0.071849234393404
53,1,user20,user12,0.0,0.1917989417989418
53,1,user20,user15,0.0,0.10317460317460317
53,1,user20,user29,0.0,0.1349206349206349
53,1,user20,user16,0.0,0.19576719576719576
53,1,user20,user7,0.0,0.2328042328042328
53,1,user20,user23,0.0,0.14814814814814814
53,1,user20,user21,0.0,0.06613756613756613
53,1,user20,user35,0.0,0.09126984126984126
53,1,user20,user9,0.0,0.27380952380952384
53,1,user9,user12,0.0,0.20281359906213364
53,1,user9,user15,0.0,0.123094958968347
53,1,user9,user29,0.0,0.1488862837045721
53,1,user9,user16,0.0,0.22743259085580306
53,1,user9,user7,0.0,0.28839390386869873
53,1,user9,user23,0.0,0.16412661195779601
53,1,user9,user21,0.0,0.04572098475967175
53,1,user9,user35,0.0,0.11957796014067995
53,1,user9,user20,0.0,0.26260257913247365
53,2,user12,user15,0.0,0.1769526399177836
53,2,user12,user29,0.0,0.1389489573074123
53,2,user12,user16,0.0,0.1862876289984156
53,2,user12,user7,0.0,0.197240896958278
53,2,user12,user23,0.0,0.14878709373528026
53,2,user12,user21,0.0,0.07133273383862174
53,2,user12,user35,0.0,0.09702714854622532
53,2,user12,user20,0.0,0.16369238784453105
53,2,user12,user9,0.0,0.18033550293324196
53,2,user15,user12,0.0,0.21978661493695442
53,2,user15,user29,0.0,0.1444199950779565
53,2,user15,user16,0.0,0.204265529771125
53,2,user15,user7,0.0,0.23321727926806318
53,2,user15,user23,0.0,0.1666574981542337
53,2,user15,user21,0.0,0.07857101495432633
53,2,user15,user35,0.0,0.10248707963576878
53,2,user15,user20,0.0,0.1749395602009352
53,2,user15,user9,0.0,0.21974680429086382
53,2,user29,user12,0.5,0.2536500011145042
53,2,user29,user15,0.0,0.23212521082703638
53,2,user29,user16,0.0,0.2310125641768644
53,2,user29,user7,0.5,0.2782173877508563
53,2,user29,user23,0.0,0.21060042053956862
53,2,user29,user21,0.0,0.0857053696810289
53,2,user29,user35,0.0,0.13026138837497864
53,2,user29,user20,0.5,0.24328139743961244
53,2,user29,user9,0.5,0.27641560603021054
53,2,user16,user12,0.0,0.13996462661938058
53,2,user16,user15,0.0,0.12168199817055197
53,2,user16,user29,0.0,0.0996265130173433
53,2,user16,user7,0.0,0.16287496847089142
53,2,user16,user23,0.0,0.10893299418648822
53,2,user16,user21,0.0,0.04209189177690459
53,2,user16,user35,0.0,0.06935066750541694
53,2,user16,user20,0.0,0.12662302734143516
53,2,user16,user9,0.0,0.1619590288730661
53,2,user7,user12,0.0,0.261702593658444
53,2,user7,user15,0.0,0.22756285273832827
53,2,user7,user29,0.0,0.2065447826572976
53,2,user7,user16,0.0,0.2564503508210956
53,2,user7,user23,0.0,0.23744472520530638
53,2,user7,user21,0.0,0.07727715256493245
53,2,user7,user35,0.0,0.126894160953963
53,2,user7,user20,0.0,0.26570051134871797
53,2,user7,user9,0.5,0.3245858777286446
53,2,user23,user12,0.0,0.16224590163934427
53,2,user23,user15,0.0,0.15286885245901638
53,2,user23,user29,0.0,0.12751639344262294
53,2,user23,user16,0.0,0.15382786885245903
53,2,user23,user7,0.0,0.20341803278688525
53,2,user23,user21,0.0,0.0473688524590164
53,2,user23,user35,0.0,0.09054098360655738
53,2,user23,user20,0.0,0.14045081967213113
53,2,user23,user9,0.0,0.18020491803278688
53,2,user21,user12,0.0,0.0667074174642765
53,2,user21,user15,0.0,0.06495195910995344
53,2,user21,user29,0.0,0.045841575642900145
53,2,user21,user16,0.0,0.06124138397080686
53,2,user21,user7,0.0,0.07164512403396037
53,2,user21,user23,0.0,0.04782587327525833
53,2,user21,user35,0.0,0.030570777377778323
53,2,user21,user20,0.0,0.0593569155536989
53,2,user21,user9,0.0,0.057830296477410954
53,2,user35,user12,0.0,0.07896081961019624
53,2,user35,user15,0.0,0.07051303420228015
53,2,user35,user29,0.0,0.06423483787808076
53,2,user35,user16,0.0,0.08289163722025913
53,2,user35,user7,0.0,0.10076505100340023
53,2,user35,user23,0.0,0.07129919772429273
53,2,user35,user21,0.0,0.02534057826077294
53,2,user35,user20,0.0,0.09094772984865658
53,2,user35,user9,0.0,0.10823499344400739
53,2,user20,user12,0.5,0.2993166148026115
53,2,user20,user15,0.5,0.2813450659414416
53,2,user20,user29,0.5,0.2697889699537146
53,2,user20,user16,0.5,0.30526899575499244
53,2,user20,user7,1.0,0.39026829842315836
53,2,user20,user23,0.0,0.25014600385275837
53,2,user20,user21,0.0,0.12226515171325714
53,2,user20,user35,0.0,0.2052323858337038
53,2,user20,user9,1.0,0.3914287021782903
53,2,user9,user12,0.5,0.3018869435422392
53,2,user9,user15,0.5,0.288332244280873
53,2,user9,user29,0.5,0.27492809050666567
53,2,user9,user16,1.0,0.3427103953260431
53,2,user9,user7,1.0,0.44160837032908606
53,2,user9,user23,0.0,0.2884147239892632
53,2,user9,user21,0.0,0.07977229194293364
53,2,user9,user35,0.0,0.18335959871619933
53,2,user9,user20,1.0,0.3736466921633066
53,3,user12,user15,0.0,0.18304874425998133
53,3,user12,user29,0.0,0.1458681196629877
53,3,user12,user16,0.0,0.20102218744801825
53,3,user12,user7,0.0,0.21268628138714887
53,3,user12,user23,0.0,0.15508351467609524
53,3,user12,user21,0.0,0.11142313429674693
53,3,user12,user35,0.0,0.1397313826704824
53,3,user12,user20,0.0,0.17705522913165517
53,3,user12,user9,0.0,0.1867919484968541
53,3,user15,user12,0.0,0.22190123076898907
53,3,user15,user29,0.0,0.16383295826438313
53,3,user15,user16,0.0,0.2332534170584126
53,3,user15,user7,0.0,0.24445723985516285
53,3,user15,user23,0.0,0.18169362287877153
53,3,user15,user21,0.0,0.1130467563192958
53,3,user15,user35,0.0,0.16163719973462454
53,3,user15,user20,0.0,0.20694099356054285
53,3,user15,user9,0.0,0.22847839197726463
53,3,user29,user12,0.3333333333333333,0.24551108532951904
53,3,user29,user15,0.3333333333333333,0.23231109743502762
53,3,user29,user16,0.3333333333333333,0.25791329665074286
53,3,user29,user7,0.3333333333333333,0.28220492656746554
53,3,user29,user23,0.3333333333333333,0.21084094503428596
53,3,user29,user21,0.0,0.1484213124123083
53,3,user29,user35,0.0,0.18754616206750974
53,3,user29,user20,0.3333333333333333,0.26236663175761776
53,3,user29,user9,0.3333333333333333,0.2793150686338239
53,3,user16,user12,0.0,0.15567929083775614
53,3,user16,user15,0.0,0.13765667471372992
53,3,user16,user29,0.0,0.12488474396594314
53,3,user16,user7,0.0,0.18858288968186257
53,3,user16,user23,0.0,0.13439748650863179
53,3,user16,user21,0.0,0.08549609714803241
53,3,user16,user35,0.0,0.11031546778092789
53,3,user16,user20,0.0,0.15832744232191082
53,3,user16,user9,0.0,0.18097233507690857
53,3,user7,user12,0.3333333333333333,0.2671303082817447
53,3,user7,user15,0.0,0.22267907714556978
53,3,user7,user29,0.0,0.21466157743594794
53,3,user7,user16,0.6666666666666666,0.27837718359068625
53,3,user7,user23,0.0,0.23735441492054435
53,3,user7,user21,0.0,0.13777581958880705
53,3,user7,user35,0.0,0.18928964110801905
53,3,user7,user20,0.6666666666666666,0.2767827620472751
53,3,user7,user9,0.6666666666666666,0.3219020031599721
53,3,user23,user12,0.0,0.17293730316803704
53,3,user23,user15,0.0,0.16573554295830992
53,3,user23,user29,0.0,0.14120925046388502
53,3,user23,user16,0.0,0.19120113034744565
53,3,user23,user7,0.0,0.21731741654324768
53,3,user23,user21,0.0,0.0984697580988373
53,3,user23,user35,0.0,0.14084850960965564
53,3,user23,user20,0.0,0.18610345062390413
53,3,user23,user9,0.0,0.21178719166538992
53,3,user21,user12,0.0,0.10137890046401388
53,3,user21,user15,0.0,0.08982881703846528
53,3,user21,user29,0.0,0.08381003705904393
53,3,user21,user16,0.0,0.10900231749440627
53,3,user21,user7,0.0,0.10351509188724213
53,3,user21,user23,0.0,0.0818704829934689
53,3,user21,user35,0.0,0.06422037416534442
53,3,user21,user20,0.0,0.10852001499772936
53,3,user21,user9,0.0,0.09933951518600519
53,3,user35,user12,0.0,0.13500176568547792
53,3,user35,user15,0.0,0.11831553931027229
53,3,user35,user29,0.0,0.10805206509086768
53,3,user35,user16,0.0,0.1401151712922498
53,3,user35,user7,0.0,0.16248796928342232
53,3,user35,user23,0.0,0.11878200304928754
53,3,user35,user21,0.0,0.0687165876178477
53,3,user35,user20,0.0,0.13743610583399904
53,3,user35,user9,0.0,0.16073128928985989
53,3,user20,user12,0.6666666666666666,0.2849938747592679
53,3,user20,user15,0.3333333333333333,0.2589525564932645
53,3,user20,user29,0.3333333333333333,0.25525298421950465
53,3,user20,user16,0.6666666666666666,0.31829833990950557
53,3,user20,user7,0.6666666666666666,0.3511412328428538
53,3,user20,user23,0.3333333333333333,0.2579367609478241
53,3,user20,user21,0.0,0.1938209939551189
53,3,user20,user35,0.3333333333333333,0.24550718215877806
53,3,user20,user9,0.6666666666666666,0.34769236213682714
53,3,user9,user12,1.0,0.35127675234640326
53,3,user9,user15,1.0,0.3301158859492719
53,3,user9,user29,0.6666666666666666,0.32042599416532447
53,3,user9,user16,1.0,0.4147226961244714
53,3,user9,user7,1.0,0.48233171029418465
53,3,user9,user23,1.0,0.3539879748789754
53,3,user9,user21,0.0,0.18948207099407846
53,3,user9,user35,0.3333333333333333,0.2907057367681258
53,3,user9,user20,1.0,0.44583595225358286
53,4,user12,user15,0.0,0.20086655547308027
53,4,user12,user29,0.0,0.1519991086663711
53,4,user12,user16,0.0,0.21298988358277232
53,4,user12,user7,0.0,0.21886474743295123
53,4,user12,user23,0.0,0.17600536099402475
53,4,user12,user21,0.0,0.1398110622414949
53,4,user12,user35,0.0,0.16608785309918325
53,4,user12,user20,0.0,0.1938288749440663
53,4,user12,user9,0.0,0.19649772056817638
53,4,user15,user12,0.0,0.24822341364868428
53,4,user15,user29,0.0,0.17592497789043027
53,4,user15,user16,0.0,0.25632923297399324
53,4,user15,user7,0.25,0.2651011156420148
53,4,user15,user23,0.0,0.2184549792185996
53,4,user15,user21,0.0,0.1487629845888377
53,4,user15,user35,0.0,0.20113051718519306
53,4,user15,user20,0.0,0.23787701733684566
53,4,user15,user9,0.25,0.24843796060478474
53,4,user29,user12,0.25,0.24257325272907349
53,4,user29,user15,0.25,0.23896359158612215
53,4,user29,user16,0.25,0.2528588480198895
53,4,user29,user7,0.25,0.2769868990966279
53,4,user29,user23,0.25,0.22772788567421126
53,4,user29,user21,0.0,0.1580772839912346
53,4,user29,user35,0.25,0.20671840691411864
53,4,user29,user20,0.25,0.27258448070272534
53,4,user29,user9,0.25,0.2831761527184874
53,4,user16,user12,0.0,0.1673586855940368
53,4,user16,user15,0.0,0.15129920212056913
53,4,user16,user29,0.0,0.13085826651491955
53,4,user16,user7,0.0,0.18716824237080248
53,4,user16,user23,0.0,0.14699695006020289
53,4,user16,user21,0.0,0.10171912518213681
53,4,user16,user35,0.0,0.1300874861885271
53,4,user16,user20,0.0,0.16940952987900695
53,4,user16,user9,0.0,0.1814633635846614
53,4,user7,user12,0.5,0.2592337065995711
53,4,user7,user15,0.0,0.22720362449467507
53,4,user7,user29,0.0,0.20737346840672327
53,4,user7,user16,0.5,0.26857919910806116
53,4,user7,user23,0.25,0.2462626722822776
53,4,user7,user21,0.0,0.14569241400781066
53,4,user7,user35,0.0,0.2059958181706334
53,4,user7,user20,0.5,0.27729877039283796
53,4,user7,user9,0.5,0.30861830270979174
53,4,user23,user12,0.0,0.204999872261851
53,4,user23,user15,0.0,0.2037927372498509
53,4,user23,user29,0.0,0.16026788226369743
53,4,user23,user16,0.0,0.21308579032847336
53,4,user23,user7,0.0,0.2398576752759391
53,4,user23,user21,0.0,0.1124595244947405
53,4,user23,user35,0.0,0.17735047143994223
53,4,user23,user20,0.0,0.21577247925300552
53,4,user23,user9,0.0,0.2408868123730618
53,4,user21,user12,0.0,0.1217518587743642
53,4,user21,user15,0.0,0.10712354126407753
53,4,user21,user29,0.0,0.09113105432152988
53,4,user21,user16,0.0,0.118234956988204
53,4,user21,user7,0.0,0.10871510238426726
53,4,user21,user23,0.0,0.09442231450570868
53,4,user21,user35,0.0,0.08926291850008974
53,4,user21,user20,0.0,0.12005207716196961
53,4,user21,user9,0.0,0.11848575851545204
53,4,user35,user12,0.0,0.1541039201383607
53,4,user35,user15,0.0,0.14916212443023033
53,4,user35,user29,0.0,0.11969579132132421
53,4,user35,user16,0.0,0.16004873177029716
53,4,user35,user7,0.0,0.17967366635146803
53,4,user35,user23,0.0,0.14623596830040386
53,4,user35,user21,0.0,0.08874349211571714
53,4,user35,user20,0.0,0.16164321607411683
53,4,user35,user9,0.0,0.18261599280248944
53,4,user20,user12,0.75,0.31825019092999857
53,4,user20,user15,0.5,0.2976373308257413
53,4,user20,user29,0.25,0.2643896637730861
53,4,user20,user16,0.75,0.3300933714970329
53,4,user20,user7,0.75,0.354606987698738
53,4,user20,user23,0.5,0.29025969859677264
53,4,user20,user21,0.0,0.20886820506311282
53,4,user20,user35,0.5,0.27886773098708295
53,4,user20,user9,0.75,0.3667368241227408
53,4,user9,user12,1.0,0.3932990810086613
53,4,user9,user15,1.0,0.39223669193975674
53,4,user9,user29,1.0,0.3528105878301017
53,4,user9,user16,1.0,0.43250873329089773
53,4,user9,user7,1.0,0.5048901357964196
53,4,user9,user23,1.0,0.405281344603156
53,4,user9,user21,0.0,0.24345154186100315
53,4,user9,user35,1.0,0.35226877122971934
53,4,user9,user20,1.0,0.4883563726892478
53,5,user12,user15,0.0,0.21121828402190176
53,5,user12,user29,0.0,0.18265061068987332
53,5,user12,user16,0.0,0.22219327813817244
53,5,user12,user7,0.0,0.22685782401594481
53,5,user12,user23,0.0,0.1859857050016605
53,5,user12,user21,0.0,0.14606675407379704
53,5,user12,user35,0.0,0.17661160151309876
53,5,user12,user20,0.0,0.20070832384611306
53,5,user12,user9,0.0,0.21182574908033142
53,5,user15,user12,0.0,0.24504674306806934
53,5,user15,user29,0.0,0.21113818629215828
53,5,user15,user16,0.4,0.26321854502293723
53,5,user15,user7,0.4,0.2789084576439792
53,5,user15,user23,0.0,0.22204121864810444
53,5,user15,user21,0.0,0.14713086094701266
53,5,user15,user35,0.0,0.21403388990284059
53,5,user15,user20,0.0,0.23753409288361751
53,5,user15,user9,0.2,0.2671414146929568
53,5,user29,user12,0.4,0.2824511969580151
53,5,user29,user15,0.4,0.29197539662430677
53,5,user29,user16,0.4,0.2912571252119537
53,5,user29,user7,0.4,0.31794903453567624
53,5,user29,user23,0.4,0.26959443256797483
53,5,user29,user21,0.0,0.187523754393174
53,5,user29,user35,0.4,0.2534979296300176
53,5,user29,user20,0.4,0.30148727529568936
53,5,user29,user9,0.4,0.3229804008622747
53,5,user16,user12,0.0,0.1840527536018529
53,5,user16,user15,0.0,0.17538689829826898
53,5,user16,user29,0.0,0.16409679017445086
53,5,user16,user7,0.0,0.20731106639560642
53,5,user16,user23,0.0,0.16440515300942
53,5,user16,user21,0.0,0.11035743075198659
53,5,user16,user35,0.0,0.1470257682794173
53,5,user16,user20,0.0,0.1835736682930114
53,5,user16,user9,0.0,0.1987569714499342
53,5,user7,user12,0.6,0.2913830178932075
53,5,user7,user15,0.4,0.2827818161107331
53,5,user7,user29,0.4,0.2713037047852368
53,5,user7,user16,0.6,0.3127897099402973
53,5,user7,user23,0.6,0.2769628424751179
53,5,user7,user21,0.0,0.17444554920046013
53,5,user7,user35,0.4,0.2457941160765246
53,5,user7,user20,0.6,0.3039548742347713
53,5,user7,user9,0.6,0.34467150607449526
53,5,user23,user12,0.0,0.2133646253748159
53,5,user23,user15,0.0,0.23071515718190988
53,5,user23,user29,0.0,0.20367826815456266
53,5,user23,user16,0.0,0.2296477903735799
53,5,user23,user7,0.0,0.24845929149906948
53,5,user23,user21,0.0,0.12490297697871502
53,5,user23,user35,0.0,0.1920812940285478
53,5,user23,user20,0.0,0.22247099830329126
53,5,user23,user9,0.0,0.2546436136201903
53,5,user21,user12,0.0,0.1278816236229853
53,5,user21,user15,0.0,0.11936135185087238
53,5,user21,user29,0.0,0.11004116663939005
53,5,user21,user16,0.0,0.12198955239623441
53,5,user21,user7,0.0,0.12177762846689236
53,5,user21,user23,0.0,0.10150218674721292
53,5,user21,user35,0.0,0.10169419238451531
53,5,user21,user20,0.0,0.122515779555464
53,5,user21,user9,0.0,0.12869292502950988
53,5,user35,user12,0.0,0.18475942515161167
53,5,user35,user15,0.0,0.18522873727642847
53,5,user35,user29,0.0,0.1674368561606538
53,5,user35,user16,0.0,0.18696097318391108
53,5,user35,user7,0.0,0.20584754230110355
53,5,user35,user23,0.0,0.17192070025450118
53,5,user35,user21,0.0,0.11140032502244099
53,5,user35,user20,0.0,0.18645651229283877
53,5,user35,user9,0.0,0.2114379876304327
53,5,user20,user12,0.8,0.3528613248765891
53,5,user20,user15,0.8,0.346506555513947
53,5,user20,user29,0.8,0.3384906599881631
53,5,user20,user16,0.8,0.36450086719715435
53,5,user20,user7,0.8,0.3832752559155729
53,5,user20,user23,0.8,0.3248650770845971
53,5,user20,user21,0.0,0.23919707492132697
53,5,user20,user35,0.6,0.31565682532049266
53,5,user20,user9,0.8,0.39300536474537073
53,5,user9,user12,1.0,0.4208440150486864
53,5,user9,user15,1.0,0.4600833348236069
53,5,user9,user29,1.0,0.43877942173302936
53,5,user9,user16,1.0,0.46786773534764337
53,5,user9,user7,1.0,0.5346992536654984
53,5,user9,user23,1.0,0.4394457740386152
53,5,user9,user21,0.0,0.26632206799425745
53,5,user9,user35,1.0,0.4055975942770361
53,5,user9,user20,1.0,0.5075711238336134
54,1,user12,user9,0.0,0.09558823529411764
54,1,user12,user7,0.0,0.0974264705882353
54,1,user12,user15,0.0,0.10477941176470588
54,1,user12,user23,0.0,0.06341911764705882
54,1,user12,user29,0.0,0.08731617647058823
54,1,user12,user20,0.0,0.10294117647058823
54,1,user12,user21,0.0,0.03400735294117647
54,1,user12,user35,0.0,0.078125
54,1,user12,user16,0.0,0.12591911764705882
54,1,user9,user12,0.0,0.15163934426229508
54,1,user9,user7,0.0,0.20901639344262296
54,1,user9,user15,0.0,0.2459016393442623
54,1,user9,user23,0.0,0.15710382513661203
54,1,user9,user29,0.0,0.17759562841530055
54,1,user9,user20,0.0,0.27459016393442626
54,1,user9,user21,0.0,0.03278688524590164
54,1,user9,user35,0.0,0.16939890710382513
54,1,user9,user16,0.0,0.24316939890710382
54,1,user7,user12,0.0,0.11493212669683257
54,1,user7,user9,0.0,0.1420814479638009
54,1,user7,user15,0.0,0.12217194570135746
54,1,user7,user23,0.0,0.06244343891402715
54,1,user7,user29,0.0,0.10407239819004525
54,1,user7,user20,0.0,0.1321266968325792
54,1,user7,user21,0.0,0.03167420814479638
54,1,user7,user35,0.0,0.09502262443438914
54,1,user7,user16,0.0,0.16108597285067874
54,1,user15,user12,0.0,0.07824100513992005
54,1,user15,user9,0.0,0.10793832095945174
54,1,user15,user7,0.0,0.08966304968589378
54,1,user15,user23,0.0,0.067390062821245
54,1,user15,user29,0.0,0.07766990291262135
54,1,user15,user20,0.0,0.09251856082238721
54,1,user15,user21,0.0,0.01770416904625928
54,1,user15,user35,0.0,0.07481439177612793
54,1,user15,user16,0.0,0.09251856082238721
54,1,user23,user12,0.0,0.08345323741007195
54,1,user23,user9,0.0,0.13525179856115108
54,1,user23,user7,0.0,0.08489208633093526
54,1,user23,user15,0.0,0.13237410071942446
54,1,user23,user29,0.0,0.07625899280575539
54,1,user23,user20,0.0,0.09928057553956834
54,1,user23,user21,0.0,0.02158273381294964
54,1,user23,user35,0.0,0.06474820143884892
54,1,user23,user16,0.0,0.10647482014388489
54,1,user29,user12,0.0,0.20486815415821502
54,1,user29,user9,0.0,0.25760649087221094
54,1,user29,user7,0.0,0.21906693711967545
54,1,user29,user15,0.0,0.2718052738336714
54,1,user29,user23,0.0,0.1359026369168357
54,1,user29,user20,0.0,0.2535496957403651
54,1,user29,user21,0.0,0.060851926977687626
54,1,user29,user35,0.0,0.1744421906693712
54,1,user29,user16,0.0,0.2231237322515213
54,1,user20,user12,0.0,0.17195767195767195
54,1,user20,user9,0.0,0.2566137566137566
54,1,user20,user7,0.0,0.20899470899470898
54,1,user20,user15,0.0,0.20899470899470898
54,1,user20,user23,0.0,0.11772486772486772
54,1,user20,user29,0.0,0.18253968253968253
54,1,user20,user21,0.0,0.07142857142857142
54,1,user20,user35,0.0,0.17063492063492064
54,1,user20,user16,0.0,0.2261904761904762
54,1,user21,user12,0.0,0.04823747680890538
54,1,user21,user9,0.0,0.04081632653061224
54,1,user21,user7,0.0,0.04267161410018553
54,1,user21,user15,0.0,0.03896103896103896
54,1,user21,user23,0.0,0.03153988868274583
54,1,user21,user29,0.0,0.04081632653061224
54,1,user21,user20,0.0,0.055658627087198514
54,1,user21,user35,0.0,0.03525046382189239
54,1,user21,user16,0.0,0.0575139146567718
54,1,user35,user12,0.0,0.08690330477356181
54,1,user35,user9,0.0,0.11138310893512852
54,1,user35,user7,0.0,0.08690330477356181
54,1,user35,user15,0.0,0.10403916768665851
54,1,user35,user23,0.0,0.04773561811505508
54,1,user35,user29,0.0,0.07588739290085679
54,1,user35,user20,0.0,0.09914320685434516
54,1,user35,user21,0.0,0.02447980416156671
54,1,user35,user16,0.0,0.09914320685434516
54,1,user16,user12,0.0,0.08860759493670886
54,1,user16,user9,0.0,0.10566868464501926
54,1,user16,user7,0.0,0.10401761144744083
54,1,user16,user15,0.0,0.08805723720418272
54,1,user16,user23,0.0,0.05448541552008806
54,1,user16,user29,0.0,0.07374793615850303
54,1,user16,user20,0.0,0.09356081452944413
54,1,user16,user21,0.0,0.03467253714914695
54,1,user16,user35,0.0,0.06714364336818933
54,2,user12,user9,0.0,0.13317939058339384
54,2,user12,user7,0.0,0.13854496273818168
54,2,user12,user15,0.0,0.12608311071342118
54,2,user12,user23,0.0,0.09976857255247779
54,2,user12,user29,0.0,0.11180814918560017
54,2,user12,user20,0.0,0.11741390228931078
54,2,user12,user21,0.0,0.04959858171663727
54,2,user12,user35,0.0,0.11700810725524778
54,2,user12,user16,0.0,0.14121126845800047
54,2,user9,user12,0.0,0.2248779713650908
54,2,user9,user7,1.0,0.3738697875114737
54,2,user9,user15,0.0,0.2902244125897522
54,2,user9,user23,0.0,0.25765306122448983
54,2,user9,user29,0.0,0.2618232665071073
54,2,user9,user20,1.0,0.3930555198119601
54,2,user9,user21,0.0,0.07995449125425706
54,2,user9,user35,0.0,0.27632944728963466
54,2,user9,user16,1.0,0.3067497490799599
54,2,user7,user12,0.0,0.20557474979381674
54,2,user7,user9,0.5,0.2556538795889709
54,2,user7,user15,0.0,0.19764170920357532
54,2,user7,user23,0.0,0.16283351536901233
54,2,user7,user29,0.0,0.1718030448253572
54,2,user7,user20,0.0,0.22263780843902548
54,2,user7,user21,0.0,0.07681162650736688
54,2,user7,user35,0.0,0.19127789046653143
54,2,user7,user16,0.0,0.22683057307803758
54,2,user15,user12,0.0,0.12412650768141983
54,2,user15,user9,0.0,0.14543848697754108
54,2,user15,user7,0.0,0.14486738475024238
54,2,user15,user23,0.0,0.09892259003398153
54,2,user15,user29,0.0,0.107099218102233
54,2,user15,user20,0.0,0.12563252892035115
54,2,user15,user21,0.0,0.041816636340695684
54,2,user15,user35,0.0,0.11735296963671447
54,2,user15,user16,0.0,0.11948084720453998
54,2,user23,user12,0.0,0.12878930500459446
54,2,user23,user9,0.0,0.1876431565028351
54,2,user23,user7,0.0,0.15276115556153208
54,2,user23,user15,0.0,0.1439566104126045
54,2,user23,user29,0.0,0.10415742172617046
54,2,user23,user20,0.0,0.13688114928617853
54,2,user23,user21,0.0,0.03374011071516618
54,2,user23,user35,0.0,0.12213630964387368
54,2,user23,user16,0.0,0.13610233308680159
54,2,user29,user12,0.0,0.20908161414271345
54,2,user29,user9,0.5,0.2669259882253995
54,2,user29,user7,0.5,0.2496660564982932
54,2,user29,user15,0.5,0.22427810485001404
54,2,user29,user23,0.0,0.1623954880522436
54,2,user29,user20,0.5,0.23342032355414832
54,2,user29,user21,0.0,0.08525866191724799
54,2,user29,user35,0.0,0.18165908078959087
54,2,user29,user16,0.0,0.2111079503289962
54,2,user20,user12,0.0,0.25790817883074885
54,2,user20,user9,1.0,0.36487125511013485
54,2,user20,user7,0.5,0.3359570443590213
54,2,user20,user15,0.5,0.280347009753929
54,2,user20,user23,0.0,0.2130185315934904
54,2,user20,user29,0.5,0.27061269318270964
54,2,user20,user21,0.0,0.12226515171325714
54,2,user20,user35,0.5,0.28215680377953856
54,2,user20,user16,0.5,0.3179735101069533
54,2,user21,user12,0.0,0.05793012569266117
54,2,user21,user9,0.0,0.06164070083180774
54,2,user21,user7,0.0,0.06091271547752153
54,2,user21,user15,0.0,0.05795930654019585
54,2,user21,user23,0.0,0.037164113086535035
54,2,user21,user29,0.0,0.053691223629728835
54,2,user21,user20,0.0,0.0593569155536989
54,2,user21,user35,0.0,0.05143661919915468
54,2,user21,user16,0.0,0.05978541326223445
54,2,user35,user12,0.0,0.13994512219726418
54,2,user35,user9,0.0,0.1774609264664344
54,2,user35,user7,0.0,0.16080087293367587
54,2,user35,user15,0.0,0.15446991808680915
54,2,user35,user23,0.0,0.10342885388785023
54,2,user35,user29,0.0,0.11223469003456764
54,2,user35,user20,0.0,0.14164492178568067
54,2,user35,user21,0.0,0.04484629507579324
54,2,user35,user16,0.0,0.14240655305526786
54,2,user16,user12,0.0,0.11444756164677772
54,2,user16,user9,0.0,0.12995154167281903
54,2,user16,user7,0.0,0.12924681530799897
54,2,user16,user15,0.0,0.10271554559243996
54,2,user16,user23,0.0,0.07872800246989811
54,2,user16,user29,0.0,0.09953420943125227
54,2,user16,user20,0.0,0.1175886277299757
54,2,user16,user21,0.0,0.04727035988026364
54,2,user16,user35,0.0,0.0976482274454005
54,3,user12,user9,0.0,0.16575919231247138
54,3,user12,user7,0.0,0.1575244448995824
54,3,user12,user15,0.0,0.15224362021694762
54,3,user12,user23,0.0,0.12000062245722133
54,3,user12,user29,0.0,0.14281979997040967
54,3,user12,user20,0.0,0.1444984335105324
54,3,user12,user21,0.0,0.07097278997463019
54,3,user12,user35,0.0,0.1314727972910731
54,3,user12,user16,0.0,0.16492421550741398
54,3,user9,user12,0.6666666666666666,0.3143150363430463
54,3,user9,user7,1.0,0.45724620394967963
54,3,user9,user15,1.0,0.37469170983214745
54,3,user9,user23,1.0,0.3389943074039729
54,3,user9,user29,1.0,0.39738170635777537
54,3,user9,user20,1.0,0.4506991930166086
54,3,user9,user21,0.0,0.1321386517076453
54,3,user9,user35,1.0,0.33237241103456966
54,3,user9,user16,1.0,0.38138973201165927
54,3,user7,user12,0.3333333333333333,0.2294314254913942
54,3,user7,user9,0.3333333333333333,0.2903464117448833
54,3,user7,user15,0.0,0.2170016526191163
54,3,user7,user23,0.0,0.20429912918704338
54,3,user7,user29,0.0,0.23013688880173913
54,3,user7,user20,0.3333333333333333,0.2628212352604769
54,3,user7,user21,0.0,0.10293843339209086
54,3,user7,user35,0.0,0.19967589177262612
54,3,user7,user16,0.3333333333333333,0.25718560584843525
54,3,user15,user12,0.0,0.17886054450443614
54,3,user15,user9,0.0,0.20849761012970217
54,3,user15,user7,0.0,0.19460474618875656
54,3,user15,user23,0.0,0.1498531350492667
54,3,user15,user29,0.0,0.16984038007551538
54,3,user15,user20,0.0,0.18965331713472242
54,3,user15,user21,0.0,0.06567796048536678
54,3,user15,user35,0.0,0.15342354702855848
54,3,user15,user16,0.0,0.18723408651069975
54,3,user23,user12,0.0,0.15806682994261892
54,3,user23,user9,0.0,0.22537518663660394
54,3,user23,user7,0.0,0.1934741122123654
54,3,user23,user15,0.0,0.18562708043628848
54,3,user23,user29,0.0,0.17506812523614826
54,3,user23,user20,0.0,0.18407340600256072
54,3,user23,user21,0.0,0.0615455645633892
54,3,user23,user35,0.0,0.1447019694388699
54,3,user23,user16,0.0,0.17140545408570093
54,3,user29,user12,0.3333333333333333,0.25244874343226886
54,3,user29,user9,0.6666666666666666,0.32118817746878897
54,3,user29,user7,0.6666666666666666,0.3090692607216627
54,3,user29,user15,0.6666666666666666,0.2816697807174233
54,3,user29,user23,0.0,0.2266209497570503
54,3,user29,user20,0.6666666666666666,0.2982196676106536
54,3,user29,user21,0.0,0.12486317402707843
54,3,user29,user35,0.0,0.2279240118130931
54,3,user29,user16,0.6666666666666666,0.2682777653588518
54,3,user20,user12,0.3333333333333333,0.26521980390741534
54,3,user20,user9,0.6666666666666666,0.3495811222184711
54,3,user20,user7,0.6666666666666666,0.32954987760618387
54,3,user20,user15,0.6666666666666666,0.28541413675754607
54,3,user20,user23,0.0,0.22254469126596121
54,3,user20,user29,0.6666666666666666,0.3024431021622804
54,3,user20,user21,0.0,0.1453336135392852
54,3,user20,user35,0.3333333333333333,0.2618066526860775
54,3,user20,user16,0.6666666666666666,0.3007819522849387
54,3,user21,user12,0.0,0.07421477113041021
54,3,user21,user9,0.0,0.08735085932703109
54,3,user21,user7,0.0,0.0783046963233933
54,3,user21,user15,0.0,0.07428214343773248
54,3,user21,user23,0.0,0.05960991071553424
54,3,user21,user29,0.0,0.08072117747325804
54,3,user21,user20,0.0,0.0847081005508278
54,3,user21,user35,0.0,0.05797506788078121
54,3,user21,user16,0.0,0.07474801310890017
54,3,user35,user12,0.0,0.14903758916310592
54,3,user35,user9,0.0,0.18695215003903023
54,3,user35,user7,0.0,0.16472880553675454
54,3,user35,user15,0.0,0.16175992362743244
54,3,user35,user23,0.0,0.12073276273006071
54,3,user35,user29,0.0,0.14811042863512783
54,3,user35,user20,0.0,0.15958182266119728
54,3,user35,user21,0.0,0.0590741467308983
54,3,user35,user16,0.0,0.15258285211346342
54,3,user16,user12,0.0,0.14135437345971183
54,3,user16,user9,0.0,0.16078802142910076
54,3,user16,user7,0.0,0.16038674320441546
54,3,user16,user15,0.0,0.13655042233578538
54,3,user16,user23,0.0,0.1035790330407344
54,3,user16,user29,0.0,0.13793409080654798
54,3,user16,user20,0.0,0.14860979365801
54,3,user16,user21,0.0,0.060491436493935485
54,3,user16,user35,0.0,0.1145910400663032
54,4,user12,user9,0.0,0.18067254535306793
54,4,user12,user7,0.0,0.17294240667942348
54,4,user12,user15,0.0,0.1775990252268373
54,4,user12,user23,0.0,0.14634710113143884
54,4,user12,user29,0.0,0.18337334014527315
54,4,user12,user20,0.0,0.1589483442526518
54,4,user12,user21,0.0,0.10160967481572337
54,4,user12,user35,0.0,0.14535754656794797
54,4,user12,user16,0.0,0.18557083824043016
54,4,user9,user12,1.0,0.3816247388635707
54,4,user9,user7,1.0,0.48711437528053486
54,4,user9,user15,1.0,0.43903127845368983
54,4,user9,user23,1.0,0.41297066118740594
54,4,user9,user29,1.0,0.47146520184892493
54,4,user9,user20,1.0,0.47257680635122246
54,4,user9,user21,0.0,0.2214152209901
54,4,user9,user35,1.0,0.3639774683083578
54,4,user9,user16,1.0,0.44956596550783956
54,4,user7,user12,0.25,0.2362820123118855
54,4,user7,user9,0.5,0.28471842239772266
54,4,user7,user15,0.25,0.2312262338536513
54,4,user7,user23,0.25,0.22241888430870682
54,4,user7,user29,0.25,0.25403268831252357
54,4,user7,user20,0.25,0.24987159658022012
54,4,user7,user21,0.0,0.12999559618168163
54,4,user7,user35,0.0,0.19836606582546165
54,4,user7,user16,0.25,0.2664428823005137
54,4,user15,user12,0.0,0.2197160781063235
54,4,user15,user9,0.25,0.25047797601544597
54,4,user15,user7,0.0,0.23057498160644352
54,4,user15,user23,0.0,0.1995620508236347
54,4,user15,user29,0.0,0.23728264613458427
54,4,user15,user20,0.0,0.2169261917734005
54,4,user15,user21,0.0,0.12262449878382911
54,4,user15,user35,0.0,0.1909420960697537
54,4,user15,user16,0.0,0.2362581861521345
54,4,user23,user12,0.0,0.18029078308189617
54,4,user23,user9,0.0,0.23988639098005496
54,4,user23,user7,0.0,0.20767217043967104
54,4,user23,user15,0.0,0.21101221063132164
54,4,user23,user29,0.0,0.2107591463129552
54,4,user23,user20,0.0,0.19471699851234936
54,4,user23,user21,0.0,0.10548765649237124
54,4,user23,user35,0.0,0.16702164325357194
54,4,user23,user16,0.0,0.19946840545759842
54,4,user29,user12,0.5,0.2886712674556962
54,4,user29,user9,0.75,0.3474312759998469
54,4,user29,user7,0.75,0.32513938569752276
54,4,user29,user15,0.75,0.3240196419610073
54,4,user29,user23,0.25,0.2729319926584449
54,4,user29,user20,0.75,0.31240244260538286
54,4,user29,user21,0.0,0.18687593686581047
54,4,user29,user35,0.25,0.26145703374464335
54,4,user29,user16,0.75,0.31434329227002644
54,4,user20,user12,0.75,0.3154790926294406
54,4,user20,user9,0.75,0.3837973014517902
54,4,user20,user7,0.75,0.35180838455854047
54,4,user20,user15,0.75,0.33569522328215756
54,4,user20,user23,0.25,0.27816470363367135
54,4,user20,user29,0.75,0.3574039349176012
54,4,user20,user21,0.0,0.21778690436643922
54,4,user20,user35,0.5,0.2899832367523942
54,4,user20,user16,0.75,0.34454287573252934
54,4,user21,user12,0.0,0.1014636255618572
54,4,user21,user9,0.0,0.11134187676098103
54,4,user21,user7,0.0,0.09524449688057367
54,4,user21,user15,0.0,0.1104025616391573
54,4,user21,user23,0.0,0.08882355853704045
54,4,user21,user29,0.0,0.11090051792439176
54,4,user21,user20,0.0,0.10812280792033888
54,4,user21,user35,0.0,0.08105961213724536
54,4,user21,user16,0.0,0.10994687877900275
54,4,user35,user12,0.0,0.1558353408626699
54,4,user35,user9,0.0,0.1824606174271611
54,4,user35,user7,0.0,0.1627398130820192
54,4,user35,user15,0.0,0.16356424966973504
54,4,user35,user23,0.0,0.13442372078858697
54,4,user35,user29,0.0,0.17059224414897625
54,4,user35,user20,0.0,0.15511975779405227
54,4,user35,user21,0.0,0.08494568492878356
54,4,user35,user16,0.0,0.16004873177029716
54,4,user16,user12,0.0,0.16192419939792213
54,4,user16,user9,0.0,0.18365922542033844
54,4,user16,user7,0.0,0.1749430188154112
54,4,user16,user15,0.0,0.16310738042238215
54,4,user16,user23,0.0,0.13581448494824044
54,4,user16,user29,0.0,0.1780239498531968
54,4,user16,user20,0.0,0.1634598510798611
54,4,user16,user21,0.0,0.09230496619100322
54,4,user16,user35,0.0,0.13008748618852714
54,5,user12,user9,0.0,0.20390391055454526
54,5,user12,user7,0.0,0.21545176548933834
54,5,user12,user15,0.0,0.20496642702181678
54,5,user12,user23,0.0,0.1728589024524619
54,5,user12,user29,0.0,0.20656040187603913
54,5,user12,user20,0.0,0.18466423504115081
54,5,user12,user21,0.0,0.1218168510458562
54,5,user12,user35,0.0,0.1680048995730635
54,5,user12,user16,0.0,0.2110972939588466
54,5,user9,user12,1.0,0.4215127775277151
54,5,user9,user7,1.0,0.5217318833273344
54,5,user9,user15,1.0,0.46711905054260666
54,5,user9,user23,1.0,0.44839798260062835
54,5,user9,user29,1.0,0.4932528682969527
54,5,user9,user20,1.0,0.4897048017159638
54,5,user9,user21,0.0,0.24903697260709706
54,5,user9,user35,1.0,0.409750120963036
54,5,user9,user16,1.0,0.47577475948992365
54,5,user7,user12,0.2,0.25491019957906724
54,5,user7,user9,0.4,0.2930262754323598
54,5,user7,user15,0.2,0.24822862902517134
54,5,user7,user23,0.2,0.23523518245383532
54,5,user7,user29,0.2,0.260445713017049
54,5,user7,user20,0.2,0.2573151076381186
54,5,user7,user21,0.0,0.14113560536256137
54,5,user7,user35,0.2,0.21321595683810432
54,5,user7,user16,0.2,0.2776312251176396
54,5,user15,user12,0.0,0.2448354372164387
54,5,user15,user9,0.2,0.26884137654277185
54,5,user15,user7,0.2,0.26617774066340005
54,5,user15,user23,0.0,0.22254971638007276
54,5,user15,user29,0.0,0.250663347192698
54,5,user15,user20,0.0,0.23349765126664074
54,5,user15,user21,0.0,0.13912129618173635
54,5,user15,user35,0.0,0.22090437618112654
54,5,user15,user16,0.2,0.2570427691684992
54,5,user23,user12,0.0,0.20932695673585008
54,5,user23,user9,0.0,0.24860531110810746
54,5,user23,user7,0.0,0.2294715650634862
54,5,user23,user15,0.0,0.22452998298925841
54,5,user23,user29,0.0,0.22094008459016382
54,5,user23,user20,0.0,0.20924559205186183
54,5,user23,user21,0.0,0.11889540477754297
54,5,user23,user35,0.0,0.18645724919920492
54,5,user23,user16,0.0,0.2218813715946925
54,5,user29,user12,0.6,0.30885868171373426
54,5,user29,user9,0.6,0.34511929337366365
54,5,user29,user7,0.6,0.3334716999522027
54,5,user29,user15,0.6,0.3269190055799963
54,5,user29,user23,0.4,0.28255098022514186
54,5,user29,user20,0.6,0.31183981436958425
54,5,user29,user21,0.0,0.19659031204109828
54,5,user29,user35,0.6,0.27825070473766417
54,5,user29,user16,0.6,0.3207033132249412
54,5,user20,user12,0.8,0.3378957176913408
54,5,user20,user9,0.8,0.38583085202230916
54,5,user20,user7,0.8,0.3607538221462208
54,5,user20,user15,0.6,0.3428308882381544
54,5,user20,user23,0.6,0.30209525228253004
54,5,user20,user29,0.8,0.35753015331845495
54,5,user20,user21,0.0,0.22586235833519672
54,5,user20,user35,0.6,0.30751085933234645
54,5,user20,user16,0.6,0.34769234910774033
54,5,user21,user12,0.0,0.11074036283341063
54,5,user21,user9,0.0,0.11610476282675505
54,5,user21,user7,0.0,0.10368347250956841
54,5,user21,user15,0.0,0.11780197256420437
54,5,user21,user23,0.0,0.09207578200384633
54,5,user21,user29,0.0,0.11548295600022969
54,5,user21,user20,0.0,0.1093589306689327
54,5,user21,user35,0.0,0.08972990970128539
54,5,user21,user16,0.0,0.11605519703154661
54,5,user35,user12,0.0,0.18153323319155126
54,5,user35,user9,0.0,0.21127656310492862
54,5,user35,user7,0.0,0.19376297553750735
54,5,user35,user15,0.0,0.18678949306050133
54,5,user35,user23,0.0,0.16651665757072626
54,5,user35,user29,0.0,0.19183445993732487
54,5,user35,user20,0.0,0.18099294424305976
54,5,user35,user21,0.0,0.10291648385410528
54,5,user35,user16,0.0,0.19025010625436675
54,5,user16,user12,0.0,0.18180230233345993
54,5,user16,user9,0.0,0.19088605289805238
54,5,user16,user7,0.0,0.19540760489442333
54,5,user16,user15,0.0,0.17568121336861492
54,5,user16,user23,0.0,0.15450005832387234
54,5,user16,user29,0.0,0.18611254730438226
54,5,user16,user20,0.0,0.17412224939425897
54,5,user16,user21,0.0,0.10498015652485457
54,5,user16,user35,0.0,0.14784841785206687
55,1,user29,user21,0.0,0.0687960687960688
55,1,user29,user7,0.0,0.1683046683046683
55,1,user29,user9,0.0,0.2199017199017199
55,1,user29,user12,0.0,0.1511056511056511
55,1,user29,user35,0.0,0.09213759213759214
55,1,user29,user23,0.0,0.18304668304668303
55,1,user29,user16,0.0,0.20884520884520885
55,1,user29,user20,0.0,0.1769041769041769
55,1,user29,user15,0.0,0.14127764127764128
55,1,user21,user29,0.0,0.062146892655367235
55,1,user21,user7,0.0,0.03954802259887006
55,1,user21,user9,0.0,0.04519774011299435
55,1,user21,user12,0.0,0.04519774011299435
55,1,user21,user35,0.0,0.02448210922787194
55,1,user21,user23,0.0,0.03389830508474576
55,1,user21,user16,0.0,0.04519774011299435
55,1,user21,user20,0.0,0.05084745762711865
55,1,user21,user15,0.0,0.032015065913371
55,1,user7,user29,0.0,0.12398190045248869
55,1,user7,user21,0.0,0.04253393665158371
55,1,user7,user9,0.0,0.12669683257918551
55,1,user7,user12,0.0,0.1257918552036199
55,1,user7,user35,0.0,0.04072398190045249
55,1,user7,user23,0.0,0.10407239819004525
55,1,user7,user16,0.0,0.16108597285067874
55,1,user7,user20,0.0,0.12760180995475112
55,1,user7,user15,0.0,0.09411764705882353
55,1,user9,user29,0.0,0.2733918128654971
55,1,user9,user21,0.0,0.06725146198830409
55,1,user9,user7,0.0,0.25
55,1,user9,user12,0.0,0.20175438596491227
55,1,user9,user35,0.0,0.10087719298245613
55,1,user9,user23,0.0,0.195906432748538
55,1,user9,user16,0.0,0.25
55,1,user9,user20,0.0,0.2646198830409357
55,1,user9,user15,0.0,0.18128654970760233
55,1,user12,user29,0.0,0.1081267217630854
55,1,user12,user21,0.0,0.03994490358126722
55,1,user12,user7,0.0,0.09917355371900827
55,1,user12,user9,0.0,0.09710743801652892
55,1,user12,user35,0.0,0.05165289256198347
55,1,user12,user23,0.0,0.08471074380165289
55,1,user12,user16,0.0,0.11914600550964187
55,1,user12,user20,0.0,0.09779614325068871
55,1,user12,user15,0.0,0.09779614325068871
55,1,user35,user29,0.0,0.07538280329799764
55,1,user35,user21,0.0,0.016489988221436984
55,1,user35,user7,0.0,0.04711425206124853
55,1,user35,user9,0.0,0.061248527679623084
55,1,user35,user12,0.0,0.05771495877502945
55,1,user35,user23,0.0,0.053003533568904596
55,1,user35,user16,0.0,0.0624263839811543
55,1,user35,user20,0.0,0.06831566548881036
55,1,user35,user15,0.0,0.03415783274440518
55,1,user23,user29,0.0,0.135
55,1,user23,user21,0.0,0.023
55,1,user23,user7,0.0,0.1
55,1,user23,user9,0.0,0.12
55,1,user23,user12,0.0,0.099
55,1,user23,user35,0.0,0.052
55,1,user23,user16,0.0,0.112
55,1,user23,user20,0.0,0.09
55,1,user23,user15,0.0,0.099
55,1,user16,user29,0.0,0.10566868464501926
55,1,user16,user21,0.0,0.025866813428728673
55,1,user16,user7,0.0,0.10401761144744083
55,1,user16,user9,0.0,0.0996147495872317
55,1,user16,user12,0.0,0.09135938359933957
55,1,user16,user35,0.0,0.040176114474408366
55,1,user16,user23,0.0,0.07925151348376444
55,1,user16,user20,0.0,0.093010456796918
55,1,user16,user15,0.0,0.06384149697303247
55,1,user20,user29,0.0,0.2932454695222405
55,1,user20,user21,0.0,0.09225700164744646
55,1,user20,user7,0.0,0.27347611202635913
55,1,user20,user9,1.0,0.33278418451400327
55,1,user20,user12,0.0,0.2372322899505766
55,1,user20,user35,0.0,0.14662273476112025
55,1,user20,user23,0.0,0.2158154859967051
55,1,user20,user16,1.0,0.30642504118616143
55,1,user20,user15,0.0,0.17462932454695224
55,1,user15,user29,0.0,0.12903225806451613
55,1,user15,user21,0.0,0.04032258064516129
55,1,user15,user7,0.0,0.11451612903225807
55,1,user15,user9,0.0,0.15806451612903225
55,1,user15,user12,0.0,0.14677419354838708
55,1,user15,user35,0.0,0.054838709677419356
55,1,user15,user23,0.0,0.13064516129032258
55,1,user15,user16,0.0,0.13870967741935483
55,1,user15,user20,0.0,0.10161290322580645
55,2,user29,user21,0.0,0.15314634009905465
55,2,user29,user7,0.0,0.2663922081610348
55,2,user29,user9,0.5,0.3020779097836891
55,2,user29,user12,0.0,0.2185064781387023
55,2,user29,user35,0.0,0.19329530931982772
55,2,user29,user23,0.0,0.22215217924499886
55,2,user29,user16,0.0,0.24789261479278993
55,2,user29,user20,0.0,0.2158988713279431
55,2,user29,user15,0.0,0.210122118615989
55,2,user21,user29,0.0,0.11382699178868538
55,2,user21,user7,0.0,0.0862726802974979
55,2,user21,user9,0.0,0.09826761587798374
55,2,user21,user12,0.0,0.08367190006342769
55,2,user21,user35,0.0,0.06479420285596037
55,2,user21,user23,0.0,0.081564582369061
55,2,user21,user16,0.0,0.09024119665278114
55,2,user21,user20,0.0,0.08900815253992393
55,2,user21,user15,0.0,0.0861159477786839
55,2,user7,user29,0.5,0.25409580277734434
55,2,user7,user21,0.0,0.11811515056951163
55,2,user7,user9,0.5,0.25126050420168067
55,2,user7,user12,0.0,0.2234001292824822
55,2,user7,user35,0.0,0.16936896774624968
55,2,user7,user23,0.0,0.19649599893007602
55,2,user7,user16,0.0,0.23693466776631075
55,2,user7,user20,0.0,0.20300247419922876
55,2,user7,user15,0.0,0.1872567594677128
55,2,user9,user29,1.0,0.3956238045289072
55,2,user9,user21,0.0,0.15412836017358755
55,2,user9,user7,1.0,0.367956575690888
55,2,user9,user12,0.0,0.2796931024317339
55,2,user9,user35,0.0,0.22160691882108552
55,2,user9,user23,0.5,0.29009241548576403
55,2,user9,user16,1.0,0.3256694638119331
55,2,user9,user20,1.0,0.33093125055702954
55,2,user9,user15,0.0,0.27619667084867305
55,2,user12,user29,0.0,0.16217793616783516
55,2,user12,user21,0.0,0.07944281681655418
55,2,user12,user7,0.0,0.14479268393409808
55,2,user12,user9,0.0,0.1348738709849821
55,2,user12,user35,0.0,0.10418519004377591
55,2,user12,user23,0.0,0.10914034525145636
55,2,user12,user16,0.0,0.1433982683982684
55,2,user12,user20,0.0,0.10832592398248964
55,2,user12,user15,0.0,0.12912069225200537
55,2,user35,user29,0.0,0.16250210331482415
55,2,user35,user21,0.0,0.07408764674665735
55,2,user35,user7,0.0,0.1406187305038895
55,2,user35,user9,0.0,0.14101188858255997
55,2,user35,user12,0.0,0.12128684036811245
55,2,user35,user23,0.0,0.11382978034921498
55,2,user35,user16,0.0,0.12815659017072445
55,2,user35,user20,0.0,0.10980840419886356
55,2,user35,user15,0.0,0.11775165352903869
55,2,user23,user29,0.0,0.18562295081967212
55,2,user23,user21,0.0,0.08522131147540984
55,2,user23,user7,0.0,0.16642622950819674
55,2,user23,user9,0.0,0.18084426229508196
55,2,user23,user12,0.0,0.14359016393442625
55,2,user23,user35,0.0,0.12511475409836065
55,2,user23,user16,0.0,0.15928688524590162
55,2,user23,user20,0.0,0.12699180327868853
55,2,user23,user15,0.0,0.14977049180327867
55,2,user16,user29,0.0,0.15160482786033141
55,2,user16,user21,0.0,0.07343033388369107
55,2,user16,user7,0.0,0.14219676817709287
55,2,user16,user9,0.0,0.14429309606799975
55,2,user16,user12,0.0,0.13029203357182167
55,2,user16,user35,0.0,0.0948281660857335
55,2,user16,user23,0.0,0.10616247783281355
55,2,user16,user20,0.0,0.11633702531645569
55,2,user16,user15,0.0,0.10526489787806519
55,2,user20,user29,1.0,0.364255540099616
55,2,user20,user21,0.0,0.2176103692972391
55,2,user20,user7,1.0,0.34539644484900545
55,2,user20,user9,1.0,0.377811716741774
55,2,user20,user12,0.0,0.2923095660869621
55,2,user20,user35,0.0,0.2510064167077994
55,2,user20,user23,0.0,0.25549362495913436
55,2,user20,user16,1.0,0.3265293367265175
55,2,user20,user15,0.0,0.24561695908307105
55,2,user15,user29,0.0,0.2161099672081141
55,2,user15,user21,0.0,0.1014737283611683
55,2,user15,user7,0.0,0.19913063372226036
55,2,user15,user9,0.0,0.21321589262563867
55,2,user15,user12,0.0,0.18972393807671775
55,2,user15,user35,0.0,0.14855105620376724
55,2,user15,user23,0.0,0.16741973613970867
55,2,user15,user16,0.0,0.20369290017539848
55,2,user15,user20,0.0,0.14462937542896362
55,3,user29,user21,0.0,0.18468551744741282
55,3,user29,user7,0.3333333333333333,0.30430753995786924
55,3,user29,user9,1.0,0.3460926544964926
55,3,user29,user12,0.3333333333333333,0.2860065823855568
55,3,user29,user35,0.0,0.25874929646420236
55,3,user29,user23,0.3333333333333333,0.2873730495027454
55,3,user29,user16,0.6666666666666666,0.3041324454215108
55,3,user29,user20,0.0,0.28237691083945493
55,3,user29,user15,0.6666666666666666,0.31094353657931273
55,3,user21,user29,0.0,0.11467608871000591
55,3,user21,user7,0.0,0.08743676660014033
55,3,user21,user9,0.0,0.1084754334021487
55,3,user21,user12,0.0,0.09408810286731047
55,3,user21,user35,0.0,0.076028320173416
55,3,user21,user23,0.0,0.08271282965785748
55,3,user21,user16,0.0,0.11226535998259284
55,3,user21,user20,0.0,0.0934947916507881
55,3,user21,user15,0.0,0.10370110565562662
55,3,user7,user29,0.3333333333333333,0.24838606887720005
55,3,user7,user21,0.0,0.11742973314765641
55,3,user7,user9,0.3333333333333333,0.24988186870712445
55,3,user7,user12,0.3333333333333333,0.2172986291669128
55,3,user7,user35,0.0,0.175551024819507
55,3,user7,user23,0.0,0.19711114199051705
55,3,user7,user16,0.3333333333333333,0.24509985193166753
55,3,user7,user20,0.0,0.21013283993733692
55,3,user7,user15,0.3333333333333333,0.21474908278240026
55,3,user9,user29,1.0,0.44287029216085055
55,3,user9,user21,0.0,0.194822191416517
55,3,user9,user7,1.0,0.4050102835034566
55,3,user9,user12,1.0,0.3439296816603103
55,3,user9,user35,0.3333333333333333,0.3053780870939243
55,3,user9,user23,1.0,0.3543933420572814
55,3,user9,user16,1.0,0.40615775204967264
55,3,user9,user20,1.0,0.39583386453497243
55,3,user9,user15,1.0,0.3979253066199427
55,3,user12,user29,0.0,0.18364830209000063
55,3,user12,user21,0.0,0.08772029876276223
55,3,user12,user7,0.0,0.15607340585275273
55,3,user12,user9,0.0,0.15632578133803984
55,3,user12,user35,0.0,0.1288378287168781
55,3,user12,user23,0.0,0.12733575766003605
55,3,user12,user16,0.0,0.16998786720273432
55,3,user12,user20,0.0,0.13748389923572166
55,3,user12,user15,0.0,0.16452111143360204
55,3,user35,user29,0.0,0.1980022285166809
55,3,user35,user21,0.0,0.09509867138647282
55,3,user35,user7,0.0,0.16777279290777417
55,3,user35,user9,0.0,0.18753775629199954
55,3,user35,user12,0.0,0.15940084927738818
55,3,user35,user23,0.0,0.15670516319428718
55,3,user35,user16,0.0,0.17903529928021678
55,3,user35,user20,0.0,0.15363926791961732
55,3,user35,user15,0.0,0.1779164653590649
55,3,user23,user29,0.0,0.22591057793218253
55,3,user23,user21,0.0,0.0969891434154815
55,3,user23,user7,0.0,0.1850867441103029
55,3,user23,user9,0.0,0.21688998661021244
55,3,user23,user12,0.0,0.16336279086599356
55,3,user23,user35,0.0,0.16078214453732856
55,3,user23,user16,0.0,0.18573408605652664
55,3,user23,user20,0.0,0.15838772482177108
55,3,user23,user15,0.0,0.20154405963883762
55,3,user16,user29,0.0,0.17271218677618036
55,3,user16,user21,0.0,0.08755211903819353
55,3,user16,user7,0.0,0.1581974134795804
55,3,user16,user9,0.0,0.17081923242797878
55,3,user16,user12,0.0,0.1510291381161888
55,3,user16,user35,0.0,0.12377642629014902
55,3,user16,user23,0.0,0.12681515463121204
55,3,user16,user20,0.0,0.14314786519132172
55,3,user16,user15,0.0,0.14342118673434026
55,3,user20,user29,1.0,0.3928668937777302
55,3,user20,user21,0.0,0.2378849535903161
55,3,user20,user7,1.0,0.36854534807668354
55,3,user20,user9,1.0,0.40046813894565525
55,3,user20,user12,1.0,0.3427501404053517
55,3,user20,user35,0.3333333333333333,0.30553209927241454
55,3,user20,user23,0.6666666666666666,0.2890997296754575
55,3,user20,user16,1.0,0.3786467171526664
55,3,user20,user15,0.6666666666666666,0.33210485654230965
55,3,user15,user29,0.0,0.2290071835133839
55,3,user15,user21,0.0,0.1038103808786862
55,3,user15,user7,0.0,0.1992733664525879
55,3,user15,user9,0.0,0.2224392102915876
55,3,user15,user12,0.0,0.19762588627439656
55,3,user15,user35,0.0,0.17611499257090935
55,3,user15,user23,0.0,0.18356518655243925
55,3,user15,user16,0.0,0.22067368286636266
55,3,user15,user20,0.0,0.16538506704502642
55,4,user29,user21,0.0,0.20508599959032855
55,4,user29,user7,0.75,0.3199555512522632
55,4,user29,user9,0.75,0.34359351256134757
55,4,user29,user12,0.5,0.29244527763002887
55,4,user29,user35,0.0,0.2504442955067015
55,4,user29,user23,0.5,0.28443082303371886
55,4,user29,user16,0.75,0.3184143338709087
55,4,user29,user20,0.75,0.29949133290812086
55,4,user29,user15,0.75,0.30120450821407874
55,4,user21,user29,0.0,0.1308941001327917
55,4,user21,user7,0.0,0.10699640329239901
55,4,user21,user9,0.0,0.12740451147408066
55,4,user21,user12,0.0,0.11207022264624908
55,4,user21,user35,0.0,0.09356820884930044
55,4,user21,user23,0.0,0.09716910137802773
55,4,user21,user16,0.0,0.12845208572665107
55,4,user21,user20,0.0,0.11124247505098175
55,4,user21,user15,0.0,0.11821299965338705
55,4,user7,user29,0.25,0.25507403812251
55,4,user7,user21,0.0,0.13857405000155051
55,4,user7,user9,0.25,0.27005003391118676
55,4,user7,user12,0.25,0.23192878570875336
55,4,user7,user35,0.0,0.1856264492768105
55,4,user7,user23,0.25,0.21892681140056097
55,4,user7,user16,0.25,0.2596803124542455
55,4,user7,user20,0.25,0.2328933376892457
55,4,user7,user15,0.25,0.22722861297548397
55,4,user9,user29,1.0,0.47380830916277955
55,4,user9,user21,0.0,0.24490565352386
55,4,user9,user7,1.0,0.46652443918700925
55,4,user9,user12,1.0,0.3782035140924367
55,4,user9,user35,1.0,0.35143332955695217
55,4,user9,user23,1.0,0.4046120900885914
55,4,user9,user16,1.0,0.4497077563776716
55,4,user9,user20,1.0,0.45171314178965694
55,4,user9,user15,1.0,0.4280998845665881
55,4,user12,user29,0.0,0.19255765761322743
55,4,user12,user21,0.0,0.11900324039065374
55,4,user12,user7,0.0,0.18613318141032104
55,4,user12,user9,0.0,0.16761280139090673
55,4,user12,user35,0.0,0.138682451547052
55,4,user12,user23,0.0,0.14684961951055658
55,4,user12,user16,0.0,0.18927746284967123
55,4,user12,user20,0.0,0.1617637177346429
55,4,user12,user15,0.0,0.17382258744589937
55,4,user35,user29,0.0,0.18614334292250076
55,4,user35,user21,0.0,0.10712263121844146
55,4,user35,user7,0.0,0.17491906618861086
55,4,user35,user9,0.0,0.19871726319828278
55,4,user35,user12,0.0,0.16374868754076788
55,4,user35,user23,0.0,0.16025420397162302
55,4,user35,user16,0.0,0.17865391861429317
55,4,user35,user20,0.0,0.1648995233250699
55,4,user35,user15,0.0,0.17066895022723383
55,4,user23,user29,0.0,0.2311662667317385
55,4,user23,user21,0.0,0.1167253503954198
55,4,user23,user7,0.0,0.20857956430598523
55,4,user23,user9,0.0,0.23786990412722697
55,4,user23,user12,0.0,0.18574543575320177
55,4,user23,user35,0.0,0.17292976491605086
55,4,user23,user16,0.0,0.21270197381838252
55,4,user23,user20,0.0,0.20153221353244513
55,4,user23,user15,0.0,0.20863373409687927
55,4,user16,user29,0.0,0.18914339341693753
55,4,user16,user21,0.0,0.11422982566526692
55,4,user16,user7,0.0,0.18612390066777024
55,4,user16,user9,0.0,0.18561094418202403
55,4,user16,user12,0.0,0.16946422384707968
55,4,user16,user35,0.0,0.1331851192750137
55,4,user16,user23,0.0,0.14841063578419414
55,4,user16,user20,0.0,0.17154084390134683
55,4,user16,user15,0.0,0.16274846196982035
55,4,user20,user29,0.75,0.36082909761991033
55,4,user20,user21,0.0,0.23917465607023053
55,4,user20,user7,0.75,0.35193010176423883
55,4,user20,user9,0.75,0.37674443838190935
55,4,user20,user12,0.75,0.3329182977722288
55,4,user20,user35,0.5,0.2880966619224291
55,4,user20,user23,0.5,0.29888649683232216
55,4,user20,user16,0.75,0.3629654065010158
55,4,user20,user15,0.75,0.324923505213787
55,4,user15,user29,0.0,0.23947645667468315
55,4,user15,user21,0.0,0.13502710148763902
55,4,user15,user7,0.0,0.24418427959284783
55,4,user15,user9,0.0,0.23769137043805574
55,4,user15,user12,0.0,0.22174567108504875
55,4,user15,user35,0.0,0.186121661063326
55,4,user15,user23,0.0,0.20416850168402162
55,4,user15,user16,0.0,0.24903446546600985
55,4,user15,user20,0.0,0.20240726860102073
55,5,user29,user21,0.0,0.2396708921935306
55,5,user29,user7,0.8,0.3686779084855997
55,5,user29,user9,0.8,0.37465976672313406
55,5,user29,user12,0.8,0.3237299600467771
55,5,user29,user35,0.8,0.29606817868705154
55,5,user29,user23,0.6,0.3123555529187561
55,5,user29,user16,0.8,0.34794671946182054
55,5,user29,user20,0.8,0.3303709354540675
55,5,user29,user15,0.8,0.3497844832186402
55,5,user21,user29,0.0,0.13372296364156105
55,5,user21,user7,0.0,0.11920180975653216
55,5,user21,user9,0.0,0.13624420485066863
55,5,user21,user12,0.0,0.11683932415999816
55,5,user21,user35,0.0,0.1047170979586131
55,5,user21,user23,0.0,0.10827427386282087
55,5,user21,user16,0.0,0.12904269305523192
55,5,user21,user20,0.0,0.11633573954473939
55,5,user21,user15,0.0,0.12701671376341206
55,5,user7,user29,0.4,0.2833577831315096
55,5,user7,user21,0.0,0.16187398830530003
55,5,user7,user9,0.4,0.303750704066941
55,5,user7,user12,0.4,0.2567449456640864
55,5,user7,user35,0.2,0.22031434772093922
55,5,user7,user23,0.4,0.24807669735034876
55,5,user7,user16,0.4,0.28647780303382936
55,5,user7,user20,0.4,0.2627662498292446
55,5,user7,user15,0.4,0.2650902005839624
55,5,user9,user29,1.0,0.49691179277702346
55,5,user9,user21,0.0,0.2776411114922005
55,5,user9,user7,1.0,0.5234058842592404
55,5,user9,user12,1.0,0.3984390843332166
55,5,user9,user35,1.0,0.3984522474663007
55,5,user9,user23,1.0,0.43702122895358597
55,5,user9,user16,1.0,0.4679398488123773
55,5,user9,user20,1.0,0.47758249053037655
55,5,user9,user15,1.0,0.4684816015570267
55,5,user12,user29,0.0,0.1951784394202236
55,5,user12,user21,0.0,0.12469935264326053
55,5,user12,user7,0.0,0.1971160882062185
55,5,user12,user9,0.0,0.17113509823212286
55,5,user12,user35,0.0,0.1543602352502324
55,5,user12,user23,0.0,0.15680572949630306
55,5,user12,user16,0.0,0.19230804559180376
55,5,user12,user20,0.0,0.16672382029515243
55,5,user12,user15,0.0,0.18954723061549875
55,5,user35,user29,0.0,0.19685312895308207
55,5,user35,user21,0.0,0.11873798537328598
55,5,user35,user7,0.0,0.2019968446490939
55,5,user35,user9,0.0,0.2101723794187503
55,5,user35,user12,0.0,0.17979238643381062
55,5,user35,user23,0.0,0.16651665757072626
55,5,user35,user16,0.0,0.19025010625436672
55,5,user35,user20,0.0,0.17745790532991
55,5,user35,user15,0.0,0.18581189301085743
55,5,user23,user29,0.0,0.23312025926630442
55,5,user23,user21,0.0,0.13194909666192228
55,5,user23,user7,0.0,0.23775877408203847
55,5,user23,user9,0.0,0.24833174179001483
55,5,user23,user12,0.0,0.2011431836373619
55,5,user23,user35,0.0,0.18645724919920495
55,5,user23,user16,0.0,0.22188137159469248
55,5,user23,user20,0.0,0.2076447564639666
55,5,user23,user15,0.0,0.22475747290119835
55,5,user16,user29,0.0,0.19247850024498797
55,5,user16,user21,0.0,0.11758226738768718
55,5,user16,user7,0.0,0.19958648452213562
55,5,user16,user9,0.0,0.18950466820057313
55,5,user16,user12,0.0,0.17570835633527332
55,5,user16,user35,0.0,0.14784841785206687
55,5,user16,user23,0.0,0.15450005832387237
55,5,user16,user20,0.0,0.1708727517222229
55,5,user16,user15,0.0,0.17867603725060807
55,5,user20,user29,0.8,0.36240584717463814
55,5,user20,user21,0.2,0.24766512189936654
55,5,user20,user7,0.8,0.37647913030892133
55,5,user20,user9,0.8,0.37853305997856534
55,5,user20,user12,0.6,0.341366339373418
55,5,user20,user35,0.6,0.30621568328147003
55,5,user20,user23,0.6,0.31386730819139375
55,5,user20,user16,0.6,0.35501186033604637
55,5,user20,user15,0.8,0.34848836333714506
55,5,user15,user29,0.2,0.2632726291872302
55,5,user15,user21,0.0,0.15905343514657702
55,5,user15,user7,0.4,0.28836806153966965
55,5,user15,user9,0.2,0.26835066326966667
55,5,user15,user12,0.0,0.24675622762051894
55,5,user15,user35,0.0,0.22754691101526153
55,5,user15,user23,0.0,0.22806069966960515
55,5,user15,user16,0.2,0.27339621787182644
55,5,user15,user20,0.0,0.22972834593367372
56,1,user15,user9,0.0,0.19516129032258064
56,1,user15,user29,0.0,0.16451612903225807
56,1,user15,user20,0.0,0.08064516129032258
56,1,user15,user16,0.0,0.12741935483870967
56,1,user15,user21,0.0,0.027419354838709678
56,1,user15,user23,0.0,0.0935483870967742
56,1,user15,user35,0.0,0.09838709677419355
56,1,user15,user12,0.0,0.14677419354838708
56,1,user15,user7,0.0,0.16451612903225807
56,1,user9,user15,0.0,0.19602649006622516
56,1,user9,user29,1.0,0.3258278145695364
56,1,user9,user20,0.0,0.20794701986754968
56,1,user9,user16,0.0,0.2185430463576159
56,1,user9,user21,0.0,0.051655629139072845
56,1,user9,user23,0.0,0.16026490066225166
56,1,user9,user35,0.0,0.19337748344370861
56,1,user9,user12,0.0,0.20132450331125828
56,1,user9,user7,1.0,0.3072847682119205
56,1,user29,user15,0.0,0.14273204903677758
56,1,user29,user9,0.0,0.23642732049036777
56,1,user29,user20,0.0,0.14185639229422067
56,1,user29,user16,0.0,0.18038528896672504
56,1,user29,user21,0.0,0.04816112084063047
56,1,user29,user23,0.0,0.1190893169877408
56,1,user29,user35,0.0,0.14273204903677758
56,1,user29,user12,0.0,0.17950963222416813
56,1,user29,user7,0.0,0.21015761821366025
56,1,user20,user15,0.0,0.1303501945525292
56,1,user20,user9,0.0,0.2587548638132296
56,1,user20,user29,0.0,0.28599221789883267
56,1,user20,user16,0.0,0.22568093385214008
56,1,user20,user21,0.0,0.11478599221789883
56,1,user20,user23,0.0,0.14007782101167315
56,1,user20,user35,0.0,0.12840466926070038
56,1,user20,user12,0.0,0.23346303501945526
56,1,user20,user7,0.0,0.2607003891050584
56,1,user16,user15,0.0,0.08127490039840637
56,1,user16,user9,0.0,0.12908366533864543
56,1,user16,user29,0.0,0.12828685258964143
56,1,user16,user20,0.0,0.07729083665338646
56,1,user16,user21,0.0,0.03346613545816733
56,1,user16,user23,0.0,0.05099601593625498
56,1,user16,user35,0.0,0.0549800796812749
56,1,user16,user12,0.0,0.10597609561752988
56,1,user16,user7,0.0,0.11314741035856574
56,1,user21,user15,0.0,0.023809523809523808
56,1,user21,user9,0.0,0.04931972789115646
56,1,user21,user29,0.0,0.05612244897959184
56,1,user21,user20,0.0,0.04251700680272109
56,1,user21,user16,0.0,0.04421768707482993
56,1,user21,user23,0.0,0.02891156462585034
56,1,user21,user35,0.0,0.02891156462585034
56,1,user21,user12,0.0,0.047619047619047616
56,1,user21,user7,0.0,0.047619047619047616
56,1,user23,user15,0.0,0.0794392523364486
56,1,user23,user9,0.0,0.14953271028037382
56,1,user23,user29,0.0,0.13239875389408098
56,1,user23,user20,0.0,0.08411214953271028
56,1,user23,user16,0.0,0.07476635514018691
56,1,user23,user21,0.0,0.029595015576323987
56,1,user23,user35,0.0,0.08255451713395638
56,1,user23,user12,0.0,0.08566978193146417
56,1,user23,user7,0.0,0.1261682242990654
56,1,user35,user15,0.0,0.0832072617246596
56,1,user35,user9,0.0,0.16338880484114976
56,1,user35,user29,0.0,0.1588502269288956
56,1,user35,user20,0.0,0.0907715582450832
56,1,user35,user16,0.0,0.09228441754916793
56,1,user35,user21,0.0,0.025718608169440244
56,1,user35,user23,0.0,0.07866868381240545
56,1,user35,user12,0.0,0.09682299546142209
56,1,user35,user7,0.0,0.13918305597579425
56,1,user12,user15,0.0,0.09779614325068871
56,1,user12,user9,0.0,0.11639118457300275
56,1,user12,user29,0.0,0.1453168044077135
56,1,user12,user20,0.0,0.08333333333333333
56,1,user12,user16,0.0,0.11914600550964187
56,1,user12,user21,0.0,0.0337465564738292
56,1,user12,user23,0.0,0.05922865013774105
56,1,user12,user35,0.0,0.06198347107438017
56,1,user12,user7,0.0,0.13016528925619836
56,1,user7,user15,0.0,0.1724137931034483
56,1,user7,user9,0.0,0.2522167487684729
56,1,user7,user29,0.0,0.2561576354679803
56,1,user7,user20,0.0,0.15862068965517243
56,1,user7,user16,0.0,0.20492610837438424
56,1,user7,user21,0.0,0.053201970443349754
56,1,user7,user23,0.0,0.14187192118226602
56,1,user7,user35,0.0,0.15566502463054188
56,1,user7,user12,0.0,0.2315270935960591
56,2,user15,user9,0.0,0.23234385724090598
56,2,user15,user29,0.0,0.19799816975520473
56,2,user15,user20,0.0,0.156991153816823
56,2,user15,user16,0.0,0.1790799206893922
56,2,user15,user21,0.0,0.0833009227484176
56,2,user15,user23,0.0,0.14478952184854724
56,2,user15,user35,0.0,0.12915236787920384
56,2,user15,user12,0.0,0.2038587661099672
56,2,user15,user7,0.0,0.18580225730191413
56,2,user9,user15,0.5,0.2942279158976586
56,2,user9,user29,1.0,0.3568993594615134
56,2,user9,user20,1.0,0.3531755509716643
56,2,user9,user16,0.0,0.29447761734158434
56,2,user9,user21,0.0,0.12765895849165854
56,2,user9,user23,0.0,0.26835848442080124
56,2,user9,user35,0.0,0.26167354250352837
56,2,user9,user12,0.0,0.2837775485832157
56,2,user9,user7,1.0,0.3638756197300329
56,2,user29,user15,0.0,0.17315222188999474
56,2,user29,user9,0.0,0.2454063616818305
56,2,user29,user20,0.0,0.18977368188743182
56,2,user29,user16,0.0,0.20357951390372048
56,2,user29,user21,0.0,0.10094613643159198
56,2,user29,user23,0.0,0.1664602110119175
56,2,user29,user35,0.0,0.1629575840416898
56,2,user29,user12,0.0,0.18297310381159854
56,2,user29,user7,0.0,0.20653574530491364
56,2,user20,user15,0.0,0.22149908385316947
56,2,user20,user9,1.0,0.3556142301278488
56,2,user20,user29,0.5,0.2925467852510654
56,2,user20,user16,0.0,0.2804464414386594
56,2,user20,user21,0.0,0.16780927675869312
56,2,user20,user23,0.0,0.20624884194923104
56,2,user20,user35,0.0,0.19698700924381857
56,2,user20,user12,0.5,0.28433749202231695
56,2,user20,user7,0.0,0.285814650114261
56,2,user16,user15,0.0,0.10980107348384241
56,2,user16,user9,0.0,0.14952412571934484
56,2,user16,user29,0.0,0.13639884904825145
56,2,user16,user20,0.0,0.1266835436033643
56,2,user16,user21,0.0,0.07439824037184595
56,2,user16,user23,0.0,0.09118940903054448
56,2,user16,user35,0.0,0.0746140438247012
56,2,user16,user12,0.0,0.13893177290836653
56,2,user16,user7,0.0,0.12837953740593183
56,2,user21,user15,0.0,0.061582527747941276
56,2,user21,user9,0.0,0.09212410726063278
56,2,user21,user29,0.0,0.08611048297435317
56,2,user21,user20,0.0,0.07647643544952606
56,2,user21,user16,0.0,0.08132408087888895
56,2,user21,user23,0.0,0.05066001469840013
56,2,user21,user35,0.0,0.053017883053498416
56,2,user21,user12,0.0,0.08557578155916107
56,2,user21,user7,0.0,0.0697702903876232
56,2,user23,user15,0.0,0.12342844174867446
56,2,user23,user9,0.0,0.20401167708526746
56,2,user23,user29,0.0,0.1626126962513668
56,2,user23,user20,0.0,0.12502320975428605
56,2,user23,user16,0.0,0.13499412019558085
56,2,user23,user21,0.0,0.06064141445400342
56,2,user23,user35,0.0,0.120858864063048
56,2,user23,user12,0.0,0.13374904582121266
56,2,user23,user7,0.0,0.143873656413113
56,2,user35,user15,0.0,0.09702257171826248
56,2,user35,user9,0.0,0.15721797825687958
56,2,user35,user29,0.0,0.13485474590556834
56,2,user35,user20,0.0,0.1199747322203393
56,2,user35,user16,0.0,0.11198900905042686
56,2,user35,user21,0.0,0.05582433012763971
56,2,user35,user23,0.0,0.10652115419225966
56,2,user35,user12,0.0,0.10921721559046951
56,2,user35,user7,0.0,0.12578293587365397
56,2,user12,user15,0.0,0.14293609495629697
56,2,user12,user9,0.0,0.1599853756419413
56,2,user12,user29,0.0,0.1646549671802197
56,2,user12,user20,0.0,0.1351171649151447
56,2,user12,user16,0.0,0.1598425330748563
56,2,user12,user21,0.0,0.08574975342652111
56,2,user12,user23,0.0,0.10478947726422475
56,2,user12,user35,0.0,0.09449290888684828
56,2,user12,user7,0.0,0.14990732238206986
56,2,user7,user15,0.0,0.1713191023535851
56,2,user7,user9,0.5,0.2493431855500821
56,2,user7,user29,0.0,0.21092245164145385
56,2,user7,user20,0.0,0.18264915161466885
56,2,user7,user16,0.0,0.19122092955548567
56,2,user7,user21,0.0,0.09299921974169957
56,2,user7,user23,0.0,0.16205964900022127
56,2,user7,user35,0.0,0.14816872212323423
56,2,user7,user12,0.0,0.2040270644819434
56,3,user15,user9,0.3333333333333333,0.2834751198570934
56,3,user15,user29,0.0,0.24520190941930334
56,3,user15,user20,0.0,0.20705911797694534
56,3,user15,user16,0.0,0.21802009413117232
56,3,user15,user21,0.0,0.14370824750978886
56,3,user15,user23,0.0,0.18592744126762648
56,3,user15,user35,0.0,0.20404176223539183
56,3,user15,user12,0.0,0.24821196459662753
56,3,user15,user7,0.0,0.264426135586
56,3,user9,user15,1.0,0.3872421852849454
56,3,user9,user29,1.0,0.42793889206582225
56,3,user9,user20,1.0,0.39537110774227485
56,3,user9,user16,1.0,0.34839265133816494
56,3,user9,user21,0.0,0.22066893657951572
56,3,user9,user23,0.6666666666666666,0.32051917454264006
56,3,user9,user35,0.6666666666666666,0.32624047579359944
56,3,user9,user12,1.0,0.3496803034956293
56,3,user9,user7,1.0,0.46139052851315693
56,3,user29,user15,0.0,0.25099083729642013
56,3,user29,user9,0.6666666666666666,0.30314493550792726
56,3,user29,user20,0.0,0.24915824818648277
56,3,user29,user16,0.0,0.24038090633921652
56,3,user29,user21,0.0,0.1661114304529793
56,3,user29,user23,0.0,0.22314141312689006
56,3,user29,user35,0.0,0.22599041253733496
56,3,user29,user12,0.0,0.24261870162301583
56,3,user29,user7,0.6666666666666666,0.2886467563862805
56,3,user20,user15,0.6666666666666666,0.2941517200157698
56,3,user20,user9,0.6666666666666666,0.3606328489505999
56,3,user20,user29,0.6666666666666666,0.3420361849977242
56,3,user20,user16,0.6666666666666666,0.28160955142739724
56,3,user20,user21,0.0,0.21114536734102715
56,3,user20,user23,0.0,0.24141931912466497
56,3,user20,user35,0.0,0.2540756957749178
56,3,user20,user12,0.6666666666666666,0.2993405610416546
56,3,user20,user7,0.6666666666666666,0.3424186193811047
56,3,user16,user15,0.0,0.13944820165549654
56,3,user16,user9,0.0,0.16692219281234907
56,3,user16,user29,0.0,0.15839046214889077
56,3,user16,user20,0.0,0.13436048528090225
56,3,user16,user21,0.0,0.09725513816068354
56,3,user16,user23,0.0,0.10564198275434455
56,3,user16,user35,0.0,0.10680847463607727
56,3,user16,user12,0.0,0.14857690619244088
56,3,user16,user7,0.0,0.15841771557186676
56,3,user21,user15,0.0,0.11100544895159932
56,3,user21,user9,0.0,0.1342925390038416
56,3,user21,user29,0.0,0.11887727881419935
56,3,user21,user20,0.0,0.10294120421854032
56,3,user21,user16,0.0,0.10403386812112754
56,3,user21,user23,0.0,0.09013933600749695
56,3,user21,user35,0.0,0.08654089857650571
56,3,user21,user12,0.0,0.1159814213320095
56,3,user21,user7,0.0,0.1030208995802176
56,3,user23,user15,0.0,0.16948550956845465
56,3,user23,user9,0.0,0.22638885116453475
56,3,user23,user29,0.0,0.20092224048328336
56,3,user23,user20,0.0,0.1553223176240217
56,3,user23,user16,0.0,0.1539057025716927
56,3,user23,user21,0.0,0.10702283008649094
56,3,user23,user35,0.0,0.15383543385011
56,3,user23,user12,0.0,0.15499115963774132
56,3,user23,user7,0.0,0.19760852331936518
56,3,user35,user15,0.0,0.1676038374684018
56,3,user35,user9,0.0,0.2021960052543332
56,3,user35,user29,0.0,0.19331072764742172
56,3,user35,user20,0.0,0.15203358666189368
56,3,user35,user16,0.0,0.1462620219222273
56,3,user35,user21,0.0,0.10019043194898387
56,3,user35,user23,0.0,0.1402984361820422
56,3,user35,user12,0.0,0.16518254018187195
56,3,user35,user7,0.0,0.1922418685648186
56,3,user12,user15,0.0,0.18534948495557826
56,3,user12,user9,0.0,0.18126425137474142
56,3,user12,user29,0.0,0.18367441976673451
56,3,user12,user20,0.0,0.14831232134360506
56,3,user12,user16,0.0,0.1716754625240781
56,3,user12,user21,0.0,0.11523337061240367
56,3,user12,user23,0.0,0.12367776794895884
56,3,user12,user35,0.0,0.13863598666318422
56,3,user12,user7,0.0,0.18365009536595953
56,3,user7,user15,0.3333333333333333,0.24440235164956606
56,3,user7,user9,0.6666666666666666,0.30072100822429076
56,3,user7,user29,0.3333333333333333,0.26259117159814177
56,3,user7,user20,0.0,0.23959084756765914
56,3,user7,user16,0.3333333333333333,0.23644440753345944
56,3,user7,user21,0.0,0.1474056154639332
56,3,user7,user23,0.0,0.2043344619703206
56,3,user7,user35,0.0,0.20165130408763585
56,3,user7,user12,0.3333333333333333,0.24692919940698865
56,4,user15,user9,0.25,0.27300657017624236
56,4,user15,user29,0.0,0.25340113971408273
56,4,user15,user20,0.0,0.22451202667971143
56,4,user15,user16,0.0,0.23568251961550915
56,4,user15,user21,0.0,0.14291023698493108
56,4,user15,user23,0.0,0.2023919336582853
56,4,user15,user35,0.0,0.20370131854700363
56,4,user15,user12,0.0,0.23806718229961976
56,4,user15,user7,0.25,0.27615092144243575
56,4,user9,user15,1.0,0.44859832793370036
56,4,user9,user29,1.0,0.4691480603960349
56,4,user9,user20,1.0,0.4449417110979773
56,4,user9,user16,1.0,0.4267569855539531
56,4,user9,user21,0.0,0.2340840022490427
56,4,user9,user23,1.0,0.3843302574625662
56,4,user9,user35,1.0,0.35239521810580426
56,4,user9,user12,1.0,0.3746405483991808
56,4,user9,user7,1.0,0.5036057516182314
56,4,user29,user15,0.75,0.3175884401958382
56,4,user29,user9,0.75,0.3421765382244942
56,4,user29,user20,0.75,0.30184553810500686
56,4,user29,user16,0.75,0.29205266540238634
56,4,user29,user21,0.0,0.19646349832540447
56,4,user29,user23,0.5,0.27398517158597435
56,4,user29,user35,0.0,0.2527280889490315
56,4,user29,user12,0.75,0.2798570804010645
56,4,user29,user7,0.75,0.3342917460670356
56,4,user20,user15,0.5,0.30604632340153176
56,4,user20,user9,0.75,0.34429914464463024
56,4,user20,user29,0.75,0.3308832790803182
56,4,user20,user16,0.5,0.29580332696045825
56,4,user20,user21,0.0,0.20601356706406562
56,4,user20,user23,0.0,0.250774462948275
56,4,user20,user35,0.25,0.2461712163351389
56,4,user20,user12,0.5,0.2940957091846898
56,4,user20,user7,0.75,0.3296207128597733
56,4,user16,user15,0.0,0.16705921518665712
56,4,user16,user9,0.0,0.18536820444404223
56,4,user16,user29,0.0,0.17794024892813382
56,4,user16,user20,0.0,0.16204036302496413
56,4,user16,user21,0.0,0.10890297636885127
56,4,user16,user23,0.0,0.1283263476700381
56,4,user16,user35,0.0,0.12603718043183879
56,4,user16,user12,0.0,0.16197419938053348
56,4,user16,user7,0.0,0.18777142963775245
56,4,user21,user15,0.0,0.12175728209008957
56,4,user21,user9,0.0,0.12301301492493705
56,4,user21,user29,0.0,0.12480798282015745
56,4,user21,user20,0.0,0.11186043824829078
56,4,user21,user16,0.0,0.11329359043229992
56,4,user21,user23,0.0,0.08950824815220806
56,4,user21,user35,0.0,0.08679518633777913
56,4,user21,user12,0.0,0.11465692097189867
56,4,user21,user7,0.0,0.11337470219261439
56,4,user23,user15,0.0,0.21200918345294179
56,4,user23,user9,0.0,0.24063056512034706
56,4,user23,user29,0.0,0.2260294401816877
56,4,user23,user20,0.0,0.19651405050778797
56,4,user23,user16,0.0,0.19088305102916633
56,4,user23,user21,0.0,0.11261548959734988
56,4,user23,user35,0.0,0.16788839800957606
56,4,user23,user12,0.0,0.1822673534902289
56,4,user23,user7,0.0,0.22483080131401872
56,4,user35,user15,0.0,0.174932747659728
56,4,user35,user9,0.0,0.1978494926899726
56,4,user35,user29,0.0,0.18939603077188738
56,4,user35,user20,0.0,0.16396978515953053
56,4,user35,user16,0.0,0.16816166972712646
56,4,user35,user21,0.0,0.09756779143809131
56,4,user35,user23,0.0,0.14749486407705692
56,4,user35,user12,0.0,0.16091296583318038
56,4,user35,user7,0.0,0.1893741087710928
56,4,user12,user15,0.0,0.19566715739898033
56,4,user12,user9,0.0,0.1850969698250316
56,4,user12,user29,0.0,0.19420937369536118
56,4,user12,user20,0.0,0.16742894247082057
56,4,user12,user16,0.0,0.1845734402817692
56,4,user12,user21,0.0,0.11995645599603429
56,4,user12,user23,0.0,0.1380588660005382
56,4,user12,user35,0.0,0.14214521721611525
56,4,user12,user7,0.0,0.19726794813629778
56,4,user7,user15,0.5,0.2626513494532963
56,4,user7,user9,0.5,0.3031304060568401
56,4,user7,user29,0.5,0.2767199747751204
56,4,user7,user20,0.5,0.2556777367526767
56,4,user7,user16,0.5,0.2613431604462045
56,4,user7,user21,0.0,0.15271040319637097
56,4,user7,user23,0.25,0.21929106193333814
56,4,user7,user35,0.0,0.20487694164052794
56,4,user7,user12,0.5,0.24658347238879189
56,5,user15,user9,0.4,0.2819127863441659
56,5,user15,user29,0.2,0.25890773497786657
56,5,user15,user20,0.2,0.24694795116450222
56,5,user15,user16,0.2,0.2618019846624635
56,5,user15,user21,0.0,0.1555136352152499
56,5,user15,user23,0.0,0.22806069966960515
56,5,user15,user35,0.0,0.22754691101526153
56,5,user15,user12,0.2,0.25617996707019336
56,5,user15,user7,0.4,0.2940772498420287
56,5,user9,user15,1.0,0.4698017752107148
56,5,user9,user29,1.0,0.4776408358881234
56,5,user9,user20,1.0,0.47834421447164804
56,5,user9,user16,1.0,0.45561063685674397
56,5,user9,user21,0.0,0.26416094703809273
56,5,user9,user23,1.0,0.4352924468022444
56,5,user9,user35,1.0,0.3948515909208504
56,5,user9,user12,1.0,0.40858291102821076
56,5,user9,user7,1.0,0.522631133775056
56,5,user29,user15,0.6,0.302705239512291
56,5,user29,user9,0.6,0.3362904853363838
56,5,user29,user20,0.6,0.3062154618772558
56,5,user29,user16,0.6,0.2897272302937146
56,5,user29,user21,0.0,0.19947219416394493
56,5,user29,user23,0.4,0.28141073075580175
56,5,user29,user35,0.6,0.2659474281466649
56,5,user29,user12,0.6,0.2840190355772245
56,5,user29,user7,0.6,0.33743899807146166
56,5,user20,user15,0.8,0.3206873230734675
56,5,user20,user9,0.8,0.36127963604660873
56,5,user20,user29,0.8,0.3385490007654449
56,5,user20,user16,0.6,0.3180242865152765
56,5,user20,user21,0.0,0.22202777275070024
56,5,user20,user23,0.4,0.283029127120853
56,5,user20,user35,0.4,0.27743601014711833
56,5,user20,user12,0.4,0.31015892636811426
56,5,user20,user7,0.8,0.3531478880000093
56,5,user16,user15,0.0,0.18059382227241066
56,5,user16,user9,0.0,0.1994457225900388
56,5,user16,user29,0.0,0.18391161074104054
56,5,user16,user20,0.0,0.17673309291588035
56,5,user16,user21,0.0,0.1160681708845956
56,5,user16,user23,0.0,0.15847674573479203
56,5,user16,user35,0.0,0.14896791956664288
56,5,user16,user12,0.0,0.176214147008322
56,5,user16,user7,0.0,0.20648491828822552
56,5,user21,user15,0.0,0.12372401507119761
56,5,user21,user9,0.0,0.1291395709261433
56,5,user21,user29,0.0,0.1269940136506062
56,5,user21,user20,0.0,0.12112370618388588
56,5,user21,user16,0.0,0.11933188849015477
56,5,user21,user23,0.0,0.09980354093688212
56,5,user21,user35,0.0,0.1007661390439738
56,5,user21,user12,0.0,0.118009982128735
56,5,user21,user7,0.0,0.12493120777941207
56,5,user23,user15,0.0,0.22475747290119835
56,5,user23,user9,0.0,0.2552759121480577
56,5,user23,user29,0.0,0.2313754728871784
56,5,user23,user20,0.0,0.21402322644781463
56,5,user23,user16,0.0,0.21462027048883847
56,5,user23,user21,0.0,0.12381805738507015
56,5,user23,user35,0.0,0.18645724919920492
56,5,user23,user12,0.0,0.20423620546626003
56,5,user23,user7,0.0,0.2452594492562877
56,5,user35,user15,0.0,0.18581189301085743
56,5,user35,user9,0.0,0.20858473631412258
56,5,user35,user29,0.0,0.19527818947257
56,5,user35,user20,0.0,0.18343571072464102
56,5,user35,user16,0.0,0.18658387124612488
56,5,user35,user21,0.0,0.11262233638742174
56,5,user35,user23,0.0,0.16651665757072626
56,5,user35,user12,0.0,0.17441946774126788
56,5,user35,user7,0.0,0.20584754230110355
56,5,user12,user15,0.0,0.2005274714772755
56,5,user12,user9,0.0,0.19072367106360083
56,5,user12,user29,0.0,0.19399691891047374
56,5,user12,user20,0.0,0.17525457628573854
56,5,user12,user16,0.0,0.19755555918020612
56,5,user12,user21,0.0,0.12631351534048083
56,5,user12,user23,0.0,0.15938001538349744
56,5,user12,user35,0.0,0.15862736185396034
56,5,user12,user7,0.0,0.204597518043449
56,5,user7,user15,0.6,0.29384110835447796
56,5,user7,user9,0.6,0.34060230805150177
56,5,user7,user29,0.6,0.30780338143286484
56,5,user7,user20,0.6,0.2933169038905269
56,5,user7,user16,0.6,0.30433963739678804
56,5,user7,user21,0.0,0.18059037387869964
56,5,user7,user23,0.6,0.27281907673325106
56,5,user7,user35,0.4,0.2457941160765246
56,5,user7,user12,0.6,0.27714091103034943
57,1,user35,user7,0.0,0.05182567726737338
57,1,user35,user29,0.0,0.04004711425206125
57,1,user35,user20,0.0,0.06831566548881036
57,1,user35,user16,0.0,0.043580683156654886
57,1,user35,user21,0.0,0.016489988221436984
57,1,user35,user15,0.0,0.061248527679623084
57,1,user35,user9,0.0,0.0636042402826855
57,1,user35,user23,0.0,0.053003533568904596
57,1,user35,user12,0.0,0.05771495877502945
57,1,user7,user35,0.0,0.048818897637795275
57,1,user7,user29,0.0,0.05826771653543307
57,1,user7,user20,0.0,0.11023622047244094
57,1,user7,user16,0.0,0.12992125984251968
57,1,user7,user21,0.0,0.03385826771653543
57,1,user7,user15,0.0,0.12755905511811025
57,1,user7,user9,0.0,0.14173228346456693
57,1,user7,user23,0.0,0.08503937007874016
57,1,user7,user12,0.0,0.12755905511811025
57,1,user29,user35,0.0,0.06300813008130081
57,1,user29,user7,0.0,0.11788617886178862
57,1,user29,user20,0.0,0.10569105691056911
57,1,user29,user16,0.0,0.07926829268292683
57,1,user29,user21,0.0,0.03048780487804878
57,1,user29,user15,0.0,0.11382113821138211
57,1,user29,user9,0.0,0.12195121951219512
57,1,user29,user23,0.0,0.08536585365853659
57,1,user29,user12,0.0,0.08739837398373984
57,1,user20,user35,0.0,0.14662273476112025
57,1,user20,user7,0.0,0.2751235584843493
57,1,user20,user29,0.0,0.16474464579901152
57,1,user20,user16,0.0,0.24382207578253706
57,1,user20,user21,0.0,0.09225700164744646
57,1,user20,user15,0.0,0.26194398682042835
57,1,user20,user9,1.0,0.3014827018121911
57,1,user20,user23,0.0,0.2158154859967051
57,1,user20,user12,0.0,0.2372322899505766
57,1,user16,user35,0.0,0.03766025641025641
57,1,user16,user7,0.0,0.1233974358974359
57,1,user16,user29,0.0,0.04006410256410257
57,1,user16,user20,0.0,0.09775641025641026
57,1,user16,user21,0.0,0.026442307692307692
57,1,user16,user15,0.0,0.10657051282051282
57,1,user16,user9,0.0,0.10176282051282051
57,1,user16,user23,0.0,0.0985576923076923
57,1,user16,user12,0.0,0.10897435897435898
57,1,user21,user35,0.0,0.02448210922787194
57,1,user21,user7,0.0,0.04143126177024482
57,1,user21,user29,0.0,0.026365348399246705
57,1,user21,user20,0.0,0.05084745762711865
57,1,user21,user16,0.0,0.030131826741996232
57,1,user21,user15,0.0,0.062146892655367235
57,1,user21,user9,0.0,0.04896421845574388
57,1,user21,user23,0.0,0.03389830508474576
57,1,user21,user12,0.0,0.04519774011299435
57,1,user15,user35,0.0,0.09020368574199807
57,1,user15,user7,0.0,0.1755577109602328
57,1,user15,user29,0.0,0.0863239573229874
57,1,user15,user20,0.0,0.13482056256062075
57,1,user15,user16,0.0,0.15324927255092144
57,1,user15,user21,0.0,0.05722599418040737
57,1,user15,user9,0.0,0.17652764306498545
57,1,user15,user23,0.0,0.1367604267701261
57,1,user15,user12,0.0,0.1813773035887488
57,1,user9,user35,0.0,0.11616954474097331
57,1,user9,user7,0.0,0.24332810047095763
57,1,user9,user29,0.0,0.13500784929356358
57,1,user9,user20,0.0,0.271585557299843
57,1,user9,user16,0.0,0.1978021978021978
57,1,user9,user21,0.0,0.07378335949764521
57,1,user9,user15,0.0,0.23390894819466249
57,1,user9,user23,0.0,0.19309262166405022
57,1,user9,user12,0.0,0.22448979591836735
57,1,user23,user35,0.0,0.052
57,1,user23,user7,0.0,0.114
57,1,user23,user29,0.0,0.054
57,1,user23,user20,0.0,0.09
57,1,user23,user16,0.0,0.105
57,1,user23,user21,0.0,0.023
57,1,user23,user15,0.0,0.121
57,1,user23,user9,0.0,0.125
57,1,user23,user12,0.0,0.099
57,1,user12,user35,0.0,0.05165289256198347
57,1,user12,user7,0.0,0.1246556473829201
57,1,user12,user29,0.0,0.06336088154269973
57,1,user12,user20,0.0,0.09779614325068871
57,1,user12,user16,0.0,0.10192837465564739
57,1,user12,user21,0.0,0.03994490358126722
57,1,user12,user15,0.0,0.1322314049586777
57,1,user12,user9,0.0,0.11776859504132231
57,1,user12,user23,0.0,0.08471074380165289
57,2,user35,user7,0.0,0.0862307487165811
57,2,user35,user29,0.0,0.0881975465031002
57,2,user35,user20,0.0,0.08583905593706247
57,2,user35,user16,0.0,0.08506122630397582
57,2,user35,user21,0.0,0.029271395870835833
57,2,user35,user15,0.0,0.07110474031602107
57,2,user35,user9,0.0,0.09860935173456009
57,2,user35,user23,0.0,0.07267984532302153
57,2,user35,user12,0.0,0.07935251238971487
57,2,user7,user35,0.0,0.10760182754933412
57,2,user7,user29,0.0,0.2226005314150546
57,2,user7,user20,0.0,0.1949896309257639
57,2,user7,user16,0.0,0.2104330708661417
57,2,user7,user21,0.0,0.07960856744758757
57,2,user7,user15,0.0,0.20068533100029162
57,2,user7,user9,0.5,0.2706036745406824
57,2,user7,user23,0.0,0.18103188490327599
57,2,user7,user12,0.0,0.1990846051650951
57,2,user29,user35,0.0,0.12726033346147822
57,2,user29,user7,0.0,0.23025500832941778
57,2,user29,user20,0.0,0.17914121566784846
57,2,user29,user16,0.0,0.19222801247276922
57,2,user29,user21,0.0,0.07617857702219755
57,2,user29,user15,0.0,0.19252523742400296
57,2,user29,user9,0.0,0.23408689647316788
57,2,user29,user23,0.0,0.16384925889539104
57,2,user29,user12,0.0,0.1835515356029217
57,2,user20,user35,0.0,0.1991358918967429
57,2,user20,user7,1.0,0.3636593824319387
57,2,user20,user29,1.0,0.3261527317482804
57,2,user20,user16,0.5,0.30714459708075054
57,2,user20,user21,0.0,0.16416291130071348
57,2,user20,user15,0.5,0.299731088019795
57,2,user20,user9,1.0,0.3760857441393855
57,2,user20,user23,0.0,0.2590080705645549
57,2,user20,user12,0.0,0.29074064577337033
57,2,user16,user35,0.0,0.06479700854700854
57,2,user16,user7,0.0,0.15582264957264957
57,2,user16,user29,0.0,0.1267895299145299
57,2,user16,user20,0.0,0.11666666666666667
57,2,user16,user21,0.0,0.05603632478632478
57,2,user16,user15,0.0,0.1297542735042735
57,2,user16,user9,0.0,0.13950320512820513
57,2,user16,user23,0.0,0.12163461538461538
57,2,user16,user12,0.0,0.13253205128205128
57,2,user21,user35,0.0,0.036204312233367925
57,2,user21,user7,0.0,0.06988642914793036
57,2,user21,user29,0.0,0.07441196817710136
57,2,user21,user20,0.0,0.060652792190322456
57,2,user21,user16,0.0,0.05904339136784657
57,2,user21,user15,0.0,0.07262000845535954
57,2,user21,user9,0.0,0.08243014720012298
57,2,user21,user23,0.0,0.05385007110188708
57,2,user21,user12,0.0,0.06150313232637688
57,2,user15,user35,0.0,0.10609805700697725
57,2,user15,user7,0.0,0.223976878070148
57,2,user15,user29,0.0,0.20476361815963204
57,2,user15,user20,0.0,0.1676394668502237
57,2,user15,user16,0.0,0.1925143143205782
57,2,user15,user21,0.0,0.07380713995181627
57,2,user15,user9,0.0,0.25481837239135197
57,2,user15,user23,0.0,0.18230812552798725
57,2,user15,user12,0.0,0.21154766746972875
57,2,user9,user35,0.0,0.19377462650877977
57,2,user9,user7,1.0,0.4016041668832587
57,2,user9,user29,1.0,0.36294717581377944
57,2,user9,user20,1.0,0.3467589175252373
57,2,user9,user16,0.5,0.2823229750382068
57,2,user9,user21,0.0,0.11425348539823468
57,2,user9,user15,1.0,0.3225487851788703
57,2,user9,user23,1.0,0.3051337498830403
57,2,user9,user12,0.0,0.2921091207751567
57,2,user23,user35,0.0,0.08583489096573207
57,2,user23,user7,0.0,0.16877570093457944
57,2,user23,user29,0.0,0.15070872274143302
57,2,user23,user20,0.0,0.12192056074766355
57,2,user23,user16,0.0,0.15320872274143302
57,2,user23,user21,0.0,0.04508566978193146
57,2,user23,user15,0.0,0.15081464174454828
57,2,user23,user9,0.0,0.18746728971962617
57,2,user23,user12,0.0,0.12235358255451714
57,2,user12,user35,0.0,0.07667027735430207
57,2,user12,user7,0.0,0.1595188424402899
57,2,user12,user29,0.0,0.14887400037444168
57,2,user12,user20,0.0,0.11469282409264757
57,2,user12,user16,0.0,0.1447852309502795
57,2,user12,user21,0.0,0.05624314637995133
57,2,user12,user15,0.0,0.15407272192356042
57,2,user12,user9,0.0,0.15353446200754234
57,2,user12,user23,0.0,0.10962448848591833
57,3,user35,user7,0.0,0.12486142713698478
57,3,user35,user29,0.0,0.12646451011870805
57,3,user35,user20,0.0,0.1225449369683261
57,3,user35,user16,0.0,0.12295848963030283
57,3,user35,user21,0.0,0.05538050875271643
57,3,user35,user15,0.0,0.11015796719282622
57,3,user35,user9,0.0,0.1426838447283221
57,3,user35,user23,0.0,0.1035311370819254
57,3,user35,user12,0.0,0.11533890101037335
57,3,user7,user35,0.0,0.1531990616355514
57,3,user7,user29,0.3333333333333333,0.23653339464691947
57,3,user7,user20,0.3333333333333333,0.2135691815118855
57,3,user7,user16,0.0,0.21331882536222244
57,3,user7,user21,0.0,0.10673737033199193
57,3,user7,user15,0.0,0.20826483240685012
57,3,user7,user9,0.3333333333333333,0.2767803289101602
57,3,user7,user23,0.0,0.19179657310369694
57,3,user7,user12,0.3333333333333333,0.22169981576048725
57,3,user29,user35,0.0,0.20918209825479853
57,3,user29,user7,0.6666666666666666,0.28925192039633246
57,3,user29,user20,0.3333333333333333,0.263493516450174
57,3,user29,user16,0.3333333333333333,0.26117826295469404
57,3,user29,user21,0.0,0.14097247442878877
57,3,user29,user15,0.3333333333333333,0.25599712399284763
57,3,user29,user9,0.6666666666666666,0.30423292360169274
57,3,user29,user23,0.0,0.24167159047415768
57,3,user29,user12,0.3333333333333333,0.26260065785499537
57,3,user20,user35,0.3333333333333333,0.22852256531558965
57,3,user20,user7,0.6666666666666666,0.3127291711367688
57,3,user20,user29,0.6666666666666666,0.310695180138123
57,3,user20,user16,0.6666666666666666,0.30375955485453626
57,3,user20,user21,0.0,0.17841263951730413
57,3,user20,user15,0.6666666666666666,0.28933404463627
57,3,user20,user9,0.6666666666666666,0.3463334331731167
57,3,user20,user23,0.3333333333333333,0.2508308087685091
57,3,user20,user12,0.6666666666666666,0.29751283247926325
57,3,user16,user35,0.0,0.1103787130679561
57,3,user16,user7,0.0,0.1691286137501277
57,3,user16,user29,0.0,0.1625402946618086
57,3,user16,user20,0.0,0.1577727551333129
57,3,user16,user21,0.0,0.08468448144742967
57,3,user16,user15,0.0,0.14918424592229373
57,3,user16,user9,0.0,0.17158580776608667
57,3,user16,user23,0.0,0.13436375580299884
57,3,user16,user12,0.0,0.16244388542695312
57,3,user21,user35,0.0,0.05942572969529299
57,3,user21,user7,0.0,0.08314459065835723
57,3,user21,user29,0.0,0.09862267885280368
57,3,user21,user20,0.0,0.08496697686331002
57,3,user21,user16,0.0,0.08694324770196876
57,3,user21,user15,0.0,0.08955513438453618
57,3,user21,user9,0.0,0.10821631447180602
57,3,user21,user23,0.0,0.06961059460170753
57,3,user21,user12,0.0,0.09766633176685963
57,3,user15,user35,0.0,0.18365188794292217
57,3,user15,user7,0.0,0.24135761252959273
57,3,user15,user29,0.0,0.24210957064521285
57,3,user15,user20,0.0,0.20701051288645744
57,3,user15,user16,0.0,0.2339123819862313
57,3,user15,user21,0.0,0.11552186373517824
57,3,user15,user9,0.3333333333333333,0.2780568388251156
57,3,user15,user23,0.0,0.21131603358496243
57,3,user15,user12,0.0,0.24258158257247575
57,3,user9,user35,0.6666666666666666,0.30320186772642693
57,3,user9,user7,1.0,0.44378694218947334
57,3,user9,user29,1.0,0.4212666600425026
57,3,user9,user20,1.0,0.42254133346771033
57,3,user9,user16,1.0,0.3715576517304265
57,3,user9,user21,0.0,0.1741800196691088
57,3,user9,user15,1.0,0.38295344661335634
57,3,user9,user23,1.0,0.37423295427700093
57,3,user9,user12,1.0,0.3547104197816855
57,3,user23,user35,0.0,0.13967241580876538
57,3,user23,user7,0.0,0.1933445840468184
57,3,user23,user29,0.0,0.19453529601892539
57,3,user23,user20,0.0,0.18058654315638903
57,3,user23,user16,0.0,0.17681604120676972
57,3,user23,user21,0.0,0.07926386224065247
57,3,user23,user15,0.0,0.18028886688260334
57,3,user23,user9,0.0,0.226058639874014
57,3,user23,user12,0.0,0.16473696299505544
57,3,user12,user35,0.0,0.1370835450711885
57,3,user12,user7,0.0,0.19766903817683765
57,3,user12,user29,0.0,0.19767182131417574
57,3,user12,user20,0.0,0.16910390969128145
57,3,user12,user16,0.0,0.19256224677203415
57,3,user12,user21,0.0,0.11106786277363724
57,3,user12,user15,0.0,0.19153653940592189
57,3,user12,user9,0.0,0.19699303605915883
57,3,user12,user23,0.0,0.14658712760409845
57,4,user35,user7,0.0,0.16965974174881432
57,4,user35,user29,0.0,0.16110042182989834
57,4,user35,user20,0.0,0.15032274432659387
57,4,user35,user16,0.0,0.15307069907492116
57,4,user35,user21,0.0,0.0810389935742504
57,4,user35,user15,0.0,0.1653963640415685
57,4,user35,user9,0.0,0.18246061742716108
57,4,user35,user23,0.0,0.1449696388083983
57,4,user35,user12,0.0,0.16063822491464894
57,4,user7,user35,0.0,0.21967922779692756
57,4,user7,user29,0.5,0.2817061867989987
57,4,user7,user20,0.5,0.25888443688295926
57,4,user7,user16,0.5,0.2641311856190662
57,4,user7,user21,0.0,0.13533032058018915
57,4,user7,user15,0.5,0.2748901183689095
57,4,user7,user9,0.5,0.319871906271152
57,4,user7,user23,0.5,0.2549122098440448
57,4,user7,user12,0.5,0.2662538078317097
57,4,user29,user35,0.25,0.2588385381684013
57,4,user29,user7,0.75,0.3418894167628204
57,4,user29,user20,0.75,0.30906883426690157
57,4,user29,user16,0.5,0.2942227111416836
57,4,user29,user21,0.0,0.18786127368425887
57,4,user29,user15,0.75,0.3295420312569344
57,4,user29,user9,0.75,0.3496402711665886
57,4,user29,user23,0.5,0.28222757200670384
57,4,user29,user12,0.75,0.3094904410636128
57,4,user20,user35,0.5,0.2933224298310009
57,4,user20,user7,0.75,0.35584354306509103
57,4,user20,user29,0.75,0.3467768496349904
57,4,user20,user16,0.75,0.3375923818201554
57,4,user20,user21,0.0,0.20946493498577995
57,4,user20,user15,0.75,0.3461200011089535
57,4,user20,user9,0.75,0.3816516006090209
57,4,user20,user23,0.5,0.30639982742947963
57,4,user20,user12,0.75,0.34401369096864326
57,4,user16,user35,0.0,0.13050811342551594
57,4,user16,user7,0.0,0.18036447251481336
57,4,user16,user29,0.0,0.17013357810837298
57,4,user16,user20,0.0,0.16341874347603288
57,4,user16,user21,0.0,0.08750500672216645
57,4,user16,user15,0.0,0.16923477846776963
57,4,user16,user9,0.0,0.17614436701490527
57,4,user16,user23,0.0,0.14543417964897082
57,4,user16,user12,0.0,0.16915093690279534
57,4,user21,user35,0.0,0.07620368064358521
57,4,user21,user7,0.0,0.09028921977813427
57,4,user21,user29,0.0,0.10367052715682575
57,4,user21,user20,0.0,0.0880195313466784
57,4,user21,user16,0.0,0.09034404870869814
57,4,user21,user15,0.0,0.1081858965080538
57,4,user21,user9,0.0,0.1044741375033131
57,4,user21,user23,0.0,0.0796212533506388
57,4,user21,user12,0.0,0.10037913227590596
57,4,user15,user35,0.0,0.2064013180180979
57,4,user15,user7,0.0,0.26218102904654583
57,4,user15,user29,0.0,0.24577353404270594
57,4,user15,user20,0.0,0.21537757709733643
57,4,user15,user16,0.0,0.23551150337557653
57,4,user15,user21,0.0,0.12585823968744458
57,4,user15,user9,0.25,0.27120860510128886
57,4,user15,user23,0.0,0.22119687202681693
57,4,user15,user12,0.0,0.23596325005630642
57,4,user9,user35,1.0,0.3639774683083578
57,4,user9,user7,1.0,0.4915882197155589
57,4,user9,user29,1.0,0.4548136654997894
57,4,user9,user20,1.0,0.4591856030629077
57,4,user9,user16,1.0,0.4096792358081982
57,4,user9,user21,0.0,0.19698938736994331
57,4,user9,user15,1.0,0.44652558071776105
57,4,user9,user23,1.0,0.42588276477235654
57,4,user9,user12,1.0,0.3940239671529409
57,4,user23,user35,0.0,0.17976063320305155
57,4,user23,user7,0.0,0.22514731327672688
57,4,user23,user29,0.0,0.21281504670900658
57,4,user23,user20,0.0,0.2063221089886547
57,4,user23,user16,0.0,0.19979007660972287
57,4,user23,user21,0.0,0.09073639203211374
57,4,user23,user15,0.0,0.22459570666003612
57,4,user23,user9,0.0,0.2532006527220262
57,4,user23,user12,0.0,0.1939624985147549
57,4,user12,user35,0.0,0.16282517457098186
57,4,user12,user7,0.0,0.2109335065426702
57,4,user12,user29,0.0,0.2062600259240684
57,4,user12,user20,0.0,0.18173063752885113
57,4,user12,user16,0.0,0.19553520252977363
57,4,user12,user21,0.0,0.11818290805571649
57,4,user12,user15,0.0,0.2033165246685304
57,4,user12,user9,0.0,0.20384620424923688
57,4,user12,user23,0.0,0.16570390770069632
57,5,user35,user7,0.0,0.19475966959962257
57,5,user35,user29,0.0,0.1805318317234211
57,5,user35,user20,0.0,0.17948990122405686
57,5,user35,user16,0.0,0.18218229717000925
57,5,user35,user21,0.0,0.1131786727118903
57,5,user35,user15,0.0,0.18581189301085743
57,5,user35,user9,0.0,0.20807385365943035
57,5,user35,user23,0.0,0.1720230769175621
57,5,user35,user12,0.0,0.18475942515161167
57,5,user7,user35,0.4,0.2299571835096303
57,5,user7,user29,0.4,0.2796332341064396
57,5,user7,user20,0.4,0.2726317961237414
57,5,user7,user16,0.4,0.2864680283577827
57,5,user7,user21,0.0,0.16158816329188433
57,5,user7,user15,0.4,0.2749967696082404
57,5,user7,user9,0.4,0.31873240319973656
57,5,user7,user23,0.4,0.2604412918230866
57,5,user7,user12,0.4,0.270315624805451
57,5,user29,user35,0.6,0.27127658175168057
57,5,user29,user7,0.6,0.3303680143377793
57,5,user29,user20,0.6,0.3112798648770146
57,5,user29,user16,0.6,0.3063319298133149
57,5,user29,user21,0.0,0.20450893137790907
57,5,user29,user15,0.6,0.31395362601422716
57,5,user29,user9,0.6,0.34352695998914023
57,5,user29,user23,0.4,0.27831335202627755
57,5,user29,user12,0.6,0.3020164085115842
57,5,user20,user35,0.8,0.3231590939122554
57,5,user20,user7,0.8,0.3756242865442817
57,5,user20,user29,0.8,0.36226865212561793
57,5,user20,user16,0.8,0.3678934296365252
57,5,user20,user21,0.2,0.25472091736840674
57,5,user20,user15,0.8,0.3666750011630614
57,5,user20,user9,0.8,0.4053308878081439
57,5,user20,user23,0.8,0.3244668746947129
57,5,user20,user12,0.8,0.3671902730576774
57,5,user16,user35,0.0,0.14518493431043686
57,5,user16,user7,0.0,0.19400370022691027
57,5,user16,user29,0.0,0.17707650703665984
57,5,user16,user20,0.0,0.17806901791836732
57,5,user16,user21,0.0,0.11061261337857484
57,5,user16,user15,0.0,0.1805243034009337
57,5,user16,user9,0.0,0.19131569030417947
57,5,user16,user23,0.0,0.15718287634403078
57,5,user16,user12,0.0,0.18491214846582443
57,5,user21,user35,0.0,0.10103071811329285
57,5,user21,user7,0.0,0.11035134730200954
57,5,user21,user29,0.0,0.11855303900750114
57,5,user21,user20,0.0,0.11591003026933613
57,5,user21,user16,0.0,0.11778392323962558
57,5,user21,user15,0.0,0.1272297457645235
57,5,user21,user9,0.0,0.12394999927010113
57,5,user21,user23,0.0,0.10303262868725556
57,5,user21,user12,0.0,0.12341446043911508
57,5,user15,user35,0.0,0.22754691101526153
57,5,user15,user7,0.2,0.2758662624767153
57,5,user15,user29,0.0,0.24956979541576305
57,5,user15,user20,0.0,0.23723762530425355
57,5,user15,user16,0.2,0.2716705638084432
57,5,user15,user21,0.0,0.16071896386123538
57,5,user15,user9,0.2,0.2779602817578701
57,5,user15,user23,0.0,0.23397330438964864
57,5,user15,user12,0.0,0.25937318182061464
57,5,user9,user35,1.0,0.4042011761873675
57,5,user9,user7,1.0,0.5080073988604337
57,5,user9,user29,1.0,0.4631058908648414
57,5,user9,user20,1.0,0.4884492051252626
57,5,user9,user16,1.0,0.45907768837477025
57,5,user9,user21,0.0,0.26424707810777015
57,5,user9,user15,1.0,0.4687082112633575
57,5,user9,user23,1.0,0.45062559996948304
57,5,user9,user12,1.0,0.41995165881305824
57,5,user23,user35,0.0,0.19588978387764125
57,5,user23,user7,0.0,0.23500681845895416
57,5,user23,user29,0.0,0.21331348255141633
57,5,user23,user20,0.0,0.21438883120237112
57,5,user23,user16,0.0,0.2206305350979619
57,5,user23,user21,0.0,0.1252513740097379
57,5,user23,user15,0.0,0.23204624969817184
57,5,user23,user9,0.0,0.26413336105342755
57,5,user23,user12,0.0,0.20905239000406356
57,5,user12,user35,0.0,0.1766116015130988
57,5,user12,user7,0.0,0.2194532226771519
57,5,user12,user29,0.0,0.2117692315649769
57,5,user12,user20,0.0,0.19519442473229726
57,5,user12,user16,0.0,0.21923553230677975
57,5,user12,user21,0.0,0.14452438204401954
57,5,user12,user15,0.0,0.21693323605448006
57,5,user12,user9,0.0,0.21689001849218656
57,5,user12,user23,0.0,0.1821748715754349
58,1,user16,user21,0.0,0.029168959823885527
58,1,user16,user35,0.0,0.033571821684094665
58,1,user16,user12,0.0,0.07044578976334617
58,1,user16,user15,0.0,0.06604292790313704
58,1,user16,user29,0.0,0.03962575674188222
58,1,user16,user23,0.0,0.05448541552008806
58,1,user16,user7,0.0,0.11392405063291139
58,1,user16,user20,0.0,0.0720968629609246
58,1,user16,user9,0.0,0.10071546505228399
58,1,user21,user16,0.0,0.05612244897959184
58,1,user21,user35,0.0,0.017006802721088437
58,1,user21,user12,0.0,0.04421768707482993
58,1,user21,user15,0.0,0.03571428571428571
58,1,user21,user29,0.0,0.015306122448979591
58,1,user21,user23,0.0,0.022108843537414966
58,1,user21,user7,0.0,0.047619047619047616
58,1,user21,user20,0.0,0.03231292517006803
58,1,user21,user9,0.0,0.05102040816326531
58,1,user35,user16,0.0,0.055031446540880505
58,1,user35,user21,0.0,0.012578616352201259
58,1,user35,user12,0.0,0.03930817610062893
58,1,user35,user15,0.0,0.029874213836477988
58,1,user35,user29,0.0,0.015723270440251572
58,1,user35,user23,0.0,0.03930817610062893
58,1,user35,user7,0.0,0.06132075471698113
58,1,user35,user20,0.0,0.036163522012578615
58,1,user35,user9,0.0,0.08333333333333333
58,1,user12,user16,0.0,0.09643788010425716
58,1,user12,user21,0.0,0.029539530842745437
58,1,user12,user35,0.0,0.03909643788010426
58,1,user12,user15,0.0,0.06602953953084274
58,1,user12,user29,0.0,0.038227628149435276
58,1,user12,user23,0.0,0.05734144222415291
58,1,user12,user7,0.0,0.10686359687228497
58,1,user12,user20,0.0,0.060816681146828845
58,1,user12,user9,0.0,0.08688097306689835
58,1,user15,user16,0.0,0.16865671641791044
58,1,user15,user21,0.0,0.029850746268656716
58,1,user15,user35,0.0,0.03134328358208955
58,1,user15,user12,0.0,0.11194029850746269
58,1,user15,user29,0.0,0.04029850746268657
58,1,user15,user23,0.0,0.06119402985074627
58,1,user15,user7,0.0,0.16417910447761194
58,1,user15,user20,0.0,0.0791044776119403
58,1,user15,user9,0.0,0.13582089552238805
58,1,user29,user16,0.0,0.11528822055137844
58,1,user29,user21,0.0,0.02506265664160401
58,1,user29,user35,0.0,0.03759398496240601
58,1,user29,user12,0.0,0.09273182957393483
58,1,user29,user15,0.0,0.05263157894736842
58,1,user29,user23,0.0,0.08020050125313283
58,1,user29,user7,0.0,0.11779448621553884
58,1,user29,user20,0.0,0.09523809523809523
58,1,user29,user9,0.0,0.11278195488721804
58,1,user23,user16,0.0,0.10647482014388489
58,1,user23,user21,0.0,0.02302158273381295
58,1,user23,user35,0.0,0.0460431654676259
58,1,user23,user12,0.0,0.08633093525179857
58,1,user23,user15,0.0,0.06330935251798561
58,1,user23,user29,0.0,0.05467625899280575
58,1,user23,user7,0.0,0.12086330935251799
58,1,user23,user20,0.0,0.08345323741007195
58,1,user23,user9,0.0,0.11366906474820145
58,1,user7,user16,0.0,0.2374384236453202
58,1,user7,user21,0.0,0.053201970443349754
58,1,user7,user35,0.0,0.08374384236453201
58,1,user7,user12,0.0,0.17339901477832512
58,1,user7,user15,0.0,0.13694581280788176
58,1,user7,user29,0.0,0.0896551724137931
58,1,user7,user23,0.0,0.1497536945812808
58,1,user7,user20,0.0,0.17142857142857143
58,1,user7,user9,0.0,0.24334975369458128
58,1,user20,user16,0.0,0.1743486973947896
58,1,user20,user21,0.0,0.06212424849699399
58,1,user20,user35,0.0,0.06813627254509018
58,1,user20,user12,0.0,0.11623246492985972
58,1,user20,user15,0.0,0.10020040080160321
58,1,user20,user29,0.0,0.09418837675350701
58,1,user20,user23,0.0,0.1342685370741483
58,1,user20,user7,0.0,0.19839679358717435
58,1,user20,user9,0.0,0.21042084168336672
58,1,user9,user16,0.0,0.2674591381872214
58,1,user9,user21,0.0,0.05943536404160475
58,1,user9,user35,0.0,0.1188707280832095
58,1,user9,user12,0.0,0.14710252600297177
58,1,user9,user15,0.0,0.1589895988112927
58,1,user9,user29,0.0,0.09063893016344725
58,1,user9,user23,0.0,0.1664190193164933
58,1,user9,user7,1.0,0.3135215453194651
58,1,user9,user20,0.0,0.20208023774145617
58,2,user16,user21,0.0,0.04328362215928158
58,2,user16,user35,0.0,0.0606131790541901
58,2,user16,user12,0.0,0.10631300589285475
58,2,user16,user15,0.0,0.11436702149079829
58,2,user16,user29,0.0,0.07908372149214063
58,2,user16,user23,0.0,0.0859766165080473
58,2,user16,user7,0.0,0.11374283528195767
58,2,user16,user20,0.0,0.10666872491509725
58,2,user16,user9,0.0,0.12921996858933915
58,2,user21,user16,0.0,0.06218182637293328
58,2,user21,user35,0.0,0.0293339189980628
58,2,user21,user12,0.0,0.06551561021759697
58,2,user21,user15,0.0,0.06540298238500698
58,2,user21,user29,0.0,0.04620556832004325
58,2,user21,user23,0.0,0.041035950804162724
58,2,user21,user7,0.0,0.048779114294724514
58,2,user21,user20,0.0,0.0521128981393882
58,2,user21,user9,0.0,0.059608280398252014
58,2,user35,user16,0.0,0.0734632308820588
58,2,user35,user21,0.0,0.024162721959241726
58,2,user35,user12,0.0,0.0709102829077494
58,2,user35,user15,0.0,0.08347778740804943
58,2,user35,user29,0.0,0.05951785674600529
58,2,user35,user23,0.0,0.06717670066893348
58,2,user35,user7,0.0,0.08406393759583972
58,2,user35,user20,0.0,0.08328610796275307
58,2,user35,user9,0.0,0.10293464008711692
58,2,user12,user16,0.0,0.1432523194518846
58,2,user12,user21,0.0,0.07441828011686166
58,2,user12,user35,0.0,0.08696612842478343
58,2,user12,user15,0.0,0.16012058298783516
58,2,user12,user29,0.0,0.11768545486465926
58,2,user12,user23,0.0,0.12157146522735354
58,2,user12,user7,0.0,0.16010220143481152
58,2,user12,user20,0.0,0.1375893005856588
58,2,user12,user9,0.0,0.15662433657598934
58,2,user15,user16,0.0,0.15669510812584708
58,2,user15,user21,0.0,0.04731496714031215
58,2,user15,user35,0.0,0.08446772420024379
58,2,user15,user12,0.0,0.1487069222704297
58,2,user15,user29,0.0,0.10117843108841856
58,2,user15,user23,0.0,0.1157151137516302
58,2,user15,user7,0.0,0.1616406829359769
58,2,user15,user20,0.0,0.12697392534756258
58,2,user15,user9,0.0,0.16601515551880802
58,2,user29,user16,0.0,0.20506387673036547
58,2,user29,user21,0.0,0.095759174813301
58,2,user29,user35,0.0,0.13108074445749263
58,2,user29,user12,0.0,0.21072966391638326
58,2,user29,user15,0.5,0.22815151468936032
58,2,user29,user23,0.0,0.1630623211171946
58,2,user29,user7,0.5,0.22278312413894777
58,2,user29,user20,0.0,0.22248572750334253
58,2,user29,user9,0.5,0.24300863721169047
58,2,user23,user16,0.0,0.14785352046231867
58,2,user23,user21,0.0,0.04985257695482958
58,2,user23,user35,0.0,0.09358414907418328
58,2,user23,user12,0.0,0.15021228918504542
58,2,user23,user15,0.0,0.16212407123481543
58,2,user23,user29,0.0,0.1035381530840901
58,2,user23,user7,0.0,0.15770727680150962
58,2,user23,user20,0.0,0.13114164406179973
58,2,user23,user9,0.0,0.1712584031135747
58,2,user7,user16,0.0,0.19703210704678056
58,2,user7,user21,0.0,0.07211391771186342
58,2,user7,user35,0.0,0.12472137791286728
58,2,user7,user12,0.0,0.18235393448159404
58,2,user7,user15,0.0,0.19259919179214852
58,2,user7,user29,0.0,0.1457045033714146
58,2,user7,user23,0.0,0.15536049098044696
58,2,user7,user20,0.0,0.18649046803852382
58,2,user7,user9,0.0,0.22333496372381184
58,2,user20,user16,0.5,0.2762988910275246
58,2,user20,user21,0.0,0.12681706081025312
58,2,user20,user35,0.0,0.18632817529622672
58,2,user20,user12,0.5,0.25205435582862595
58,2,user20,user15,0.5,0.2896385852429736
58,2,user20,user29,0.0,0.22967846731353977
58,2,user20,user23,0.0,0.2268078166217113
58,2,user20,user7,0.5,0.2945132439508341
58,2,user20,user9,0.5,0.34008874421000157
58,2,user9,user16,1.0,0.32057515010905174
58,2,user9,user21,0.0,0.10246843582457878
58,2,user9,user35,0.0,0.20201289504097042
58,2,user9,user12,0.0,0.269849804054465
58,2,user9,user15,1.0,0.3492631405159754
58,2,user9,user29,0.0,0.22923889714380055
58,2,user9,user23,0.0,0.2719472033228192
58,2,user9,user7,1.0,0.3559615668691293
58,2,user9,user20,1.0,0.3360096625913471
58,3,user16,user21,0.0,0.07185043102177349
58,3,user16,user35,0.0,0.09860434421784209
58,3,user16,user12,0.0,0.13929037783773546
58,3,user16,user15,0.0,0.14011306053854747
58,3,user16,user29,0.0,0.11292233244291716
58,3,user16,user23,0.0,0.12244432360552808
58,3,user16,user7,0.0,0.15881774092549358
58,3,user16,user20,0.0,0.1366941768090472
58,3,user16,user9,0.0,0.15967643436912335
58,3,user21,user16,0.0,0.08311964204025307
58,3,user21,user35,0.0,0.057701505751964775
58,3,user21,user12,0.0,0.08395280721180869
58,3,user21,user15,0.0,0.08956176687132694
58,3,user21,user29,0.0,0.06647117886002829
58,3,user21,user23,0.0,0.0662264967136592
58,3,user21,user7,0.0,0.07810770348999853
58,3,user21,user20,0.0,0.07077666115029478
58,3,user21,user9,0.0,0.08623539795229912
58,3,user35,user16,0.0,0.11553560708390125
58,3,user35,user21,0.0,0.05293758783338628
58,3,user35,user12,0.0,0.11092967873364822
58,3,user35,user15,0.0,0.11915453232944574
58,3,user35,user29,0.0,0.08623468048058003
58,3,user35,user23,0.0,0.09938780587095125
58,3,user35,user7,0.0,0.12642819825505933
58,3,user35,user20,0.0,0.11683298266396054
58,3,user35,user9,0.0,0.14120904447258723
58,3,user12,user16,0.0,0.17160295862386707
58,3,user12,user21,0.0,0.10865093350632442
58,3,user12,user35,0.0,0.12839875669352596
58,3,user12,user15,0.0,0.1734435182760301
58,3,user12,user29,0.0,0.13823475311595643
58,3,user12,user23,0.0,0.13928656144959797
58,3,user12,user7,0.0,0.18058398710684478
58,3,user12,user20,0.0,0.1571416133564851
58,3,user12,user9,0.0,0.17290236533662484
58,3,user15,user16,0.0,0.20154448736036476
58,3,user15,user21,0.0,0.0988837705688686
58,3,user15,user35,0.0,0.15484857633682694
58,3,user15,user12,0.0,0.18634830581713124
58,3,user15,user29,0.0,0.1402469194529554
58,3,user15,user23,0.0,0.1700304734502539
58,3,user15,user7,0.0,0.21294004361494237
58,3,user15,user20,0.0,0.1758971533885628
58,3,user15,user9,0.0,0.21772636788423902
58,3,user29,user16,0.3333333333333333,0.23255856393467156
58,3,user29,user21,0.0,0.13133297434567853
58,3,user29,user35,0.0,0.1754544993575633
58,3,user29,user12,0.3333333333333333,0.23134988091751196
58,3,user29,user15,0.3333333333333333,0.23135809305340638
58,3,user29,user23,0.0,0.21033098427141342
58,3,user29,user7,0.3333333333333333,0.2619863618582525
58,3,user29,user20,0.3333333333333333,0.24170310313152202
58,3,user29,user9,0.3333333333333333,0.2720907433195252
58,3,user23,user16,0.0,0.1904247451812784
58,3,user23,user21,0.0,0.07898067828940687
58,3,user23,user35,0.0,0.1353021443236738
58,3,user23,user12,0.0,0.16993904368024113
58,3,user23,user15,0.0,0.1938763808137479
58,3,user23,user29,0.0,0.1472972344168354
58,3,user23,user7,0.0,0.19883219487136564
58,3,user23,user20,0.0,0.17733051568751915
58,3,user23,user9,0.0,0.21341869188617701
58,3,user7,user16,0.3333333333333333,0.23916780784689373
58,3,user7,user21,0.0,0.10777091486807681
58,3,user7,user35,0.0,0.17053292095999603
58,3,user7,user12,0.0,0.21665341168661664
58,3,user7,user15,0.3333333333333333,0.22028269211874943
58,3,user7,user29,0.0,0.18308878836962914
58,3,user7,user23,0.0,0.1899652918200565
58,3,user7,user20,0.3333333333333333,0.22639997535076492
58,3,user7,user9,0.3333333333333333,0.2702499818905187
58,3,user20,user16,0.3333333333333333,0.30196126553586117
58,3,user20,user21,0.0,0.1494355488076043
58,3,user20,user35,0.3333333333333333,0.24184327442573753
58,3,user20,user12,0.3333333333333333,0.2819287209022198
58,3,user20,user15,0.3333333333333333,0.2959877710334142
58,3,user20,user29,0.3333333333333333,0.25080756007518923
58,3,user20,user23,0.3333333333333333,0.2643405597650166
58,3,user20,user7,0.3333333333333333,0.32858085483269955
58,3,user20,user9,0.6666666666666666,0.3563566838947914
58,3,user9,user16,1.0,0.36638922058112455
58,3,user9,user21,0.0,0.16410166606667834
58,3,user9,user35,0.0,0.28922889172429594
58,3,user9,user12,1.0,0.3178398254229731
58,3,user9,user15,1.0,0.3888908048650766
58,3,user9,user29,0.6666666666666666,0.3005478067094766
58,3,user9,user23,1.0,0.3377169909247109
58,3,user9,user7,1.0,0.4447981402701498
58,3,user9,user20,1.0,0.4022306502763418
58,4,user16,user21,0.0,0.08724255151271507
58,4,user16,user35,0.0,0.11937750296891436
58,4,user16,user12,0.0,0.16563484272125223
58,4,user16,user15,0.0,0.14757683482120373
58,4,user16,user29,0.0,0.15811523672897287
58,4,user16,user23,0.0,0.13874771290193638
58,4,user16,user7,0.0,0.17461583503649375
58,4,user16,user20,0.0,0.15163438004559124
58,4,user16,user9,0.0,0.177021689137026
58,4,user21,user16,0.0,0.0918939930843164
58,4,user21,user35,0.0,0.07141646556741675
58,4,user21,user12,0.0,0.09391037802030211
58,4,user21,user15,0.0,0.0919794176507435
58,4,user21,user29,0.0,0.09281358189442272
58,4,user21,user23,0.0,0.07516890459389614
58,4,user21,user7,0.0,0.08594470861736053
58,4,user21,user20,0.0,0.08169138134272956
58,4,user21,user9,0.0,0.09549186593908235
58,4,user35,user16,0.0,0.15497023081702915
58,4,user35,user21,0.0,0.07350124686635923
58,4,user35,user12,0.0,0.1522723583264859
58,4,user35,user15,0.0,0.14735556558821056
58,4,user35,user29,0.0,0.14991177916348333
58,4,user35,user23,0.0,0.13977378218393793
58,4,user35,user7,0.0,0.15878881891733365
58,4,user35,user20,0.0,0.15213113959044341
58,4,user35,user9,0.0,0.1851768715214162
58,4,user12,user16,0.0,0.19100620104361654
58,4,user12,user21,0.0,0.11596323516955917
58,4,user12,user35,0.0,0.14746898660077223
58,4,user12,user15,0.0,0.1829937747607055
58,4,user12,user29,0.0,0.1810007800097901
58,4,user12,user23,0.0,0.1557126785624499
58,4,user12,user7,0.0,0.18706311281094512
58,4,user12,user20,0.0,0.16375832812495072
58,4,user12,user9,0.0,0.1852591577535126
58,4,user15,user16,0.0,0.2142018312452748
58,4,user15,user21,0.0,0.10753012218099173
58,4,user15,user35,0.0,0.17738997267430173
58,4,user15,user12,0.0,0.20344265441776746
58,4,user15,user29,0.0,0.20106907030610827
58,4,user15,user23,0.0,0.18563976016087047
58,4,user15,user7,0.0,0.21839825056347012
58,4,user15,user20,0.0,0.18703288171108617
58,4,user15,user9,0.0,0.2247017691876925
58,4,user29,user16,0.5,0.27276637914801627
58,4,user29,user21,0.0,0.15214007499503848
58,4,user29,user35,0.25,0.2315735752714175
58,4,user29,user12,0.25,0.2604646236338158
58,4,user29,user15,0.5,0.2668012728435334
58,4,user29,user23,0.25,0.24178411262301366
58,4,user29,user7,0.5,0.2962374821967746
58,4,user29,user20,0.5,0.268014018811103
58,4,user29,user9,0.5,0.311648032292077
58,4,user23,user16,0.0,0.20832986974704723
58,4,user23,user21,0.0,0.08575316236272425
58,4,user23,user35,0.0,0.16325758737432022
58,4,user23,user12,0.0,0.1902850155351796
58,4,user23,user15,0.0,0.20254524000866514
58,4,user23,user29,0.0,0.18976009711778885
58,4,user23,user7,0.0,0.21539885323047597
58,4,user23,user20,0.0,0.19850126310950109
58,4,user23,user9,0.0,0.2367148400956954
58,4,user7,user16,0.25,0.2557942335922223
58,4,user7,user21,0.0,0.1203495371759008
58,4,user7,user35,0.0,0.1904747795613533
58,4,user7,user12,0.25,0.23209266402046105
58,4,user7,user15,0.25,0.2250415654983109
58,4,user7,user29,0.25,0.23691014506785618
58,4,user7,user23,0.25,0.21366461967798955
58,4,user7,user20,0.25,0.2391711674612261
58,4,user7,user9,0.5,0.2828758176808354
58,4,user20,user16,0.75,0.3357367188937534
58,4,user20,user21,0.0,0.18702543027478
58,4,user20,user35,0.25,0.28172899724323136
58,4,user20,user12,0.5,0.32110219389172356
58,4,user20,user15,0.5,0.3140302914846874
58,4,user20,user29,0.75,0.34115029051194146
58,4,user20,user23,0.25,0.29430547156591175
58,4,user20,user7,0.75,0.36203157659479684
58,4,user20,user9,1.0,0.38748187328453687
58,4,user9,user16,1.0,0.41829681153372633
58,4,user9,user21,0.0,0.1868648766784889
58,4,user9,user35,1.0,0.35709274169232674
58,4,user9,user12,1.0,0.3699707532183534
58,4,user9,user15,1.0,0.4065513971172584
58,4,user9,user29,1.0,0.4238801744915386
58,4,user9,user23,1.0,0.39082852943242996
58,4,user9,user7,1.0,0.4822359491842645
58,4,user9,user20,1.0,0.44303517269914705
58,5,user16,user21,0.0,0.1108632216173739
58,5,user16,user35,0.0,0.1451849343104369
58,5,user16,user12,0.0,0.18282591385600216
58,5,user16,user15,0.0,0.1745670238180487
58,5,user16,user29,0.0,0.18237101515068885
58,5,user16,user23,0.0,0.16143032463413395
58,5,user16,user7,0.0,0.19245218899383368
58,5,user16,user20,0.0,0.17010093005745114
58,5,user16,user9,0.0,0.19120873863455484
58,5,user21,user16,0.0,0.11825770289016072
58,5,user21,user35,0.0,0.09707975919865355
58,5,user21,user12,0.0,0.11709442743589729
58,5,user21,user15,0.0,0.11892402353397528
58,5,user21,user29,0.0,0.11778312579490428
58,5,user21,user23,0.0,0.09654761750692939
58,5,user21,user7,0.0,0.10665933535074049
58,5,user21,user20,0.0,0.10789717992526442
58,5,user21,user9,0.0,0.12253153066104602
58,5,user35,user16,0.0,0.18218229717000925
58,5,user35,user21,0.0,0.10687433873409105
58,5,user35,user12,0.0,0.18468313671566025
58,5,user35,user15,0.0,0.17697471057343273
58,5,user35,user29,0.0,0.19046596431956217
58,5,user35,user23,0.0,0.17192070025450118
58,5,user35,user7,0.0,0.19447700507899263
58,5,user35,user20,0.0,0.17704566222443877
58,5,user35,user9,0.0,0.2109626838157843
58,5,user12,user16,0.0,0.20739440650098553
58,5,user12,user21,0.0,0.13615231946775888
58,5,user12,user35,0.0,0.16922378701649002
58,5,user12,user15,0.0,0.2029226170785078
58,5,user12,user29,0.0,0.2020169907515358
58,5,user12,user23,0.0,0.17681464959448193
58,5,user12,user7,0.0,0.20315784743229584
58,5,user12,user20,0.0,0.18056712827969496
58,5,user12,user9,0.0,0.20296238781597037
58,5,user15,user16,0.2,0.25219961197727364
58,5,user15,user21,0.0,0.1486099367974735
58,5,user15,user35,0.0,0.21339864243849221
58,5,user15,user12,0.0,0.23627202136040132
58,5,user15,user29,0.2,0.24274993613935908
58,5,user15,user23,0.0,0.22293270038378657
58,5,user15,user7,0.2,0.255239899659012
58,5,user15,user20,0.2,0.22625421149231895
58,5,user15,user9,0.2,0.26506954928403303
58,5,user29,user16,0.6,0.30461238173512717
58,5,user29,user21,0.0,0.19899936377509675
58,5,user29,user35,0.6,0.2735682669358425
58,5,user29,user12,0.6,0.2999219561497387
58,5,user29,user15,0.6,0.3132448520307713
58,5,user29,user23,0.4,0.288363387332829
58,5,user29,user7,0.6,0.33301660253099674
58,5,user29,user20,0.6,0.30584431930662326
58,5,user29,user9,0.6,0.3460443636438021
58,5,user23,user16,0.0,0.22352924316440426
58,5,user23,user21,0.0,0.12288874581423645
58,5,user23,user35,0.0,0.19208129402854776
58,5,user23,user12,0.0,0.2125004306083525
58,5,user23,user15,0.0,0.22236502178227088
58,5,user23,user29,0.0,0.22403543454045877
58,5,user23,user7,0.0,0.23948998204696076
58,5,user23,user20,0.0,0.21258764085253556
58,5,user23,user9,0.0,0.25469117808126124
58,5,user7,user16,0.6,0.29519336757967884
58,5,user7,user21,0.0,0.16268118092277417
58,5,user7,user35,0.4,0.23579267178577287
58,5,user7,user12,0.4,0.2721693703833921
58,5,user7,user15,0.4,0.2721275036571481
58,5,user7,user29,0.4,0.2896289209019487
58,5,user7,user23,0.4,0.26503791133596005
58,5,user7,user20,0.4,0.2785532199591329
58,5,user7,user9,0.6,0.32494414075890204
58,5,user20,user16,0.8,0.3604669776387599
58,5,user20,user21,0.2,0.23961392572108897
58,5,user20,user35,0.6,0.3264945130070114
58,5,user20,user12,0.8,0.3557624999151569
58,5,user20,user15,0.8,0.353456999831773
58,5,user20,user29,1.0,0.38032897209070116
58,5,user20,user23,0.8,0.3306675362539474
58,5,user20,user7,1.0,0.38812454317926576
58,5,user20,user9,1.0,0.4099473915525643
58,5,user9,user16,1.0,0.45627265218596885
58,5,user9,user21,0.0,0.25741084619860294
58,5,user9,user35,1.0,0.4004005356965189
58,5,user9,user12,1.0,0.4131711072842547
58,5,user9,user15,1.0,0.4553569178846512
58,5,user9,user29,1.0,0.47834325131157207
58,5,user9,user23,1.0,0.44265388589334353
58,5,user9,user7,1.0,0.5218129759957358
58,5,user9,user20,1.0,0.47627886802832176
59,1,user23,user9,0.0,0.12086330935251799
59,1,user23,user21,0.0,0.02158273381294964
59,1,user23,user29,0.0,0.07625899280575539
59,1,user23,user16,0.0,0.09928057553956834
59,1,user23,user7,0.0,0.11798561151079137
59,1,user23,user12,0.0,0.09352517985611511
59,1,user23,user35,0.0,0.06474820143884892
59,1,user23,user15,0.0,0.07338129496402877
59,1,user23,user20,0.0,0.09352517985611511
59,1,user9,user23,0.0,0.1564327485380117
59,1,user9,user21,0.0,0.05847953216374269
59,1,user9,user29,0.0,0.16812865497076024
59,1,user9,user16,0.0,0.24853801169590642
59,1,user9,user7,1.0,0.30409356725146197
59,1,user9,user12,0.0,0.19736842105263158
59,1,user9,user35,0.0,0.1739766081871345
59,1,user9,user15,0.0,0.1154970760233918
59,1,user9,user20,0.0,0.23830409356725146
59,1,user21,user23,0.0,0.03153988868274583
59,1,user21,user9,0.0,0.05009276437847866
59,1,user21,user29,0.0,0.04081632653061224
59,1,user21,user16,0.0,0.04823747680890538
59,1,user21,user7,0.0,0.05009276437847866
59,1,user21,user12,0.0,0.061224489795918366
59,1,user21,user35,0.0,0.03525046382189239
59,1,user21,user15,0.0,0.02411873840445269
59,1,user21,user20,0.0,0.04638218923933209
59,1,user29,user23,0.0,0.1359026369168357
59,1,user29,user9,0.0,0.2332657200811359
59,1,user29,user21,0.0,0.060851926977687626
59,1,user29,user16,0.0,0.21095334685598377
59,1,user29,user7,0.0,0.28600405679513186
59,1,user29,user12,0.0,0.17849898580121704
59,1,user29,user35,0.0,0.1744421906693712
59,1,user29,user15,0.0,0.1257606490872211
59,1,user29,user20,0.0,0.21906693711967545
59,1,user16,user23,0.0,0.059496567505720827
59,1,user16,user9,0.0,0.10678871090770405
59,1,user16,user21,0.0,0.028985507246376812
59,1,user16,user29,0.0,0.07398932112890923
59,1,user16,user7,0.0,0.11060259344012205
59,1,user16,user12,0.0,0.08848207475209764
59,1,user16,user35,0.0,0.08085430968726164
59,1,user16,user15,0.0,0.04424103737604882
59,1,user16,user20,0.0,0.08466819221967964
59,1,user7,user23,0.0,0.11728395061728394
59,1,user7,user9,0.0,0.2345679012345679
59,1,user7,user21,0.0,0.04938271604938271
59,1,user7,user29,0.0,0.17078189300411523
59,1,user7,user16,0.0,0.18209876543209877
59,1,user7,user12,0.0,0.16872427983539096
59,1,user7,user35,0.0,0.14814814814814814
59,1,user7,user15,0.0,0.0874485596707819
59,1,user7,user20,0.0,0.1728395061728395
59,1,user12,user23,0.0,0.07489711934156379
59,1,user12,user9,0.0,0.11604938271604938
59,1,user12,user21,0.0,0.050205761316872426
59,1,user12,user29,0.0,0.08559670781893004
59,1,user12,user16,0.0,0.11934156378600823
59,1,user12,user7,0.0,0.12263374485596708
59,1,user12,user35,0.0,0.09218106995884774
59,1,user12,user15,0.0,0.08477366255144032
59,1,user12,user20,0.0,0.09958847736625515
59,1,user35,user23,0.0,0.04773561811505508
59,1,user35,user9,0.0,0.09914320685434516
59,1,user35,user21,0.0,0.02447980416156671
59,1,user35,user29,0.0,0.07588739290085679
59,1,user35,user16,0.0,0.10526315789473684
59,1,user35,user7,0.0,0.11260709914320685
59,1,user35,user12,0.0,0.08935128518971848
59,1,user35,user15,0.0,0.0587515299877601
59,1,user35,user20,0.0,0.07343941248470012
59,1,user15,user23,0.0,0.06976744186046512
59,1,user15,user9,0.0,0.10132890365448505
59,1,user15,user21,0.0,0.02823920265780731
59,1,user15,user29,0.0,0.07807308970099668
59,1,user15,user16,0.0,0.08305647840531562
59,1,user15,user7,0.0,0.0946843853820598
59,1,user15,user12,0.0,0.10132890365448505
59,1,user15,user35,0.0,0.0681063122923588
59,1,user15,user20,0.0,0.07142857142857142
59,1,user20,user23,0.0,0.18241042345276873
59,1,user20,user9,0.0,0.2719869706840391
59,1,user20,user21,0.0,0.10749185667752444
59,1,user20,user29,0.0,0.21661237785016288
59,1,user20,user16,0.0,0.2703583061889251
59,1,user20,user7,0.0,0.2996742671009772
59,1,user20,user12,0.0,0.24267100977198697
59,1,user20,user35,0.0,0.18241042345276873
59,1,user20,user15,0.0,0.13192182410423453
59,2,user23,user9,0.0,0.183681928629282
59,2,user23,user21,0.0,0.04907808852255943
59,2,user23,user29,0.0,0.10935728238601172
59,2,user23,user16,0.0,0.12081090094811568
59,2,user23,user7,0.0,0.18167135166039355
59,2,user23,user12,0.0,0.12798132355043118
59,2,user23,user35,0.0,0.11471246843584734
59,2,user23,user15,0.0,0.12412215922626138
59,2,user23,user20,0.0,0.13788174758206678
59,2,user9,user23,0.0,0.2668157701096007
59,2,user9,user21,0.0,0.11477092289221952
59,2,user9,user29,0.0,0.2230316409124356
59,2,user9,user16,0.5,0.31487355253475857
59,2,user9,user7,1.0,0.4228593005693041
59,2,user9,user12,0.0,0.2812729948491538
59,2,user9,user35,0.0,0.2519896595794121
59,2,user9,user15,0.0,0.2716325858797103
59,2,user9,user20,1.0,0.35625847178653036
59,2,user21,user23,0.0,0.04865675083592759
59,2,user21,user9,0.0,0.07758141777512237
59,2,user21,user29,0.0,0.053308945560761545
59,2,user21,user16,0.0,0.06826305252455374
59,2,user21,user7,0.0,0.0785370131617105
59,2,user21,user12,0.0,0.0709900806753107
59,2,user21,user35,0.0,0.04016819876384041
59,2,user21,user15,0.0,0.04765922804663725
59,2,user21,user20,0.0,0.06261333501042944
59,2,user29,user23,0.0,0.16509071868311753
59,2,user29,user9,0.5,0.2548231633851363
59,2,user29,user21,0.0,0.09253610700178438
59,2,user29,user16,0.0,0.2027965451153238
59,2,user29,user7,0.5,0.2639509524317894
59,2,user29,user12,0.0,0.2082869445418821
59,2,user29,user35,0.0,0.17296537489769048
59,2,user29,user15,0.0,0.16771390952025095
59,2,user29,user20,0.5,0.22660098522167488
59,2,user16,user23,0.0,0.08413742690058479
59,2,user16,user9,0.0,0.13932986905669972
59,2,user16,user21,0.0,0.05267051233155352
59,2,user16,user29,0.0,0.09284658657513348
59,2,user16,user7,0.0,0.15641209000762776
59,2,user16,user12,0.0,0.12969822654462243
59,2,user16,user35,0.0,0.09533991228070175
59,2,user16,user15,0.0,0.09041603101957793
59,2,user16,user20,0.0,0.131639333841851
59,2,user7,user23,0.0,0.17640160660865867
59,2,user7,user9,0.5,0.280845215859566
59,2,user7,user21,0.0,0.08915691008761939
59,2,user7,user29,0.0,0.16769091764991723
59,2,user7,user16,0.0,0.22375859869709808
59,2,user7,user12,0.0,0.21151428180948476
59,2,user7,user35,0.0,0.17013955324738433
59,2,user7,user15,0.0,0.15428340394515055
59,2,user7,user20,0.0,0.2345500584635476
59,2,user12,user23,0.0,0.10582253511546441
59,2,user12,user9,0.0,0.15969969050777133
59,2,user12,user21,0.0,0.07208533142876578
59,2,user12,user29,0.0,0.09703771723973745
59,2,user12,user16,0.0,0.15337550590075844
59,2,user12,user7,0.0,0.16589803761520933
59,2,user12,user35,0.0,0.11353263272455191
59,2,user12,user15,0.0,0.1311107710097609
59,2,user12,user20,0.0,0.1383421759684386
59,2,user35,user23,0.0,0.07763255208445966
59,2,user35,user9,0.0,0.13163877727847434
59,2,user35,user21,0.0,0.03256332959937027
59,2,user35,user29,0.0,0.07414511708641314
59,2,user35,user16,0.0,0.11038041731001841
59,2,user35,user7,0.0,0.13505701141670018
59,2,user35,user12,0.0,0.10312874387464264
59,2,user35,user15,0.0,0.09050751622255573
59,2,user35,user20,0.0,0.09938757239058696
59,2,user15,user23,0.0,0.13188897528333451
59,2,user15,user9,0.0,0.18977521736057112
59,2,user15,user21,0.0,0.04664121957541057
59,2,user15,user29,0.0,0.10810497710547191
59,2,user15,user16,0.0,0.16182268718142048
59,2,user15,user7,0.0,0.17202901282564814
59,2,user15,user12,0.0,0.16869104560841325
59,2,user15,user35,0.0,0.13069123410538552
59,2,user15,user20,0.0,0.14195196468823384
59,2,user20,user23,0.0,0.24808558135541375
59,2,user20,user9,1.0,0.37939296695984415
59,2,user20,user21,0.0,0.16700653075680577
59,2,user20,user29,0.0,0.26058229451191045
59,2,user20,user16,1.0,0.3292867147127164
59,2,user20,user7,1.0,0.3867313481692952
59,2,user20,user12,1.0,0.33415392623518236
59,2,user20,user35,0.0,0.25900997590542474
59,2,user20,user15,0.0,0.23521591207894865
59,3,user23,user9,0.0,0.21448907594231603
59,3,user23,user21,0.0,0.0989381868275263
59,3,user23,user29,0.0,0.16728244191797645
59,3,user23,user16,0.0,0.16188000271318503
59,3,user23,user7,0.0,0.20563473217217523
59,3,user23,user12,0.0,0.1617775359461147
59,3,user23,user35,0.0,0.14606162937447278
59,3,user23,user15,0.0,0.14834240672078292
59,3,user23,user20,0.0,0.16400388137840285
59,3,user9,user23,1.0,0.3409755811712691
59,3,user9,user21,0.0,0.19816782736665225
59,3,user9,user29,1.0,0.3947690527534176
59,3,user9,user16,1.0,0.36630274247911054
59,3,user9,user7,1.0,0.4817816987462957
59,3,user9,user12,1.0,0.34157431032399915
59,3,user9,user35,1.0,0.33008400060384324
59,3,user9,user15,1.0,0.3310651496330927
59,3,user9,user20,1.0,0.42626410125289776
59,3,user21,user23,0.0,0.08596649318696441
59,3,user21,user9,0.0,0.10881642333135892
59,3,user21,user29,0.0,0.10169235575017116
59,3,user21,user16,0.0,0.09620134111864198
59,3,user21,user7,0.0,0.11178713520045458
59,3,user21,user12,0.0,0.09861152614075343
59,3,user21,user35,0.0,0.07521432707753738
59,3,user21,user15,0.0,0.08961747731635357
59,3,user21,user20,0.0,0.10353294964610561
59,3,user29,user23,0.0,0.21213895517067383
59,3,user29,user9,0.6666666666666666,0.3054617585610711
59,3,user29,user21,0.0,0.1612869839442913
59,3,user29,user16,0.0,0.23462958890757454
59,3,user29,user7,0.6666666666666666,0.3122871019378432
59,3,user29,user12,0.3333333333333333,0.2514205366846743
59,3,user29,user35,0.0,0.22681851607915218
59,3,user29,user15,0.0,0.22106001437426717
59,3,user29,user20,0.3333333333333333,0.2769970376018138
59,3,user16,user23,0.0,0.10918418313664448
59,3,user16,user9,0.0,0.16016194272354622
59,3,user16,user21,0.0,0.08499389675437563
59,3,user16,user29,0.0,0.13928884268819805
59,3,user16,user7,0.0,0.16556675172968358
59,3,user16,user12,0.0,0.1432548024946306
59,3,user16,user35,0.0,0.11914525104442501
59,3,user16,user15,0.0,0.11381462670461945
59,3,user16,user20,0.0,0.14518976649530035
59,3,user7,user23,0.0,0.23501994552877478
59,3,user7,user9,0.6666666666666666,0.3347376229342176
59,3,user7,user21,0.0,0.15894914799661894
59,3,user7,user29,0.6666666666666666,0.2830500706941023
59,3,user7,user16,0.3333333333333333,0.275360206043829
59,3,user7,user12,0.3333333333333333,0.26434238252252984
59,3,user7,user35,0.0,0.2411334599875221
59,3,user7,user15,0.0,0.2225575052381309
59,3,user7,user20,0.6666666666666666,0.2882392020721278
59,3,user12,user23,0.0,0.12403544827787254
59,3,user12,user9,0.0,0.17335751291980248
59,3,user12,user21,0.0,0.10013879374148733
59,3,user12,user29,0.0,0.1671930139943608
59,3,user12,user16,0.0,0.1620584553244486
59,3,user12,user7,0.0,0.1764650675425086
59,3,user12,user35,0.0,0.13754613636768517
59,3,user12,user15,0.0,0.15390638791312192
59,3,user12,user20,0.0,0.14881701413687945
59,3,user35,user23,0.0,0.11873633333847165
59,3,user35,user9,0.0,0.17637951021581125
59,3,user35,user21,0.0,0.08148777111650851
59,3,user35,user29,0.0,0.1531303957388789
59,3,user35,user16,0.0,0.15171852379694997
59,3,user35,user7,0.0,0.18041294496188512
59,3,user35,user12,0.0,0.14365568032781098
59,3,user35,user15,0.0,0.14106861827666634
59,3,user35,user20,0.0,0.14038155061668214
59,3,user15,user23,0.0,0.16052660581558764
59,3,user15,user9,0.0,0.23377642367363202
59,3,user15,user21,0.0,0.10251087341237537
59,3,user15,user29,0.0,0.20142953249288342
59,3,user15,user16,0.0,0.1970262406871559
59,3,user15,user7,0.0,0.2209837751568929
59,3,user15,user12,0.0,0.20743980321321465
59,3,user15,user35,0.0,0.1772432892079825
59,3,user15,user20,0.0,0.18281724686490772
59,3,user20,user23,0.3333333333333333,0.2757591686903534
59,3,user20,user9,1.0,0.4113545890449264
59,3,user20,user21,0.0,0.24025338689803397
59,3,user20,user29,1.0,0.34770309654800585
59,3,user20,user16,1.0,0.3467067699668
59,3,user20,user7,1.0,0.39839708368785537
59,3,user20,user12,1.0,0.34467942530278967
59,3,user20,user35,0.3333333333333333,0.3132073054633233
59,3,user20,user15,0.3333333333333333,0.2846337857481822
59,4,user23,user9,0.0,0.23891215376495833
59,4,user23,user21,0.0,0.11603259052289772
59,4,user23,user29,0.0,0.19040606389664022
59,4,user23,user16,0.0,0.20664086206486224
59,4,user23,user7,0.0,0.22332636310832182
59,4,user23,user12,0.0,0.19992205727038365
59,4,user23,user35,0.0,0.17414012960592926
59,4,user23,user15,0.0,0.20945411275737374
59,4,user23,user20,0.0,0.18893729543033255
59,4,user9,user23,1.0,0.40417056596381284
59,4,user9,user21,0.0,0.2500901283456419
59,4,user9,user29,1.0,0.4309439120967674
59,4,user9,user16,1.0,0.4398976203586236
59,4,user9,user7,1.0,0.5019731395952545
59,4,user9,user12,1.0,0.38584965122007736
59,4,user9,user35,1.0,0.36318834611671935
59,4,user9,user15,1.0,0.4223616589052787
59,4,user9,user20,1.0,0.4551528634536085
59,4,user21,user23,0.0,0.10185001063638184
59,4,user21,user9,0.0,0.1208516844015267
59,4,user21,user29,0.0,0.11786986973750646
59,4,user21,user16,0.0,0.11828291235497904
59,4,user21,user7,0.0,0.1164287258254552
59,4,user21,user12,0.0,0.1215396450229847
59,4,user21,user35,0.0,0.09095440401411425
59,4,user21,user15,0.0,0.11475890953915846
59,4,user21,user20,0.0,0.11009727265860461
59,4,user29,user23,0.25,0.23879989719126332
59,4,user29,user9,0.5,0.30840478127837595
59,4,user29,user21,0.0,0.18356790553705069
59,4,user29,user16,0.5,0.28233596651830767
59,4,user29,user7,0.5,0.30742770601011804
59,4,user29,user12,0.5,0.27278372104432197
59,4,user29,user35,0.25,0.22979605559778588
59,4,user29,user15,0.5,0.2738924249652517
59,4,user29,user20,0.5,0.27677416813119676
59,4,user16,user23,0.0,0.13418939262007254
59,4,user16,user9,0.0,0.17564913459661274
59,4,user16,user21,0.0,0.10352621604155024
59,4,user16,user29,0.0,0.1568564721335378
59,4,user16,user7,0.0,0.17803440409939975
59,4,user16,user12,0.0,0.16684815136792275
59,4,user16,user35,0.0,0.1308427982735205
59,4,user16,user15,0.0,0.1464147542942386
59,4,user16,user20,0.0,0.15488311332663265
59,4,user7,user23,0.25,0.24179232785730598
59,4,user7,user9,0.5,0.3216862506106185
59,4,user7,user21,0.0,0.16128904658306734
59,4,user7,user29,0.5,0.27091266820436627
59,4,user7,user16,0.5,0.28802979625181857
59,4,user7,user12,0.5,0.2707142138859385
59,4,user7,user35,0.0,0.22615059369168886
59,4,user7,user15,0.5,0.259957493363243
59,4,user7,user20,0.5,0.2702318198271363
59,4,user12,user23,0.0,0.16358024124942008
59,4,user12,user9,0.0,0.20386577735324268
59,4,user12,user21,0.0,0.14228989452402338
59,4,user12,user29,0.0,0.1925000068599273
59,4,user12,user16,0.0,0.20242683868645558
59,4,user12,user7,0.0,0.20580791403003157
59,4,user12,user35,0.0,0.16032246302958608
59,4,user12,user15,0.0,0.1937420772559727
59,4,user12,user20,0.0,0.17961660331995813
59,4,user35,user23,0.0,0.13443320895182437
59,4,user35,user9,0.0,0.180536204593732
59,4,user35,user21,0.0,0.09277014944842821
59,4,user35,user29,0.0,0.15142411894170815
59,4,user35,user16,0.0,0.16240510070527137
59,4,user35,user7,0.0,0.1714353273839354
59,4,user35,user12,0.0,0.1478647814385298
59,4,user35,user15,0.0,0.1628945565340106
59,4,user35,user20,0.0,0.14562993511921096
59,4,user15,user23,0.0,0.18610332210434444
59,4,user15,user9,0.0,0.23699944186140331
59,4,user15,user21,0.0,0.12424089641482869
59,4,user15,user29,0.0,0.20631412164515772
59,4,user15,user16,0.0,0.22246533417931771
59,4,user15,user7,0.0,0.22930271400631771
59,4,user15,user12,0.0,0.22192915854721895
59,4,user15,user35,0.0,0.18274069436142165
59,4,user15,user20,0.0,0.19337465456421485
59,4,user20,user23,0.5,0.3126413233586875
59,4,user20,user9,1.0,0.404431652043831
59,4,user20,user21,0.0,0.24590079452845853
59,4,user20,user29,0.75,0.3504712837847275
59,4,user20,user16,0.75,0.3618485588758325
59,4,user20,user7,1.0,0.38242806313194455
59,4,user20,user12,0.75,0.3527003659129344
59,4,user20,user35,0.75,0.3132423383683407
59,4,user20,user15,0.75,0.34385012782762214
59,5,user23,user9,0.0,0.25648212174402596
59,5,user23,user21,0.0,0.12811095575410694
59,5,user23,user29,0.0,0.202420248657748
59,5,user23,user16,0.0,0.2315970496394799
59,5,user23,user7,0.0,0.24202110787477532
59,5,user23,user12,0.0,0.21811624348225633
59,5,user23,user35,0.0,0.1932110953530511
59,5,user23,user15,0.0,0.22593258881383482
59,5,user23,user20,0.0,0.21810787276708138
59,5,user9,user23,1.0,0.4334378757063055
59,5,user9,user21,0.0,0.27029129776967065
59,5,user9,user29,1.0,0.4448383813892532
59,5,user9,user16,1.0,0.46090894431042206
59,5,user9,user7,1.0,0.517075948776273
59,5,user9,user12,1.0,0.41990536990672983
59,5,user9,user35,1.0,0.4042170938456297
59,5,user9,user15,1.0,0.4462940661393947
59,5,user9,user20,1.0,0.4872711736906258
59,5,user21,user23,0.0,0.105714065162914
59,5,user21,user9,0.0,0.12954660857067704
59,5,user21,user29,0.0,0.1217818729562894
59,5,user21,user16,0.0,0.12155616693970221
59,5,user21,user7,0.0,0.1174134063095803
59,5,user21,user12,0.0,0.1291325111223387
59,5,user21,user35,0.0,0.10199600952323895
59,5,user21,user15,0.0,0.1186086699780394
59,5,user21,user20,0.0,0.12426893671140844
59,5,user29,user23,0.2,0.2512632788441205
59,5,user29,user9,0.4,0.3138168023191872
59,5,user29,user21,0.0,0.19063680553974469
59,5,user29,user16,0.4,0.2900929492519899
59,5,user29,user7,0.4,0.31051705198266577
59,5,user29,user12,0.4,0.278111545354142
59,5,user29,user35,0.4,0.2522083260637066
59,5,user29,user15,0.4,0.2750599663686958
59,5,user29,user20,0.4,0.29091002164192475
59,5,user16,user23,0.0,0.15519272099802453
59,5,user16,user9,0.0,0.19056127228079137
59,5,user16,user21,0.0,0.1111723631360955
59,5,user16,user29,0.0,0.16958136870271975
59,5,user16,user7,0.0,0.1958255453016307
59,5,user16,user12,0.0,0.18225225859644642
59,5,user16,user35,0.0,0.14769863237857622
59,5,user16,user15,0.0,0.1648259553224589
59,5,user16,user20,0.0,0.17770252734924924
59,5,user7,user23,0.4,0.2533823371276557
59,5,user7,user9,0.6,0.32423299580687115
59,5,user7,user21,0.0,0.16802923297477085
59,5,user7,user29,0.4,0.269921089043096
59,5,user7,user16,0.4,0.3017937553430724
59,5,user7,user12,0.4,0.27489925782001673
59,5,user7,user35,0.4,0.23579267178577287
59,5,user7,user15,0.4,0.26273112611644417
59,5,user7,user20,0.4,0.2856398651174462
59,5,user12,user23,0.0,0.1750425025148364
59,5,user12,user9,0.0,0.21036972605168272
59,5,user12,user21,0.0,0.14635832133815133
59,5,user12,user29,0.0,0.19665041522208188
59,5,user12,user16,0.0,0.2161252277685588
59,5,user12,user7,0.0,0.2094753363450344
59,5,user12,user35,0.0,0.17227202617679144
59,5,user12,user15,0.0,0.20757954417742094
59,5,user12,user20,0.0,0.19590988621950184
59,5,user35,user23,0.0,0.1672633896398598
59,5,user35,user9,0.0,0.20722300348848427
59,5,user35,user21,0.0,0.11590560075093945
59,5,user35,user29,0.0,0.17396611728697212
59,5,user35,user16,0.0,0.18979085728174236
59,5,user35,user7,0.0,0.19447700507899263
59,5,user35,user12,0.0,0.17664751524575661
59,5,user35,user15,0.0,0.18344770260419802
59,5,user35,user20,0.0,0.18149774100257057
59,5,user15,user23,0.0,0.20941749738709642
59,5,user15,user9,0.0,0.25572678086026746
59,5,user15,user21,0.0,0.13965168655023114
59,5,user15,user29,0.0,0.22173424560697708
59,5,user15,user16,0.2,0.2523185203327727
59,5,user15,user7,0.0,0.2457070492280457
59,5,user15,user12,0.0,0.24632868119258794
59,5,user15,user35,0.0,0.20894612669142662
59,5,user15,user20,0.0,0.22288948010831802
59,5,user20,user23,0.6,0.3125792029203893
59,5,user20,user9,0.8,0.38146210742299985
59,5,user20,user21,0.2,0.2441988668076102
59,5,user20,user29,0.8,0.3362000850374316
59,5,user20,user16,0.6,0.3535663996257771
59,5,user20,user7,0.8,0.36547813624904574
59,5,user20,user12,0.6,0.3463252297811006
59,5,user20,user35,0.6,0.3118391778154704
59,5,user20,user15,0.8,0.3353980579961648
60,1,user29,user12,0.0,0.20970266040688576
60,1,user29,user23,0.0,0.14241001564945227
60,1,user29,user7,0.0,0.2519561815336463
60,1,user29,user20,0.0,0.21752738654147105
60,1,user29,user15,0.0,0.1267605633802817
60,1,user29,user35,0.0,0.162754303599374
60,1,user29,user16,0.0,0.19248826291079812
60,1,user29,user9,0.0,0.2300469483568075
60,1,user29,user21,0.0,0.07668231611893583
60,1,user12,user29,0.0,0.09796999117387467
60,1,user12,user23,0.0,0.05648720211827008
60,1,user12,user7,0.0,0.11915269196822595
60,1,user12,user20,0.0,0.08473080317740513
60,1,user12,user15,0.0,0.088261253309797
60,1,user12,user35,0.0,0.09355692850838482
60,1,user12,user16,0.0,0.09443954104148279
60,1,user12,user9,0.0,0.10238305383936452
60,1,user12,user21,0.0,0.03353927625772286
60,1,user23,user29,0.0,0.09190031152647975
60,1,user23,user12,0.0,0.07476635514018691
60,1,user23,user7,0.0,0.1261682242990654
60,1,user23,user20,0.0,0.09345794392523364
60,1,user23,user15,0.0,0.0778816199376947
60,1,user23,user35,0.0,0.07476635514018691
60,1,user23,user16,0.0,0.1043613707165109
60,1,user23,user9,0.0,0.1292834890965732
60,1,user23,user21,0.0,0.0264797507788162
60,1,user7,user29,0.0,0.19408866995073892
60,1,user7,user12,0.0,0.20295566502463055
60,1,user7,user23,0.0,0.14187192118226602
60,1,user7,user20,0.0,0.1980295566502463
60,1,user7,user15,0.0,0.13694581280788176
60,1,user7,user35,0.0,0.1684729064039409
60,1,user7,user16,0.0,0.22266009852216748
60,1,user7,user9,0.0,0.24729064039408866
60,1,user7,user21,0.0,0.061083743842364535
60,1,user20,user29,0.0,0.24382207578253706
60,1,user20,user12,0.0,0.2042833607907743
60,1,user20,user23,0.0,0.1630971993410214
60,1,user20,user7,1.0,0.31466227347611203
60,1,user20,user15,0.0,0.11202635914332784
60,1,user20,user35,0.0,0.20593080724876442
60,1,user20,user16,0.0,0.26359143327841844
60,1,user20,user9,1.0,0.3311367380560132
60,1,user20,user21,0.0,0.09225700164744646
60,1,user15,user29,0.0,0.09701492537313433
60,1,user15,user12,0.0,0.13134328358208955
60,1,user15,user23,0.0,0.0791044776119403
60,1,user15,user7,0.0,0.16417910447761194
60,1,user15,user20,0.0,0.0880597014925373
60,1,user15,user35,0.0,0.10298507462686567
60,1,user15,user16,0.0,0.1208955223880597
60,1,user15,user9,0.0,0.11940298507462686
60,1,user15,user21,0.0,0.03134328358208955
60,1,user35,user29,0.0,0.10164835164835165
60,1,user35,user12,0.0,0.11675824175824176
60,1,user35,user23,0.0,0.07005494505494506
60,1,user35,user7,0.0,0.15796703296703296
60,1,user35,user20,0.0,0.1043956043956044
60,1,user35,user15,0.0,0.08104395604395605
60,1,user35,user16,0.0,0.12087912087912088
60,1,user35,user9,0.0,0.14148351648351648
60,1,user35,user21,0.0,0.03983516483516483
60,1,user16,user29,0.0,0.08619374523264683
60,1,user16,user12,0.0,0.07246376811594203
60,1,user16,user23,0.0,0.06178489702517163
60,1,user16,user7,0.0,0.11746758199847444
60,1,user16,user20,0.0,0.09077040427154844
60,1,user16,user15,0.0,0.05263157894736842
60,1,user16,user35,0.0,0.06483600305110603
60,1,user16,user9,0.0,0.12433257055682685
60,1,user16,user21,0.0,0.02822273073989321
60,1,user9,user29,0.0,0.20081967213114754
60,1,user9,user12,0.0,0.17076502732240437
60,1,user9,user23,0.0,0.15027322404371585
60,1,user9,user7,1.0,0.3046448087431694
60,1,user9,user20,0.0,0.2814207650273224
60,1,user9,user15,0.0,0.12978142076502733
60,1,user9,user35,0.0,0.19398907103825136
60,1,user9,user16,0.0,0.23497267759562843
60,1,user9,user21,0.0,0.056010928961748634
60,1,user21,user29,0.0,0.04143126177024482
60,1,user21,user12,0.0,0.035781544256120526
60,1,user21,user23,0.0,0.030131826741996232
60,1,user21,user7,0.0,0.05084745762711865
60,1,user21,user20,0.0,0.05084745762711865
60,1,user21,user15,0.0,0.032015065913371
60,1,user21,user35,0.0,0.03766478342749529
60,1,user21,user16,0.0,0.05273069679849341
60,1,user21,user9,0.0,0.05649717514124294
60,2,user29,user12,0.0,0.2595897431680959
60,2,user29,user23,0.0,0.21441051445861392
60,2,user29,user7,0.5,0.3203163327111922
60,2,user29,user20,0.0,0.24485294722215373
60,2,user29,user15,0.0,0.27419635540426834
60,2,user29,user35,0.0,0.2264552483220005
60,2,user29,user16,0.0,0.23865825816937036
60,2,user29,user9,0.5,0.30836478297690406
60,2,user29,user21,0.0,0.11911466855227493
60,2,user12,user29,0.0,0.1727881195003878
60,2,user12,user23,0.0,0.0943960790606863
60,2,user12,user7,0.0,0.16924763968011983
60,2,user12,user20,0.0,0.12166680039583835
60,2,user12,user15,0.0,0.14556086014603226
60,2,user12,user35,0.0,0.12094800609805023
60,2,user12,user16,0.0,0.12151635507769665
60,2,user12,user9,0.0,0.14558091952178448
60,2,user12,user21,0.0,0.06076319238278638
60,2,user23,user29,0.0,0.18146314291019372
60,2,user23,user12,0.0,0.11844298652802707
60,2,user23,user7,0.0,0.1946658826927441
60,2,user23,user20,0.0,0.13211198448556868
60,2,user23,user15,0.0,0.1611716283963607
60,2,user23,user35,0.0,0.13737286212374408
60,2,user23,user16,0.0,0.1357729363949578
60,2,user23,user9,0.0,0.19007241443337253
60,2,user23,user21,0.0,0.04576447772895133
60,2,user7,user29,0.5,0.29028346128352667
60,2,user7,user12,0.0,0.26537160532629633
60,2,user7,user23,0.0,0.2085875481174673
60,2,user7,user20,0.0,0.23742877681274877
60,2,user7,user15,0.0,0.238993430818207
60,2,user7,user35,0.0,0.21136645827433725
60,2,user7,user16,0.0,0.2520941406383714
60,2,user7,user9,0.5,0.3110253960647147
60,2,user7,user21,0.0,0.1051906182997302
60,2,user20,user29,0.5,0.3136619202160499
60,2,user20,user12,0.0,0.2550174484058727
60,2,user20,user23,0.0,0.21634537608990634
60,2,user20,user7,0.5,0.34467452202592996
60,2,user20,user15,0.5,0.2896385852429736
60,2,user20,user35,0.5,0.24804633979656182
60,2,user20,user16,0.5,0.2710676707616221
60,2,user20,user9,0.5,0.33912965964878683
60,2,user20,user21,0.0,0.126528179918321
60,2,user15,user29,0.0,0.18125250389969058
60,2,user15,user12,0.0,0.1599657338663621
60,2,user15,user23,0.0,0.1257669391477791
60,2,user15,user7,0.0,0.208098996735341
60,2,user15,user20,0.0,0.12697392534756258
60,2,user15,user35,0.0,0.13279533230478108
60,2,user15,user16,0.0,0.14119863276422
60,2,user15,user9,0.0,0.16733252640282312
60,2,user15,user21,0.0,0.05069597756505877
60,2,user35,user29,0.0,0.19716733720137652
60,2,user35,user12,0.0,0.1687108277501621
60,2,user35,user23,0.0,0.14281142458146998
60,2,user35,user7,0.0,0.2190154777144187
60,2,user35,user20,0.0,0.16089611976525744
60,2,user35,user15,0.0,0.17696193745739888
60,2,user35,user16,0.0,0.15703500357433792
60,2,user35,user9,0.0,0.21201746438130703
60,2,user35,user21,0.0,0.05380833236355173
60,2,user16,user29,0.0,0.13365332737995572
60,2,user16,user12,0.0,0.10812822087030939
60,2,user16,user23,0.0,0.08167289910885378
60,2,user16,user7,0.0,0.14509497497720975
60,2,user16,user20,0.0,0.10638871834942606
60,2,user16,user15,0.0,0.11228628304589683
60,2,user16,user35,0.0,0.09415638778813418
60,2,user16,user9,0.0,0.1451135792822459
60,2,user16,user21,0.0,0.04926419973581887
60,2,user9,user29,1.0,0.372963632054017
60,2,user9,user12,0.0,0.288511617627275
60,2,user9,user23,0.0,0.25130686295235716
60,2,user9,user7,1.0,0.4261790594430458
60,2,user9,user20,1.0,0.33615606121756064
60,2,user9,user15,1.0,0.30697345915092344
60,2,user9,user35,0.5,0.27746654366780055
60,2,user9,user16,0.5,0.294465371334858
60,2,user9,user21,0.0,0.08680148495506057
60,2,user21,user29,0.0,0.07663979818943499
60,2,user21,user12,0.0,0.06258538340862796
60,2,user21,user23,0.0,0.04959837042161497
60,2,user21,user7,0.0,0.08316125628474297
60,2,user21,user20,0.0,0.06633788595047675
60,2,user21,user15,0.0,0.0654801211701938
60,2,user21,user35,0.0,0.04771513125024021
60,2,user21,user16,0.0,0.06265526241313166
60,2,user21,user9,0.0,0.0692326237120426
60,3,user29,user12,0.3333333333333333,0.2998901646566973
60,3,user29,user23,0.0,0.2625946457006372
60,3,user29,user7,1.0,0.358934927581483
60,3,user29,user20,0.3333333333333333,0.28850185264679234
60,3,user29,user15,0.6666666666666666,0.3016308845469448
60,3,user29,user35,0.0,0.26963468824794395
60,3,user29,user16,0.0,0.2736160404323498
60,3,user29,user9,1.0,0.3469073523339575
60,3,user29,user21,0.0,0.14570792215645575
60,3,user12,user29,0.0,0.21013683519914403
60,3,user12,user23,0.0,0.14361577627289732
60,3,user12,user7,0.0,0.2145684097698329
60,3,user12,user20,0.0,0.1687154252927179
60,3,user12,user15,0.0,0.18159087687118639
60,3,user12,user35,0.0,0.1611698549410342
60,3,user12,user16,0.0,0.17696808575259568
60,3,user12,user9,0.0,0.19028707241714116
60,3,user12,user21,0.0,0.08969324098583391
60,3,user23,user29,0.0,0.23098617424735934
60,3,user23,user12,0.0,0.1726542500091167
60,3,user23,user7,0.0,0.23033338140382523
60,3,user23,user20,0.0,0.17495432322062943
60,3,user23,user15,0.0,0.194126647640854
60,3,user23,user35,0.0,0.1702785063008436
60,3,user23,user16,0.0,0.17107364035889971
60,3,user23,user9,0.0,0.23304498034596044
60,3,user23,user21,0.0,0.062013874778740506
60,3,user7,user29,0.6666666666666666,0.3060401814633396
60,3,user7,user12,0.3333333333333333,0.2817790784855435
60,3,user7,user23,0.0,0.23548849651291479
60,3,user7,user20,0.3333333333333333,0.2670288582835665
60,3,user7,user15,0.0,0.23802625231440444
60,3,user7,user35,0.0,0.23419287289039362
60,3,user7,user16,0.3333333333333333,0.27175472531450934
60,3,user7,user9,0.6666666666666666,0.32608865967731965
60,3,user7,user21,0.0,0.11658893757063192
60,3,user20,user29,0.6666666666666666,0.3645846483530287
60,3,user20,user12,0.6666666666666666,0.33512547385383185
60,3,user20,user23,0.6666666666666666,0.2917165758032978
60,3,user20,user7,0.6666666666666666,0.3885219114279051
60,3,user20,user15,0.6666666666666666,0.31441572951948826
60,3,user20,user35,0.6666666666666666,0.29940693375725547
60,3,user20,user16,0.6666666666666666,0.3148343832179937
60,3,user20,user9,0.6666666666666666,0.37227273182364923
60,3,user20,user21,0.0,0.1690892871573139
60,3,user15,user29,0.0,0.20496227054258753
60,3,user15,user12,0.0,0.18703389801949835
60,3,user15,user23,0.0,0.15622757192368528
60,3,user15,user7,0.0,0.21637926115337844
60,3,user15,user20,0.0,0.15035220141779967
60,3,user15,user35,0.0,0.15827440528922163
60,3,user15,user16,0.0,0.1664200027240654
60,3,user15,user9,0.0,0.1896044867163865
60,3,user15,user21,0.0,0.0631798129252948
60,3,user35,user29,0.0,0.22120998631751598
60,3,user35,user12,0.0,0.18966726560812708
60,3,user35,user23,0.0,0.168275353586036
60,3,user35,user7,0.0,0.2199839646382661
60,3,user35,user20,0.0,0.17111196054189773
60,3,user35,user15,0.0,0.18078545574624547
60,3,user35,user16,0.0,0.18592387469774574
60,3,user35,user9,0.0,0.21571691709686883
60,3,user35,user21,0.0,0.06955394831480173
60,3,user16,user29,0.0,0.16277442641894002
60,3,user16,user12,0.0,0.1455491008952805
60,3,user16,user23,0.0,0.11658214627531478
60,3,user16,user7,0.0,0.17139575181030223
60,3,user16,user20,0.0,0.13314524897728
60,3,user16,user15,0.0,0.12370533416432562
60,3,user16,user35,0.0,0.12728321333556583
60,3,user16,user9,0.0,0.17103641741032208
60,3,user16,user21,0.0,0.06310816697983913
60,3,user9,user29,1.0,0.43585498729983724
60,3,user9,user12,1.0,0.3429910250328158
60,3,user9,user23,1.0,0.3441823151614329
60,3,user9,user7,1.0,0.47098353026788325
60,3,user9,user20,1.0,0.3765702599611906
60,3,user9,user15,1.0,0.34799885214880794
60,3,user9,user35,1.0,0.3281195378749293
60,3,user9,user16,1.0,0.3525881015839711
60,3,user9,user21,0.0,0.11724279056973606
60,3,user21,user29,0.0,0.09397470828928585
60,3,user21,user12,0.0,0.07939063417872969
60,3,user21,user23,0.0,0.0667169313441943
60,3,user21,user7,0.0,0.08555413977298748
60,3,user21,user20,0.0,0.07023849765940429
60,3,user21,user15,0.0,0.0733301306998852
60,3,user21,user35,0.0,0.06424536648788208
60,3,user21,user16,0.0,0.07374808196208706
60,3,user21,user9,0.0,0.07573514274603062
60,4,user29,user12,0.75,0.2935360753615568
60,4,user29,user23,0.5,0.27684985340020074
60,4,user29,user7,0.75,0.3358014670722469
60,4,user29,user20,0.75,0.2870811389860981
60,4,user29,user15,0.75,0.2987703942702067
60,4,user29,user35,0.0,0.267626953445501
60,4,user29,user16,0.75,0.2806789567404877
60,4,user29,user9,0.75,0.3373432099849736
60,4,user29,user21,0.0,0.1479511623001839
60,4,user12,user29,0.0,0.21636158637575925
60,4,user12,user23,0.0,0.1702147706878665
60,4,user12,user7,0.0,0.22019808326242557
60,4,user12,user20,0.0,0.18448320012588765
60,4,user12,user15,0.0,0.2077859556592253
60,4,user12,user35,0.0,0.17331985707182163
60,4,user12,user16,0.0,0.2076492293005544
60,4,user12,user9,0.0,0.21249830026313482
60,4,user12,user21,0.0,0.10652014110683378
60,4,user23,user29,0.0,0.2348027377706544
60,4,user23,user12,0.0,0.19842621033589292
60,4,user23,user7,0.0,0.23807887127566954
60,4,user23,user20,0.0,0.19992944209100394
60,4,user23,user15,0.0,0.216389517922077
60,4,user23,user35,0.0,0.18999306474368316
60,4,user23,user16,0.0,0.19374567872386206
60,4,user23,user9,0.0,0.2547532556623738
60,4,user23,user21,0.0,0.07822450999454125
60,4,user7,user29,0.5,0.28526088429499674
60,4,user7,user12,0.5,0.2690763325940445
60,4,user7,user23,0.25,0.2526260368172109
60,4,user7,user20,0.5,0.2622552367903148
60,4,user7,user15,0.25,0.25052861826343686
60,4,user7,user35,0.25,0.22733147678755478
60,4,user7,user16,0.5,0.273704057677224
60,4,user7,user9,0.75,0.3135718385871202
60,4,user7,user21,0.0,0.1217889068403266
60,4,user20,user29,1.0,0.3615691365726717
60,4,user20,user12,0.75,0.348875214202756
60,4,user20,user23,0.5,0.3206812809326306
60,4,user20,user7,1.0,0.38151547467338687
60,4,user20,user15,0.5,0.3362102229957138
60,4,user20,user35,0.5,0.31100475090157575
60,4,user20,user16,0.5,0.3347568829230036
60,4,user20,user9,1.0,0.38705370863271954
60,4,user20,user21,0.0,0.1755993015347258
60,4,user15,user29,0.0,0.2309004023804402
60,4,user15,user12,0.0,0.22685112790315287
60,4,user15,user23,0.0,0.20538159006360507
60,4,user15,user7,0.25,0.24895231473377144
60,4,user15,user20,0.0,0.2011557041840179
60,4,user15,user35,0.0,0.19876987274928393
60,4,user15,user16,0.0,0.21417307903234473
60,4,user15,user9,0.25,0.24464243452304713
60,4,user15,user21,0.0,0.09536328134580774
60,4,user35,user29,0.0,0.20261392445869855
60,4,user35,user12,0.0,0.18533043038108424
60,4,user35,user23,0.0,0.17836136946235315
60,4,user35,user7,0.0,0.2045059400790185
60,4,user35,user20,0.0,0.1729224564270647
60,4,user35,user15,0.0,0.18322643547929304
60,4,user35,user16,0.0,0.18383875185763923
60,4,user35,user9,0.0,0.21135878836882288
60,4,user35,user21,0.0,0.08083115827704908
60,4,user16,user29,0.0,0.1735722899117501
60,4,user16,user12,0.0,0.16807921470184575
60,4,user16,user23,0.0,0.14260173010957047
60,4,user16,user7,0.0,0.1847571731223605
60,4,user16,user20,0.0,0.15371708853194566
60,4,user16,user15,0.0,0.15616029916105456
60,4,user16,user35,0.0,0.13873860048540929
60,4,user16,user9,0.0,0.19125314251851344
60,4,user16,user21,0.0,0.07457909188224005
60,4,user9,user29,1.0,0.4573044726842366
60,4,user9,user12,1.0,0.39154080063138996
60,4,user9,user23,1.0,0.4101359000146018
60,4,user9,user7,1.0,0.49576026847982724
60,4,user9,user20,1.0,0.42613504044076983
60,4,user9,user15,1.0,0.4154225674441141
60,4,user9,user35,1.0,0.3708725265084554
60,4,user9,user16,1.0,0.4174830659693762
60,4,user9,user21,0.0,0.1670367878889542
60,4,user21,user29,0.0,0.10112337817367242
60,4,user21,user12,0.0,0.09697094414795615
60,4,user21,user23,0.0,0.07900452078891218
60,4,user21,user7,0.0,0.09263520154994268
60,4,user21,user20,0.0,0.08315435081606529
60,4,user21,user15,0.0,0.09018137610010996
60,4,user21,user35,0.0,0.07402927071841332
60,4,user21,user16,0.0,0.08823263259287023
60,4,user21,user9,0.0,0.09322861152872537
60,5,user29,user12,0.6,0.28785082607487755
60,5,user29,user23,0.4,0.2824693243364081
60,5,user29,user7,0.6,0.34308392300287316
60,5,user29,user20,0.6,0.29549161141592695
60,5,user29,user15,0.6,0.29925220420096854
60,5,user29,user35,0.6,0.26594742814666483
60,5,user29,user16,0.6,0.2897272302937146
60,5,user29,user9,0.6,0.3359512969800123
60,5,user29,user21,0.0,0.17252177980710648
60,5,user12,user29,0.0,0.21058484493996565
60,5,user12,user23,0.0,0.17698181694263476
60,5,user12,user7,0.0,0.22102924298819793
60,5,user12,user20,0.0,0.1885952688602145
60,5,user12,user15,0.0,0.21060340948824816
60,5,user12,user35,0.0,0.1734909136202179
60,5,user12,user16,0.0,0.21469482197289436
60,5,user12,user9,0.0,0.21034175298145752
60,5,user12,user21,0.0,0.13124531152787594
60,5,user23,user29,0.0,0.2360323495905913
60,5,user23,user12,0.0,0.21138260641143258
60,5,user23,user7,0.0,0.24987135251108597
60,5,user23,user20,0.0,0.21055432701212426
60,5,user23,user15,0.0,0.23177693114782022
60,5,user23,user35,0.0,0.19588978387764125
60,5,user23,user16,0.0,0.21669812917166803
60,5,user23,user9,0.0,0.2625317930568936
60,5,user23,user21,0.0,0.09971119421111582
60,5,user7,user29,0.6,0.3140200766706833
60,5,user7,user12,0.6,0.29481019132281105
60,5,user7,user23,0.6,0.2840057118707566
60,5,user7,user20,0.6,0.2992044254869747
60,5,user7,user15,0.4,0.2858012541791295
60,5,user7,user35,0.4,0.2516296043526672
60,5,user7,user16,0.6,0.31538824709548346
60,5,user7,user9,0.8,0.3528385074163065
60,5,user7,user21,0.0,0.1550010312139855
60,5,user20,user29,1.0,0.3826439542560503
60,5,user20,user12,0.8,0.36572689918646273
60,5,user20,user23,0.8,0.3376117099126367
60,5,user20,user7,1.0,0.4029911042662727
60,5,user20,user15,1.0,0.36435151509603253
60,5,user20,user35,0.6,0.33082283149013536
60,5,user20,user16,0.8,0.36393777715287323
60,5,user20,user9,1.0,0.40965414230628044
60,5,user20,user21,0.0,0.20967307124216245
60,5,user15,user29,0.2,0.2475038125686928
60,5,user15,user12,0.0,0.2467630256074643
60,5,user15,user23,0.0,0.2231373811231177
60,5,user15,user7,0.2,0.2738103249235518
60,5,user15,user20,0.2,0.22745733621659192
60,5,user15,user35,0.0,0.21403388990284053
60,5,user15,user16,0.2,0.2503787717163698
60,5,user15,user9,0.4,0.26644720406070277
60,5,user15,user21,0.0,0.13196744317984724
60,5,user35,user29,0.0,0.19527818947257003
60,5,user35,user12,0.0,0.17925719161761283
60,5,user35,user23,0.0,0.1720230769175621
60,5,user35,user7,0.0,0.20661895893551135
60,5,user35,user20,0.0,0.17754431884681612
60,5,user35,user15,0.0,0.1852287372764285
60,5,user35,user16,0.0,0.18658387124612488
60,5,user35,user9,0.0,0.2113026479479264
60,5,user35,user21,0.0,0.09928131178296422
60,5,user16,user29,0.0,0.1839116107410405
60,5,user16,user12,0.0,0.18269198461616878
60,5,user16,user23,0.0,0.16083261709657254
60,5,user16,user7,0.0,0.20419497048976926
60,5,user16,user20,0.0,0.17303237235645516
60,5,user16,user15,0.0,0.1742021768404325
60,5,user16,user35,0.0,0.14896791956664288
60,5,user16,user9,0.0,0.2011150606060846
60,5,user16,user21,0.0,0.09397995452936041
60,5,user9,user29,1.0,0.481165214600472
60,5,user9,user12,1.0,0.41243344608589494
60,5,user9,user23,1.0,0.43970096520946855
60,5,user9,user7,1.0,0.5300114841419991
60,5,user9,user20,1.0,0.4755736514336456
60,5,user9,user15,1.0,0.45690851634603186
60,5,user9,user35,1.0,0.4000486495013676
60,5,user9,user16,1.0,0.453387588393094
60,5,user9,user21,0.0,0.2160263258425621
60,5,user21,user29,0.0,0.11518712396126658
60,5,user21,user12,0.0,0.1103518675065889
60,5,user21,user23,0.0,0.09096759297369672
60,5,user21,user7,0.0,0.1067161308272672
60,5,user21,user20,0.0,0.09712313576901095
60,5,user21,user15,0.0,0.10484987976517886
60,5,user21,user35,0.0,0.0874609205197167
60,5,user21,user16,0.0,0.1043613657209185
60,5,user21,user9,0.0,0.11219483680037101
61,1,user15,user12,0.0,0.07252998286693318
61,1,user15,user9,0.0,0.11878926327812679
61,1,user15,user21,0.0,0.026270702455739578
61,1,user15,user23,0.0,0.0845231296402056
61,1,user15,user7,0.0,0.08966304968589378
61,1,user15,user29,0.0,0.08794974300399772
61,1,user15,user20,0.0,0.058823529411764705
61,1,user15,user16,0.0,0.07538549400342662
61,1,user15,user35,0.0,0.05539691604797259
61,1,user12,user15,0.0,0.08601216333622937
61,1,user12,user9,0.0,0.08688097306689835
61,1,user12,user21,0.0,0.029539530842745437
61,1,user12,user23,0.0,0.07993049522154648
61,1,user12,user7,0.0,0.07471763683753258
61,1,user12,user29,0.0,0.08688097306689835
61,1,user12,user20,0.0,0.06429192006950478
61,1,user12,user16,0.0,0.09035621198957429
61,1,user12,user35,0.0,0.03127715030408341
61,1,user9,user15,0.0,0.2867756315007429
61,1,user9,user12,0.0,0.14710252600297177
61,1,user9,user21,0.0,0.05646359583952452
61,1,user9,user23,0.0,0.21099554234769688
61,1,user9,user7,0.0,0.23179791976225855
61,1,user9,user29,0.0,0.2050520059435364
61,1,user9,user20,0.0,0.20802377414561665
61,1,user9,user16,0.0,0.20950965824665677
61,1,user9,user35,0.0,0.12481426448736999
61,1,user21,user15,0.0,0.057947019867549666
61,1,user21,user12,0.0,0.03642384105960265
61,1,user21,user9,0.0,0.0380794701986755
61,1,user21,user23,0.0,0.0347682119205298
61,1,user21,user7,0.0,0.029801324503311258
61,1,user21,user29,0.0,0.057947019867549666
61,1,user21,user20,0.0,0.028145695364238412
61,1,user21,user16,0.0,0.04304635761589404
61,1,user21,user35,0.0,0.016556291390728478
61,1,user23,user15,0.0,0.124
61,1,user23,user12,0.0,0.081
61,1,user23,user9,0.0,0.118
61,1,user23,user21,0.0,0.024
61,1,user23,user7,0.0,0.1
61,1,user23,user29,0.0,0.099
61,1,user23,user20,0.0,0.064
61,1,user23,user16,0.0,0.094
61,1,user23,user35,0.0,0.052
61,1,user7,user15,0.0,0.12217194570135746
61,1,user7,user12,0.0,0.09683257918552036
61,1,user7,user9,0.0,0.1411764705882353
61,1,user7,user21,0.0,0.028054298642533938
61,1,user7,user23,0.0,0.10407239819004525
61,1,user7,user29,0.0,0.11312217194570136
61,1,user7,user20,0.0,0.10135746606334842
61,1,user7,user16,0.0,0.11040723981900452
61,1,user7,user35,0.0,0.04072398190045249
61,1,user29,user15,0.0,0.24256651017214398
61,1,user29,user12,0.0,0.16118935837245696
61,1,user29,user9,0.0,0.2347417840375587
61,1,user29,user21,0.0,0.09702660406885759
61,1,user29,user23,0.0,0.2081377151799687
61,1,user29,user7,0.0,0.19092331768388107
61,1,user29,user20,0.0,0.17683881064162754
61,1,user29,user16,0.0,0.1752738654147105
61,1,user29,user35,0.0,0.107981220657277
61,1,user20,user15,0.0,0.1867704280155642
61,1,user20,user12,0.0,0.17704280155642024
61,1,user20,user9,0.0,0.27431906614785995
61,1,user20,user21,0.0,0.06809338521400778
61,1,user20,user23,0.0,0.17704280155642024
61,1,user20,user7,0.0,0.23735408560311283
61,1,user20,user29,0.0,0.2178988326848249
61,1,user20,user16,0.0,0.21595330739299612
61,1,user20,user35,0.0,0.08365758754863813
61,1,user16,user15,0.0,0.08402777777777778
61,1,user16,user12,0.0,0.09166666666666666
61,1,user16,user9,0.0,0.10625
61,1,user16,user21,0.0,0.024305555555555556
61,1,user16,user23,0.0,0.0798611111111111
61,1,user16,user7,0.0,0.0875
61,1,user16,user29,0.0,0.08958333333333333
61,1,user16,user20,0.0,0.08611111111111111
61,1,user16,user35,0.0,0.029861111111111113
61,1,user35,user15,0.0,0.07656065959952886
61,1,user35,user12,0.0,0.03769140164899882
61,1,user35,user9,0.0,0.0624263839811543
61,1,user35,user21,0.0,0.015312131919905771
61,1,user35,user23,0.0,0.053003533568904596
61,1,user35,user7,0.0,0.04711425206124853
61,1,user35,user29,0.0,0.04711425206124853
61,1,user35,user20,0.0,0.05418138987043581
61,1,user35,user16,0.0,0.043580683156654886
61,2,user15,user12,0.0,0.158980236317781
61,2,user15,user9,0.0,0.1972299603219665
61,2,user15,user21,0.0,0.061410107346169376
61,2,user15,user23,0.0,0.1509942219521504
61,2,user15,user7,0.0,0.19083926546615182
61,2,user15,user29,0.0,0.1453150506763213
61,2,user15,user20,0.0,0.15001958143912222
61,2,user15,user16,0.0,0.17687440348621628
61,2,user15,user35,0.0,0.09740256503004241
61,2,user12,user15,0.0,0.14547156891087454
61,2,user12,user9,0.0,0.12355808641014415
61,2,user12,user21,0.0,0.05079124564924165
61,2,user12,user23,0.0,0.10944318728179112
61,2,user12,user7,0.0,0.1265782162638421
61,2,user12,user29,0.0,0.11038101102460503
61,2,user12,user20,0.0,0.10248580803522475
61,2,user12,user16,0.0,0.13450102485808035
61,2,user12,user35,0.0,0.06660925723286018
61,2,user9,user15,1.0,0.3592049003851169
61,2,user9,user12,0.0,0.2603551193022643
61,2,user9,user21,0.0,0.10608209451342543
61,2,user9,user23,0.5,0.2971080076790117
61,2,user9,user7,1.0,0.38233290801747605
61,2,user9,user29,0.0,0.27641876272740207
61,2,user9,user20,1.0,0.34620982922829663
61,2,user9,user16,1.0,0.30466339010172594
61,2,user9,user35,0.0,0.20274503675055575
61,2,user21,user15,0.0,0.07882822002973375
61,2,user21,user12,0.0,0.05875794026219759
61,2,user21,user9,0.0,0.06135401180339685
61,2,user21,user23,0.0,0.05032211560120737
61,2,user21,user7,0.0,0.05124003243681578
61,2,user21,user29,0.0,0.06618574582150741
61,2,user21,user20,0.0,0.052985763841960624
61,2,user21,user16,0.0,0.05954070369869802
61,2,user21,user35,0.0,0.0293339189980628
61,2,user23,user15,0.0,0.16432398753894079
61,2,user23,user12,0.0,0.1255841121495327
61,2,user23,user9,0.0,0.17384267912772586
61,2,user23,user21,0.0,0.04508566978193146
61,2,user23,user7,0.0,0.16621806853582555
61,2,user23,user29,0.0,0.12730529595015577
61,2,user23,user20,0.0,0.12192056074766355
61,2,user23,user16,0.0,0.15320872274143302
61,2,user23,user35,0.0,0.08583489096573207
61,2,user7,user15,0.0,0.2226421242761112
61,2,user7,user12,0.0,0.17365463754352645
61,2,user7,user9,0.5,0.26090814293428677
61,2,user7,user21,0.0,0.07675595404353575
61,2,user7,user23,0.0,0.19167783922685883
61,2,user7,user29,0.0,0.18334729903357355
61,2,user7,user20,0.0,0.2057478166955291
61,2,user7,user16,0.0,0.21006787330316742
61,2,user7,user35,0.0,0.1089967040947433
61,2,user29,user15,0.5,0.23364918508340013
61,2,user29,user12,0.0,0.18976869346158248
61,2,user29,user9,0.0,0.22965571205007823
61,2,user29,user21,0.0,0.10865395625787244
61,2,user29,user23,0.0,0.18843753578380856
61,2,user29,user7,0.0,0.2235581510744685
61,2,user29,user20,0.0,0.19922993244016948
61,2,user29,user16,0.0,0.20602885606320853
61,2,user29,user35,0.0,0.13961887858315203
61,2,user20,user15,1.0,0.333119122558478
61,2,user20,user12,0.0,0.2546618888582619
61,2,user20,user9,1.0,0.3736145744524003
61,2,user20,user21,0.0,0.16438246399015377
61,2,user20,user23,0.0,0.2590080705645549
61,2,user20,user7,1.0,0.35535163686946714
61,2,user20,user29,0.5,0.2849825960422823
61,2,user20,user16,0.5,0.30714459708075054
61,2,user20,user35,0.0,0.1991358918967429
61,2,user16,user15,0.0,0.1441239316239316
61,2,user16,user12,0.0,0.12190170940170941
61,2,user16,user9,0.0,0.14439102564102563
61,2,user16,user21,0.0,0.056143162393162395
61,2,user16,user23,0.0,0.12163461538461538
61,2,user16,user7,0.0,0.14463141025641024
61,2,user16,user29,0.0,0.11602564102564103
61,2,user16,user20,0.0,0.11666666666666667
61,2,user16,user35,0.0,0.06479700854700854
61,2,user35,user15,0.0,0.08524179389737094
61,2,user35,user12,0.0,0.07110196235304575
61,2,user35,user9,0.0,0.10135953508011646
61,2,user35,user21,0.0,0.024162721959241726
61,2,user35,user23,0.0,0.07267984532302153
61,2,user35,user7,0.0,0.09055325910616263
61,2,user35,user29,0.0,0.074838322554837
61,2,user35,user20,0.0,0.08583905593706247
61,2,user35,user16,0.0,0.08506122630397582
61,3,user15,user12,0.0,0.2081609757004713
61,3,user15,user9,0.0,0.22735211477475648
61,3,user15,user21,0.0,0.08953681772491014
61,3,user15,user23,0.0,0.19262886940186238
61,3,user15,user7,0.0,0.23259410642453396
61,3,user15,user29,0.0,0.22269577944755617
61,3,user15,user20,0.0,0.19073965184630196
61,3,user15,user16,0.0,0.21019809266892087
61,3,user15,user35,0.0,0.15384484745756574
61,3,user12,user15,0.0,0.18990785175197397
61,3,user12,user9,0.0,0.17180697138300327
61,3,user12,user21,0.0,0.086693551882314
61,3,user12,user23,0.0,0.15065399588121745
61,3,user12,user7,0.0,0.18479775330284767
61,3,user12,user29,0.0,0.1880959664061986
61,3,user12,user20,0.0,0.15579393462418956
61,3,user12,user16,0.0,0.16954596321532142
61,3,user12,user35,0.0,0.11725576483108902
61,3,user9,user15,1.0,0.4198530127822154
61,3,user9,user12,1.0,0.33492287160633355
61,3,user9,user21,0.0,0.1468240327153956
61,3,user9,user23,1.0,0.3614904939743783
61,3,user9,user7,1.0,0.45935441570796676
61,3,user9,user29,1.0,0.4142852011530022
61,3,user9,user20,1.0,0.40838549587669787
61,3,user9,user16,1.0,0.3522870825153277
61,3,user9,user35,0.6666666666666666,0.3017210650772639
61,3,user21,user15,0.0,0.09288962463921975
61,3,user21,user12,0.0,0.07839565279473559
61,3,user21,user9,0.0,0.07653746324111765
61,3,user21,user23,0.0,0.06949133028699439
61,3,user21,user7,0.0,0.07431494067800852
61,3,user21,user29,0.0,0.0842937666454816
61,3,user21,user20,0.0,0.06708546403557869
61,3,user21,user16,0.0,0.06664604580436083
61,3,user21,user35,0.0,0.05484640321001625
61,3,user23,user15,0.0,0.2095526876566973
61,3,user23,user12,0.0,0.1713399812929508
61,3,user23,user9,0.0,0.21127302500199696
61,3,user23,user21,0.0,0.06134103259819268
61,3,user23,user7,0.0,0.2106695938302812
61,3,user23,user29,0.0,0.19296046267737554
61,3,user23,user20,0.0,0.16418011847797798
61,3,user23,user16,0.0,0.177894825671431
61,3,user23,user35,0.0,0.14848738304873366
61,3,user7,user15,0.6666666666666666,0.2793069707388692
61,3,user7,user12,0.3333333333333333,0.2547469896692344
61,3,user7,user9,0.6666666666666666,0.3119157938142237
61,3,user7,user21,0.0,0.11540729684370282
61,3,user7,user23,0.0,0.2606337073694898
61,3,user7,user29,0.6666666666666666,0.28769942553655276
61,3,user7,user20,0.3333333333333333,0.2644936725058429
61,3,user7,user16,0.3333333333333333,0.2616532799276395
61,3,user7,user35,0.0,0.18562027140270698
61,3,user29,user15,0.6666666666666666,0.28153423791459
61,3,user29,user12,0.3333333333333333,0.25109871820127805
61,3,user29,user9,0.6666666666666666,0.28649044928409206
61,3,user29,user21,0.0,0.13106014638910277
61,3,user29,user23,0.0,0.23109827790515394
61,3,user29,user7,0.6666666666666666,0.29252478453844005
61,3,user29,user20,0.3333333333333333,0.24932384129757942
61,3,user29,user16,0.0,0.24440034575723768
61,3,user29,user35,0.0,0.20327048217572774
61,3,user20,user15,1.0,0.36543149052203594
61,3,user20,user12,0.6666666666666666,0.31678434197894795
61,3,user20,user9,1.0,0.3985445351688084
61,3,user20,user21,0.0,0.18079767006149014
61,3,user20,user23,0.3333333333333333,0.30578984514586666
61,3,user20,user7,1.0,0.3795434354353535
61,3,user20,user29,1.0,0.3575153751324753
61,3,user20,user16,0.6666666666666666,0.3296134840460979
61,3,user20,user35,0.3333333333333333,0.26343621532960354
61,3,user16,user15,0.0,0.1543446726970057
61,3,user16,user12,0.0,0.14673750653337078
61,3,user16,user9,0.0,0.1561780196257927
61,3,user16,user21,0.0,0.06301942186088527
61,3,user16,user23,0.0,0.1342771599399383
61,3,user16,user7,0.0,0.15756566226476088
61,3,user16,user29,0.0,0.1550126815370718
61,3,user16,user20,0.0,0.14035757553785125
61,3,user16,user35,0.0,0.08894519672621475
61,3,user35,user15,0.0,0.13867185475277555
61,3,user35,user12,0.0,0.12659779380596572
61,3,user35,user9,0.0,0.15702095722165643
61,3,user35,user21,0.0,0.0559850317134943
61,3,user35,user23,0.0,0.13777865350153728
61,3,user35,user7,0.0,0.14673515075263996
61,3,user35,user29,0.0,0.1435942006152234
61,3,user35,user20,0.0,0.1345512741136292
61,3,user35,user16,0.0,0.12141829234516906
61,4,user15,user12,0.0,0.23558197850587836
61,4,user15,user9,0.25,0.25709555229181397
61,4,user15,user21,0.0,0.10457015009856069
61,4,user15,user23,0.0,0.2180432851226282
61,4,user15,user7,0.0,0.24141547393196444
61,4,user15,user29,0.0,0.23244343724489
61,4,user15,user20,0.0,0.21020436757672906
61,4,user15,user16,0.0,0.2410302804579068
61,4,user15,user35,0.0,0.19658167483010427
61,4,user12,user15,0.0,0.1989935605074582
61,4,user12,user9,0.0,0.19424348394601296
61,4,user12,user21,0.0,0.09791494740931389
61,4,user12,user23,0.0,0.160717035671259
61,4,user12,user7,0.0,0.19157654129246707
61,4,user12,user29,0.0,0.19218110562963076
61,4,user12,user20,0.0,0.17100541674036346
61,4,user12,user16,0.0,0.19189266982164258
61,4,user12,user35,0.0,0.15134903819310838
61,4,user9,user15,1.0,0.4464255346667611
61,4,user9,user12,1.0,0.38349983222657524
61,4,user9,user21,0.0,0.17578054112289004
61,4,user9,user23,1.0,0.4155541448582618
61,4,user9,user7,1.0,0.47665181816014457
61,4,user9,user29,1.0,0.43664518085957194
61,4,user9,user20,1.0,0.45400260668240866
61,4,user9,user16,1.0,0.40218485862098485
61,4,user9,user35,1.0,0.3626974576734827
61,4,user21,user15,0.0,0.0945300424649157
61,4,user21,user12,0.0,0.08775783414792121
61,4,user21,user9,0.0,0.08969736120450486
61,4,user21,user23,0.0,0.07415817665685376
61,4,user21,user7,0.0,0.07746551870271062
61,4,user21,user29,0.0,0.0871646435422232
61,4,user21,user20,0.0,0.07583246719232802
61,4,user21,user16,0.0,0.0799286133328354
61,4,user21,user35,0.0,0.06485749952930012
61,4,user23,user15,0.0,0.22697357713775593
61,4,user23,user12,0.0,0.19415372334116232
61,4,user23,user9,0.0,0.24214416815344758
61,4,user23,user21,0.0,0.07670215934031926
61,4,user23,user7,0.0,0.2252467085407237
61,4,user23,user29,0.0,0.20670465439850377
61,4,user23,user20,0.0,0.18441208536705045
61,4,user23,user16,0.0,0.19979007660972287
61,4,user23,user35,0.0,0.18220548390885077
61,4,user7,user15,0.5,0.26471493183199385
61,4,user7,user12,0.5,0.25471442974889574
61,4,user7,user9,0.5,0.30605451963267527
61,4,user7,user21,0.0,0.11997577329877283
61,4,user7,user23,0.5,0.25664289000223767
61,4,user7,user29,0.5,0.2682192163095615
61,4,user7,user20,0.5,0.25862190610996594
61,4,user7,user16,0.5,0.2618954639530527
61,4,user7,user35,0.0,0.21122064583557398
61,4,user29,user15,0.5,0.2707430134607139
61,4,user29,user12,0.5,0.2576194408603747
61,4,user29,user9,0.5,0.29296408849765726
61,4,user29,user21,0.0,0.1327125324157588
61,4,user29,user23,0.25,0.24381765268507316
61,4,user29,user7,0.5,0.28361832296093337
61,4,user29,user20,0.5,0.2537842754123787
61,4,user29,user16,0.25,0.2534259931804519
61,4,user29,user35,0.0,0.22345496757064698
61,4,user20,user15,1.0,0.38280437889969987
61,4,user20,user12,1.0,0.3711005939366398
61,4,user20,user9,1.0,0.4254678879397474
61,4,user20,user21,0.0,0.21331358987444252
61,4,user20,user23,0.75,0.33520310904175
61,4,user20,user7,1.0,0.3919029792561333
61,4,user20,user29,1.0,0.3743829037865208
61,4,user20,user16,1.0,0.3706128621720964
61,4,user20,user35,0.75,0.3236613949941846
61,4,user16,user15,0.0,0.16894665104931805
61,4,user16,user12,0.0,0.16821017986180375
61,4,user16,user9,0.0,0.17288718931273844
61,4,user16,user21,0.0,0.07705631304620819
61,4,user16,user23,0.0,0.1454341796489708
61,4,user16,user7,0.0,0.16943810960398376
61,4,user16,user29,0.0,0.16512461057059705
61,4,user16,user20,0.0,0.1571006538713587
61,4,user16,user35,0.0,0.1234398897553147
61,4,user35,user15,0.0,0.17272474789564116
61,4,user35,user12,0.0,0.16502617401278233
61,4,user35,user9,0.0,0.19486577830812568
61,4,user35,user21,0.0,0.07168457829405511
61,4,user35,user23,0.0,0.16815230962539787
61,4,user35,user7,0.0,0.1769983157671989
61,4,user35,user29,0.0,0.16715434397611698
61,4,user35,user20,0.0,0.15977154231448087
61,4,user35,user16,0.0,0.15885919134489526
61,5,user15,user12,0.0,0.2559554306002329
61,5,user15,user9,0.2,0.2767305023423454
61,5,user15,user21,0.0,0.1430346199284513
61,5,user15,user23,0.0,0.23397330438964864
61,5,user15,user7,0.2,0.2758662624767153
61,5,user15,user29,0.0,0.24547423092659768
61,5,user15,user20,0.0,0.22674588077647612
61,5,user15,user16,0.2,0.2716705638084432
61,5,user15,user35,0.0,0.22754691101526153
61,5,user12,user15,0.0,0.20728667743049417
61,5,user12,user9,0.0,0.19875381728526537
61,5,user12,user21,0.0,0.11776890041469149
61,5,user12,user23,0.0,0.16992714322129437
61,5,user12,user7,0.0,0.20927110382291714
61,5,user12,user29,0.0,0.19673807196605692
61,5,user12,user20,0.0,0.17554011918664464
61,5,user12,user16,0.0,0.20432149523771476
61,5,user12,user35,0.0,0.16488421168018264
61,5,user9,user15,1.0,0.47011106670923575
61,5,user9,user12,1.0,0.41474025263552405
61,5,user9,user21,0.0,0.24903697260709706
61,5,user9,user23,1.0,0.44978216036358143
61,5,user9,user7,1.0,0.5150360622429471
61,5,user9,user29,1.0,0.47129582916293283
61,5,user9,user20,1.0,0.4786207992996966
61,5,user9,user16,1.0,0.45626786715355017
61,5,user9,user35,1.0,0.40975012096303604
61,5,user21,user15,0.0,0.11918982367632285
61,5,user21,user12,0.0,0.1084690904422612
61,5,user21,user9,0.0,0.11610476282675505
61,5,user21,user23,0.0,0.09552616601656654
61,5,user21,user7,0.0,0.10147526098231423
61,5,user21,user29,0.0,0.10914335136589122
61,5,user21,user20,0.0,0.10223461720825815
61,5,user21,user16,0.0,0.108912976220677
61,5,user21,user35,0.0,0.0897299097012854
61,5,user23,user15,0.0,0.23204624969817184
61,5,user23,user12,0.0,0.21268824927047078
61,5,user23,user9,0.0,0.25823391624173636
61,5,user23,user21,0.0,0.11631882746802011
61,5,user23,user7,0.0,0.23500681845895413
61,5,user23,user29,0.0,0.21300384022015803
61,5,user23,user20,0.0,0.20055485010235566
61,5,user23,user16,0.0,0.2206305350979619
61,5,user23,user35,0.0,0.19588978387764125
61,5,user7,user15,0.4,0.2749967696082403
61,5,user7,user12,0.4,0.26641561309066464
61,5,user7,user9,0.4,0.31738644125624027
61,5,user7,user21,0.0,0.15303149469182503
61,5,user7,user23,0.4,0.2604412918230866
61,5,user7,user29,0.4,0.27400341407161743
61,5,user7,user20,0.4,0.26095498666828987
61,5,user7,user16,0.4,0.2864680283577827
61,5,user7,user35,0.4,0.2299571835096303
61,5,user29,user15,0.4,0.2794285162355677
61,5,user29,user12,0.4,0.27384417526980853
61,5,user29,user9,0.4,0.30741707267569973
61,5,user29,user21,0.0,0.17435216936771472
61,5,user29,user23,0.2,0.2582233000903838
61,5,user29,user7,0.4,0.2944683494320292
61,5,user29,user20,0.4,0.26101589698986255
61,5,user29,user16,0.4,0.2810980696910167
61,5,user29,user35,0.4,0.24333670553594225
61,5,user20,user15,1.0,0.38283456748672007
61,5,user20,user12,0.8,0.36993777422907365
61,5,user20,user9,1.0,0.4221052362407332
61,5,user20,user21,0.0,0.25397786541714235
61,5,user20,user23,0.8,0.33988647794615956
61,5,user20,user7,1.0,0.3941475690643781
61,5,user20,user29,1.0,0.37380864159876664
61,5,user20,user16,0.8,0.37645493466906216
61,5,user20,user35,0.8,0.33832510008189803
61,5,user16,user15,0.0,0.1805243034009337
61,5,user16,user12,0.0,0.17901904141779373
61,5,user16,user9,0.0,0.18696802203494142
61,5,user16,user21,0.0,0.10245712654187038
61,5,user16,user23,0.0,0.15718287634403078
61,5,user16,user7,0.0,0.19400370022691027
61,5,user16,user29,0.0,0.17891710422386592
61,5,user16,user20,0.0,0.16504735322605252
61,5,user16,user35,0.0,0.14518493431043686
61,5,user35,user15,0.0,0.18581189301085743
61,5,user35,user12,0.0,0.1751976004361788
61,5,user35,user9,0.0,0.21127656310492862
61,5,user35,user21,0.0,0.10291648385410528
61,5,user35,user23,0.0,0.1720230769175621
61,5,user35,user7,0.0,0.19475966959962257
61,5,user35,user29,0.0,0.17610135750208739
61,5,user35,user20,0.0,0.17009675235645158
61,5,user35,user16,0.0,0.18218229717000928
